
 RUN  v4.1.11 C:/Users/chris/.codex/worktrees/native-openrouter-presets/InfiniteQuest

[2026-09-21 14:42:19.626 -0400] [32mINFO[39m:
    [35mevent[39m: "database_migration"
    [35mmessage[39m: "> Migrating files:"
[2026-09-21 14:42:19.626 -0400] [32mINFO[39m:
    [35mevent[39m: "database_migration"
    [35mmessage[39m: "> - 0001_initial_nexus"
[2026-09-21 14:42:19.626 -0400] [32mINFO[39m:
    [35mevent[39m: "database_migration"
    [35mmessage[39m: "> - 0002_owner_scope_constraints"
[2026-09-21 14:42:19.626 -0400] [32mINFO[39m:
    [35mevent[39m: "database_migration"
    [35mmessage[39m: "> - 0003_asset_references"
[2026-09-21 14:42:19.626 -0400] [32mINFO[39m:
    [35mevent[39m: "database_migration"
    [35mmessage[39m: "> - 0004_chronicle_job_deduplication"
[2026-09-21 14:42:19.626 -0400] [32mINFO[39m:
    [35mevent[39m: "database_migration"
    [35mmessage[39m: "> - 0005_story_engine"
[2026-09-21 14:42:19.626 -0400] [32mINFO[39m:
    [35mevent[39m: "database_migration"
    [35mmessage[39m: "> - 0006_typed_story_orchestration"
[2026-09-21 14:42:19.626 -0400] [32mINFO[39m:
    [35mevent[39m: "database_migration"
    [35mmessage[39m: "> - 0007_semantic_chronicle"
[2026-09-21 14:42:19.626 -0400] [32mINFO[39m:
    [35mevent[39m: "database_migration"
    [35mmessage[39m: "> - 0008_world_library"
[2026-09-21 14:42:19.626 -0400] [32mINFO[39m:
    [35mevent[39m: "database_migration"
    [35mmessage[39m: "> - 0009_illustration_pipeline"
[2026-09-21 14:42:19.626 -0400] [32mINFO[39m:
    [35mevent[39m: "database_migration"
    [35mmessage[39m: "> - 0010_provider_profile_defaults"
[2026-09-21 14:42:19.626 -0400] [32mINFO[39m:
    [35mevent[39m: "database_migration"
    [35mmessage[39m: "> - 0011_embedding_model_default"
[2026-09-21 14:42:19.626 -0400] [32mINFO[39m:
    [35mevent[39m: "database_migration"
    [35mmessage[39m: "> - 0012_dynamic_chronicle"
[2026-09-21 14:42:19.626 -0400] [32mINFO[39m:
    [35mevent[39m: "database_migration"
    [35mmessage[39m: "> - 0013_campaign_story_length"
[2026-09-21 14:42:19.626 -0400] [32mINFO[39m:
    [35mevent[39m: "database_migration"
    [35mmessage[39m: "> - 0014_generation_progress"
[2026-09-21 14:42:19.626 -0400] [32mINFO[39m:
    [35mevent[39m: "database_migration"
    [35mmessage[39m: "> - 0015_campaign_cost_events"
[2026-09-21 14:42:19.626 -0400] [32mINFO[39m:
    [35mevent[39m: "database_migration"
    [35mmessage[39m: "> - 0016_provider_request_timeout"
[2026-09-21 14:42:19.626 -0400] [32mINFO[39m:
    [35mevent[39m: "database_migration"
    [35mmessage[39m: "> - 0017_campaign_characters"
[2026-09-21 14:42:19.626 -0400] [32mINFO[39m:
    [35mevent[39m: "database_migration"
    [35mmessage[39m: "> - 0018_initial_state_snapshot"
[2026-09-21 14:42:19.626 -0400] [32mINFO[39m:
    [35mevent[39m: "database_migration"
    [35mmessage[39m: "> - 0019_multi_tenant_hardening"
[2026-09-21 14:42:19.626 -0400] [32mINFO[39m:
    [35mevent[39m: "database_migration"
    [35mmessage[39m: "> - 0020_user_settings"
[2026-09-21 14:42:19.626 -0400] [32mINFO[39m:
    [35mevent[39m: "database_migration"
    [35mmessage[39m: "> - 0021_world_version_deletion"
[2026-09-21 14:42:19.626 -0400] [32mINFO[39m:
    [35mevent[39m: "database_migration"
    [35mmessage[39m: "> - 0022_campaign_state_revisions"
[2026-09-21 14:42:19.626 -0400] [32mINFO[39m:
    [35mevent[39m: "database_migration"
    [35mmessage[39m: "> - 0023_durable_generation_replacement"
[2026-09-21 14:42:19.626 -0400] [32mINFO[39m:
    [35mevent[39m: "database_migration"
    [35mmessage[39m: "> - 0024_structured_canonical_facts"
[2026-09-21 14:42:19.626 -0400] [32mINFO[39m:
    [35mevent[39m: "database_migration"
    [35mmessage[39m: "> - 0025_asset_reference_lifecycle"
[2026-09-21 14:42:19.626 -0400] [32mINFO[39m:
    [35mevent[39m: "database_migration"
    [35mmessage[39m: "> - 0026_campaign_world_transfers"
[2026-09-21 14:42:19.626 -0400] [32mINFO[39m:
    [35mevent[39m: "database_migration"
    [35mmessage[39m: "> - 0027_turn_intent_provider_role"
[2026-09-21 14:42:19.626 -0400] [32mINFO[39m:
    [35mevent[39m: "database_migration"
    [35mmessage[39m: "> - 0028_turn_input_modes"
[2026-09-21 14:42:19.626 -0400] [32mINFO[39m:
    [35mevent[39m: "database_migration"
    [35mmessage[39m: "> - 0029_durable_image_provider_jobs"
[2026-09-21 14:42:19.626 -0400] [32mINFO[39m:
    [35mevent[39m: "database_migration"
    [35mmessage[39m: "> - 0030_world_cover_image_jobs"
[2026-09-21 14:42:19.626 -0400] [32mINFO[39m:
    [35mevent[39m: "database_migration"
    [35mmessage[39m: "> - 0031_context_aware_image_library"
[2026-09-21 14:42:19.626 -0400] [32mINFO[39m:
    [35mevent[39m: "database_migration"
    [35mmessage[39m: "> - 0032_sogni_sdk_provider"
[2026-09-21 14:42:19.626 -0400] [32mINFO[39m:
    [35mevent[39m: "database_migration"
    [35mmessage[39m: "> - 0033_segmented_turn_illustrations"
[2026-09-21 14:42:19.626 -0400] [32mINFO[39m:
    [35mevent[39m: "database_migration"
    [35mmessage[39m: "> - 0034_campaign_illustration_refinement_instructions"
[2026-09-21 14:42:19.626 -0400] [32mINFO[39m:
    [35mevent[39m: "database_migration"
    [35mmessage[39m: "> - 0035_campaign_illustration_refinement_prompt"
[2026-09-21 14:42:19.626 -0400] [32mINFO[39m:
    [35mevent[39m: "database_migration"
    [35mmessage[39m: "> - 0036_structured_character_profiles"
[2026-09-21 14:42:19.627 -0400] [32mINFO[39m:
    [35mevent[39m: "database_migration"
    [35mmessage[39m: "> - 0037_prompt_library"
[2026-09-21 14:42:19.627 -0400] [32mINFO[39m:
    [35mevent[39m: "database_migration"
    [35mmessage[39m: "> - 0038_prompt_library_hardening"
[2026-09-21 14:42:19.627 -0400] [32mINFO[39m:
    [35mevent[39m: "database_migration"
    [35mmessage[39m: "> - 0039_chronicle_entity_identity"
[2026-09-21 14:42:19.627 -0400] [32mINFO[39m:
    [35mevent[39m: "database_migration"
    [35mmessage[39m: "> - 0040_streaming_illustration_pipeline"
[2026-09-21 14:42:19.627 -0400] [32mINFO[39m:
    [35mevent[39m: "database_migration"
    [35mmessage[39m: "> - 0041_allow_streaming_asset_contexts"
[2026-09-21 14:42:19.627 -0400] [32mINFO[39m:
    [35mevent[39m: "database_migration"
    [35mmessage[39m: "> - 0042_json_illustration_refinement_prompt"
[2026-09-21 14:42:19.627 -0400] [32mINFO[39m:
    [35mevent[39m: "database_migration"
    [35mmessage[39m: "> - 0043_world_generation_progress"
[2026-09-21 14:42:19.627 -0400] [32mINFO[39m:
    [35mevent[39m: "database_migration"
    [35mmessage[39m: "> - 0044_api_admission_control"
[2026-09-21 14:42:19.627 -0400] [32mINFO[39m:
    [35mevent[39m: "database_migration"
    [35mmessage[39m: "> - 0045_archive_previews"
[2026-09-21 14:42:19.627 -0400] [32mINFO[39m:
    [35mevent[39m: "database_migration"
    [35mmessage[39m: "> - 0046_archive_preview_superseded"
[2026-09-21 14:42:19.627 -0400] [32mINFO[39m:
    [35mevent[39m: "database_migration"
    [35mmessage[39m: "> - 0047_full_campaign_state_corrections"
[2026-09-21 14:42:19.627 -0400] [32mINFO[39m:
    [35mevent[39m: "database_migration"
    [35mmessage[39m: "> - 0048_cascade_streaming_image_jobs"
[2026-09-21 14:42:19.627 -0400] [32mINFO[39m:
    [35mevent[39m: "database_migration"
    [35mmessage[39m: "> - 0049_cancelled_generation_jobs"
[2026-09-21 14:42:19.627 -0400] [32mINFO[39m:
    [35mevent[39m: "database_migration"
    [35mmessage[39m: "> - 0050_cancel_provisional_illustration_children"
[2026-09-21 14:42:19.627 -0400] [32mINFO[39m:
    [35mevent[39m: "database_migration"
    [35mmessage[39m: "> - 0051_preserve_replacement_turn_provenance"
[2026-09-21 14:42:19.627 -0400] [32mINFO[39m:
    [35mevent[39m: "database_migration"
    [35mmessage[39m: "> - 0052_generation_job_notifications"
[2026-09-21 14:42:19.627 -0400] [32mINFO[39m:
    [35mevent[39m: "database_migration"
    [35mmessage[39m: "> - 0053_durable_asset_portable_operations"
[2026-09-21 14:42:19.627 -0400] [32mINFO[39m:
    [35mevent[39m: "database_migration"
    [35mmessage[39m: "> - 0054_private_filesystem_authority"
[2026-09-21 14:42:19.627 -0400] [32mINFO[39m:
    [35mevent[39m: "database_migration"
    [35mmessage[39m: "> - 0055_private_portable_repository_guards"
[2026-09-21 14:42:19.627 -0400] [32mINFO[39m:
    [35mevent[39m: "database_migration"
    [35mmessage[39m: "> - 0056_private_filesystem_current_clock"
[2026-09-21 14:42:19.627 -0400] [32mINFO[39m:
    [35mevent[39m: "database_migration"
    [35mmessage[39m: "> - 0057_finalized_asset_delivery_authority"
[2026-09-21 14:42:19.627 -0400] [32mINFO[39m:
    [35mevent[39m: "database_migration"
    [35mmessage[39m: "> - 0058_secure_storage_lifecycle"
[2026-09-21 14:42:19.627 -0400] [32mINFO[39m:
    [35mevent[39m: "database_migration"
    [35mmessage[39m: "> - 0059_secure_storage_target_intent"
[2026-09-21 14:42:19.627 -0400] [32mINFO[39m:
    [35mevent[39m: "database_migration"
    [35mmessage[39m: "> - 0060_asset_publication_identities"
[2026-09-21 14:42:19.627 -0400] [32mINFO[39m:
    [35mevent[39m: "database_migration"
    [35mmessage[39m: "> - 0061_portable_import_composition"
[2026-09-21 14:42:19.627 -0400] [32mINFO[39m:
    [35mevent[39m: "database_migration"
    [35mmessage[39m: "> - 0062_portable_import_asset_publications"
[2026-09-21 14:42:19.627 -0400] [32mINFO[39m:
    [35mevent[39m: "database_migration"
    [35mmessage[39m: "> - 0063_portable_legacy_story_asset_publications"
[2026-09-21 14:42:19.627 -0400] [32mINFO[39m:
    [35mevent[39m: "database_migration"
    [35mmessage[39m: "> - 0064_normalized_asset_publication_requests"
[2026-09-21 14:42:19.627 -0400] [32mINFO[39m:
    [35mevent[39m: "database_migration"
    [35mmessage[39m: "> - 0065_illustration_asset_publications"
[2026-09-21 14:42:19.627 -0400] [32mINFO[39m:
    [35mevent[39m: "database_migration"
    [35mmessage[39m: "> - 0066_portable_normalized_asset_publications"
[2026-09-21 14:42:19.627 -0400] [32mINFO[39m:
    [35mevent[39m: "database_migration"
    [35mmessage[39m: "> - 0067_asset_metadata_backfill_executor"
[2026-09-21 14:42:19.627 -0400] [32mINFO[39m:
    [35mevent[39m: "database_migration"
    [35mmessage[39m: "> - 0068_portable_legacy_story_create_world"
[2026-09-21 14:42:19.627 -0400] [32mINFO[39m:
    [35mevent[39m: "database_migration"
    [35mmessage[39m: "> - 0069_import_progress_status"
[2026-09-21 14:42:19.627 -0400] [32mINFO[39m:
    [35mevent[39m: "database_migration"
    [35mmessage[39m: "> - 0070_turn_narration_corrections"
[2026-09-21 14:42:19.627 -0400] [32mINFO[39m:
    [35mevent[39m: "database_migration"
    [35mmessage[39m: "> - 0071_world_share_links"
[2026-09-21 14:42:19.627 -0400] [32mINFO[39m:
    [35mevent[39m: "database_migration"
    [35mmessage[39m: "> - 0072_chronicle_memory_chunks"
[2026-09-21 14:42:19.627 -0400] [32mINFO[39m:
    [35mevent[39m: "database_migration"
    [35mmessage[39m: "> - 0073_chronicle_chunk_job_fencing"
[2026-09-21 14:42:19.627 -0400] [32mINFO[39m:
    [35mevent[39m: "database_migration"
    [35mmessage[39m: "> - 0074_chronicle_retrieval_observability"
[2026-09-21 14:42:19.627 -0400] [32mINFO[39m:
    [35mevent[39m: "database_migration"
    [35mmessage[39m: "> - 0075_chronicle_query_embedding_cache"
[2026-09-21 14:42:19.627 -0400] [32mINFO[39m:
    [35mevent[39m: "database_migration"
    [35mmessage[39m: "> - 0076_chronicle_chunk_skip_reasons"
[2026-09-21 14:42:19.627 -0400] [32mINFO[39m:
    [35mevent[39m: "database_migration"
    [35mmessage[39m: "> - 0077_chronicle_chunk_processed_signature"
[2026-09-21 14:42:19.627 -0400] [32mINFO[39m:
    [35mevent[39m: "database_migration"
    [35mmessage[39m: "> - 0078_system_archive_jobs"
[2026-09-21 14:42:19.627 -0400] [32mINFO[39m:
    [35mevent[39m: "database_migration"
    [35mmessage[39m: "> - 0079_resumable_system_archive_uploads"
[2026-09-21 14:42:19.627 -0400] [32mINFO[39m:
    [35mevent[39m: "database_migration"
    [35mmessage[39m: "> - 0080_published_asset_derivative_reservations"
[2026-09-21 14:42:19.627 -0400] [32mINFO[39m:
    [35mevent[39m: "database_migration"
    [35mmessage[39m: "> - 0081_campaign_story_context_budget"
[2026-09-21 14:42:19.627 -0400] [32mINFO[39m:
    [35mevent[39m: "database_migration"
    [35mmessage[39m: "> - 0082_turn_zero_state_correction_facts"
[2026-09-21 14:42:19.627 -0400] [32mINFO[39m:
    [35mevent[39m: "database_migration"
    [35mmessage[39m: "> - 0083_cleaned_campaign_export_deletion"
[2026-09-21 14:42:19.627 -0400] [32mINFO[39m:
    [35mevent[39m: "database_migration"
    [35mmessage[39m: "> - 0084_generation_authority_identity"
[2026-09-21 14:42:19.627 -0400] [32mINFO[39m:
    [35mevent[39m: "database_migration"
    [35mmessage[39m: "> - 0085_prompt_override_compatibility_acknowledgements"
[2026-09-21 14:42:19.627 -0400] [32mINFO[39m:
    [35mevent[39m: "database_migration"
    [35mmessage[39m: "> - 0086_prompt_override_protocol_acknowledgements"
[2026-09-21 14:42:19.627 -0400] [32mINFO[39m:
    [35mevent[39m: "database_migration"
    [35mmessage[39m: "> - 0087_chronicle_query_cache_access_sequence"
[2026-09-21 14:42:19.627 -0400] [32mINFO[39m:
    [35mevent[39m: "database_migration"
    [35mmessage[39m: "> - 0088_expand_campaign_story_context_budget"
[2026-09-21 14:42:19.627 -0400] [32mINFO[39m:
    [35mevent[39m: "database_migration"
    [35mmessage[39m: "> - 0089_authoring_jobs"
[2026-09-21 14:42:19.627 -0400] [32mINFO[39m:
    [35mevent[39m: "database_migration"
    [35mmessage[39m: "> - 0090_authoring_apply_review_selection"
[2026-09-21 14:42:19.627 -0400] [32mINFO[39m:
    [35mevent[39m: "database_migration"
    [35mmessage[39m: "> - 0091_story_source_authoring"
[2026-09-21 14:42:19.627 -0400] [32mINFO[39m:
    [35mevent[39m: "database_migration"
    [35mmessage[39m: "> - 0092_source_synthesis_review_fence"
[2026-09-21 14:42:19.627 -0400] [32mINFO[39m:
    [35mevent[39m: "database_migration"
    [35mmessage[39m: "> - 0093_portable_source_material_authority_paths"
[2026-09-21 14:42:19.627 -0400] [32mINFO[39m:
    [35mevent[39m: "database_migration"
    [35mmessage[39m: "> - 0094_story_generation_policy"
[2026-09-21 14:42:19.627 -0400] [32mINFO[39m:
    [35mevent[39m: "database_migration"
    [35mmessage[39m: "> - 0095_story_memory_capability_enrollment"
[2026-09-21 14:42:19.627 -0400] [32mINFO[39m:
    [35mevent[39m: "database_migration"
    [35mmessage[39m: "> - 0096_campaign_memory_defaults"
[2026-09-21 14:42:19.627 -0400] [32mINFO[39m:
    [35mevent[39m: "database_migration"
    [35mmessage[39m: "> - 0097_provider_text_selection"
[2026-09-21 14:42:19.627 -0400] [32mINFO[39m:
    [35mevent[39m: "database_migration"
    [35mmessage[39m: "> - 0098_illustration_text_execution_snapshot"
[2026-09-21 14:42:19.627 -0400] [32mINFO[39m:
    [35mevent[39m: "database_migration"
    [35mmessage[39m: "> - 0099_worker_text_plan_protocol_fences"
[2026-09-21 14:42:19.627 -0400] [32mINFO[39m:
    [35mevent[39m: "database_migration"
    [35mmessage[39m: "> - 0100_prepared_text_physical_attempts"
[2026-09-21 14:42:19.627 -0400] [32mINFO[39m:
    [35mevent[39m: "database_migration"
    [35mmessage[39m: "> - 0101_durable_campaign_physical_attempt_costs"
[2026-09-21 14:42:19.627 -0400] [32mINFO[39m:
    [35mevent[39m: "database_migration"
    [35mmessage[39m: "### MIGRATION 0001_initial_nexus (UP) ###"
[2026-09-21 14:42:19.650 -0400] [32mINFO[39m:
    [35mevent[39m: "database_migration"
    [35mmessage[39m: "### MIGRATION 0002_owner_scope_constraints (UP) ###"
[2026-09-21 14:42:19.656 -0400] [32mINFO[39m:
    [35mevent[39m: "database_migration"
    [35mmessage[39m: "### MIGRATION 0003_asset_references (UP) ###"
[2026-09-21 14:42:19.658 -0400] [32mINFO[39m:
    [35mevent[39m: "database_migration"
    [35mmessage[39m: "### MIGRATION 0004_chronicle_job_deduplication (UP) ###"
[2026-09-21 14:42:19.660 -0400] [32mINFO[39m:
    [35mevent[39m: "database_migration"
    [35mmessage[39m: "### MIGRATION 0005_story_engine (UP) ###"
[2026-09-21 14:42:19.670 -0400] [32mINFO[39m:
    [35mevent[39m: "database_migration"
    [35mmessage[39m: "### MIGRATION 0006_typed_story_orchestration (UP) ###"
[2026-09-21 14:42:19.672 -0400] [32mINFO[39m:
    [35mevent[39m: "database_migration"
    [35mmessage[39m: "### MIGRATION 0007_semantic_chronicle (UP) ###"
[2026-09-21 14:42:19.676 -0400] [32mINFO[39m:
    [35mevent[39m: "database_migration"
    [35mmessage[39m: "### MIGRATION 0008_world_library (UP) ###"
[2026-09-21 14:42:19.683 -0400] [32mINFO[39m:
    [35mevent[39m: "database_migration"
    [35mmessage[39m: "### MIGRATION 0009_illustration_pipeline (UP) ###"
[2026-09-21 14:42:19.688 -0400] [32mINFO[39m:
    [35mevent[39m: "database_migration"
    [35mmessage[39m: "### MIGRATION 0010_provider_profile_defaults (UP) ###"
[2026-09-21 14:42:19.690 -0400] [32mINFO[39m:
    [35mevent[39m: "database_migration"
    [35mmessage[39m: "### MIGRATION 0011_embedding_model_default (UP) ###"
[2026-09-21 14:42:19.692 -0400] [32mINFO[39m:
    [35mevent[39m: "database_migration"
    [35mmessage[39m: "### MIGRATION 0012_dynamic_chronicle (UP) ###"
[2026-09-21 14:42:19.694 -0400] [32mINFO[39m:
    [35mevent[39m: "database_migration"
    [35mmessage[39m: "### MIGRATION 0013_campaign_story_length (UP) ###"
[2026-09-21 14:42:19.696 -0400] [32mINFO[39m:
    [35mevent[39m: "database_migration"
    [35mmessage[39m: "### MIGRATION 0014_generation_progress (UP) ###"
[2026-09-21 14:42:19.698 -0400] [32mINFO[39m:
    [35mevent[39m: "database_migration"
    [35mmessage[39m: "### MIGRATION 0015_campaign_cost_events (UP) ###"
[2026-09-21 14:42:19.702 -0400] [32mINFO[39m:
    [35mevent[39m: "database_migration"
    [35mmessage[39m: "### MIGRATION 0016_provider_request_timeout (UP) ###"
[2026-09-21 14:42:19.704 -0400] [32mINFO[39m:
    [35mevent[39m: "database_migration"
    [35mmessage[39m: "### MIGRATION 0017_campaign_characters (UP) ###"
[2026-09-21 14:42:19.706 -0400] [32mINFO[39m:
    [35mevent[39m: "database_migration"
    [35mmessage[39m: "### MIGRATION 0018_initial_state_snapshot (UP) ###"
[2026-09-21 14:42:19.707 -0400] [32mINFO[39m:
    [35mevent[39m: "database_migration"
    [35mmessage[39m: "### MIGRATION 0019_multi_tenant_hardening (UP) ###"
[2026-09-21 14:42:19.713 -0400] [32mINFO[39m:
    [35mevent[39m: "database_migration"
    [35mmessage[39m: "### MIGRATION 0020_user_settings (UP) ###"
[2026-09-21 14:42:19.714 -0400] [32mINFO[39m:
    [35mevent[39m: "database_migration"
    [35mmessage[39m: "### MIGRATION 0021_world_version_deletion (UP) ###"
[2026-09-21 14:42:19.719 -0400] [32mINFO[39m:
    [35mevent[39m: "database_migration"
    [35mmessage[39m: "### MIGRATION 0022_campaign_state_revisions (UP) ###"
[2026-09-21 14:42:19.722 -0400] [32mINFO[39m:
    [35mevent[39m: "database_migration"
    [35mmessage[39m: "### MIGRATION 0023_durable_generation_replacement (UP) ###"
[2026-09-21 14:42:19.725 -0400] [32mINFO[39m:
    [35mevent[39m: "database_migration"
    [35mmessage[39m: "### MIGRATION 0024_structured_canonical_facts (UP) ###"
[2026-09-21 14:42:19.729 -0400] [32mINFO[39m:
    [35mevent[39m: "database_migration"
    [35mmessage[39m: "### MIGRATION 0025_asset_reference_lifecycle (UP) ###"
[2026-09-21 14:42:19.731 -0400] [32mINFO[39m:
    [35mevent[39m: "database_migration"
    [35mmessage[39m: "### MIGRATION 0026_campaign_world_transfers (UP) ###"
[2026-09-21 14:42:19.734 -0400] [32mINFO[39m:
    [35mevent[39m: "database_migration"
    [35mmessage[39m: "### MIGRATION 0027_turn_intent_provider_role (UP) ###"
[2026-09-21 14:42:19.736 -0400] [32mINFO[39m:
    [35mevent[39m: "database_migration"
    [35mmessage[39m: "### MIGRATION 0028_turn_input_modes (UP) ###"
[2026-09-21 14:42:19.740 -0400] [32mINFO[39m:
    [35mevent[39m: "database_migration"
    [35mmessage[39m: "### MIGRATION 0029_durable_image_provider_jobs (UP) ###"
[2026-09-21 14:42:19.744 -0400] [32mINFO[39m:
    [35mevent[39m: "database_migration"
    [35mmessage[39m: "### MIGRATION 0030_world_cover_image_jobs (UP) ###"
[2026-09-21 14:42:19.748 -0400] [32mINFO[39m:
    [35mevent[39m: "database_migration"
    [35mmessage[39m: "### MIGRATION 0031_context_aware_image_library (UP) ###"
[2026-09-21 14:42:19.760 -0400] [32mINFO[39m:
    [35mevent[39m: "database_migration"
    [35mmessage[39m: "### MIGRATION 0032_sogni_sdk_provider (UP) ###"
[2026-09-21 14:42:19.762 -0400] [32mINFO[39m:
    [35mevent[39m: "database_migration"
    [35mmessage[39m: "### MIGRATION 0033_segmented_turn_illustrations (UP) ###"
[2026-09-21 14:42:19.773 -0400] [32mINFO[39m:
    [35mevent[39m: "database_migration"
    [35mmessage[39m: "### MIGRATION 0034_campaign_illustration_refinement_instructions (UP) ###"
[2026-09-21 14:42:19.775 -0400] [32mINFO[39m:
    [35mevent[39m: "database_migration"
    [35mmessage[39m: "### MIGRATION 0035_campaign_illustration_refinement_prompt (UP) ###"
[2026-09-21 14:42:19.776 -0400] [32mINFO[39m:
    [35mevent[39m: "database_migration"
    [35mmessage[39m: "### MIGRATION 0036_structured_character_profiles (UP) ###"
[2026-09-21 14:42:19.780 -0400] [32mINFO[39m:
    [35mevent[39m: "database_migration"
    [35mmessage[39m: "### MIGRATION 0037_prompt_library (UP) ###"
[2026-09-21 14:42:19.783 -0400] [32mINFO[39m:
    [35mevent[39m: "database_migration"
    [35mmessage[39m: "### MIGRATION 0038_prompt_library_hardening (UP) ###"
[2026-09-21 14:42:19.785 -0400] [32mINFO[39m:
    [35mevent[39m: "database_migration"
    [35mmessage[39m: "### MIGRATION 0039_chronicle_entity_identity (UP) ###"
[2026-09-21 14:42:19.787 -0400] [32mINFO[39m:
    [35mevent[39m: "database_migration"
    [35mmessage[39m: "### MIGRATION 0040_streaming_illustration_pipeline (UP) ###"
[2026-09-21 14:42:19.791 -0400] [32mINFO[39m:
    [35mevent[39m: "database_migration"
    [35mmessage[39m: "### MIGRATION 0041_allow_streaming_asset_contexts (UP) ###"
[2026-09-21 14:42:19.792 -0400] [32mINFO[39m:
    [35mevent[39m: "database_migration"
    [35mmessage[39m: "### MIGRATION 0042_json_illustration_refinement_prompt (UP) ###"
[2026-09-21 14:42:19.794 -0400] [32mINFO[39m:
    [35mevent[39m: "database_migration"
    [35mmessage[39m: "### MIGRATION 0043_world_generation_progress (UP) ###"
[2026-09-21 14:42:19.796 -0400] [32mINFO[39m:
    [35mevent[39m: "database_migration"
    [35mmessage[39m: "### MIGRATION 0044_api_admission_control (UP) ###"
[2026-09-21 14:42:19.800 -0400] [32mINFO[39m:
    [35mevent[39m: "database_migration"
    [35mmessage[39m: "### MIGRATION 0045_archive_previews (UP) ###"
[2026-09-21 14:42:19.802 -0400] [32mINFO[39m:
    [35mevent[39m: "database_migration"
    [35mmessage[39m: "### MIGRATION 0046_archive_preview_superseded (UP) ###"
[2026-09-21 14:42:19.804 -0400] [32mINFO[39m:
    [35mevent[39m: "database_migration"
    [35mmessage[39m: "### MIGRATION 0047_full_campaign_state_corrections (UP) ###"
[2026-09-21 14:42:19.807 -0400] [32mINFO[39m:
    [35mevent[39m: "database_migration"
    [35mmessage[39m: "### MIGRATION 0048_cascade_streaming_image_jobs (UP) ###"
[2026-09-21 14:42:19.809 -0400] [32mINFO[39m:
    [35mevent[39m: "database_migration"
    [35mmessage[39m: "### MIGRATION 0049_cancelled_generation_jobs (UP) ###"
[2026-09-21 14:42:19.810 -0400] [32mINFO[39m:
    [35mevent[39m: "database_migration"
    [35mmessage[39m: "### MIGRATION 0050_cancel_provisional_illustration_children (UP) ###"
[2026-09-21 14:42:19.812 -0400] [32mINFO[39m:
    [35mevent[39m: "database_migration"
    [35mmessage[39m: "### MIGRATION 0051_preserve_replacement_turn_provenance (UP) ###"
[2026-09-21 14:42:19.813 -0400] [32mINFO[39m:
    [35mevent[39m: "database_migration"
    [35mmessage[39m: "### MIGRATION 0052_generation_job_notifications (UP) ###"
[2026-09-21 14:42:19.815 -0400] [32mINFO[39m:
    [35mevent[39m: "database_migration"
    [35mmessage[39m: "### MIGRATION 0053_durable_asset_portable_operations (UP) ###"
[2026-09-21 14:42:19.833 -0400] [32mINFO[39m:
    [35mevent[39m: "database_migration"
    [35mmessage[39m: "### MIGRATION 0054_private_filesystem_authority (UP) ###"
[2026-09-21 14:42:19.841 -0400] [32mINFO[39m:
    [35mevent[39m: "database_migration"
    [35mmessage[39m: "### MIGRATION 0055_private_portable_repository_guards (UP) ###"
[2026-09-21 14:42:19.843 -0400] [32mINFO[39m:
    [35mevent[39m: "database_migration"
    [35mmessage[39m: "### MIGRATION 0056_private_filesystem_current_clock (UP) ###"
[2026-09-21 14:42:19.845 -0400] [32mINFO[39m:
    [35mevent[39m: "database_migration"
    [35mmessage[39m: "### MIGRATION 0057_finalized_asset_delivery_authority (UP) ###"
[2026-09-21 14:42:19.850 -0400] [32mINFO[39m:
    [35mevent[39m: "database_migration"
    [35mmessage[39m: "### MIGRATION 0058_secure_storage_lifecycle (UP) ###"
[2026-09-21 14:42:19.853 -0400] [32mINFO[39m:
    [35mevent[39m: "database_migration"
    [35mmessage[39m: "### MIGRATION 0059_secure_storage_target_intent (UP) ###"
[2026-09-21 14:42:19.856 -0400] [32mINFO[39m:
    [35mevent[39m: "database_migration"
    [35mmessage[39m: "### MIGRATION 0060_asset_publication_identities (UP) ###"
[2026-09-21 14:42:19.859 -0400] [32mINFO[39m:
    [35mevent[39m: "database_migration"
    [35mmessage[39m: "### MIGRATION 0061_portable_import_composition (UP) ###"
[2026-09-21 14:42:19.863 -0400] [32mINFO[39m:
    [35mevent[39m: "database_migration"
    [35mmessage[39m: "### MIGRATION 0062_portable_import_asset_publications (UP) ###"
[2026-09-21 14:42:19.867 -0400] [32mINFO[39m:
    [35mevent[39m: "database_migration"
    [35mmessage[39m: "### MIGRATION 0063_portable_legacy_story_asset_publications (UP) ###"
[2026-09-21 14:42:19.869 -0400] [32mINFO[39m:
    [35mevent[39m: "database_migration"
    [35mmessage[39m: "### MIGRATION 0064_normalized_asset_publication_requests (UP) ###"
[2026-09-21 14:42:19.882 -0400] [32mINFO[39m:
    [35mevent[39m: "database_migration"
    [35mmessage[39m: "### MIGRATION 0065_illustration_asset_publications (UP) ###"
[2026-09-21 14:42:19.886 -0400] [32mINFO[39m:
    [35mevent[39m: "database_migration"
    [35mmessage[39m: "### MIGRATION 0066_portable_normalized_asset_publications (UP) ###"
[2026-09-21 14:42:19.894 -0400] [32mINFO[39m:
    [35mevent[39m: "database_migration"
    [35mmessage[39m: "### MIGRATION 0067_asset_metadata_backfill_executor (UP) ###"
[2026-09-21 14:42:19.896 -0400] [32mINFO[39m:
    [35mevent[39m: "database_migration"
    [35mmessage[39m: "### MIGRATION 0068_portable_legacy_story_create_world (UP) ###"
[2026-09-21 14:42:19.898 -0400] [32mINFO[39m:
    [35mevent[39m: "database_migration"
    [35mmessage[39m: "### MIGRATION 0069_import_progress_status (UP) ###"
[2026-09-21 14:42:19.900 -0400] [32mINFO[39m:
    [35mevent[39m: "database_migration"
    [35mmessage[39m: "### MIGRATION 0070_turn_narration_corrections (UP) ###"
[2026-09-21 14:42:19.903 -0400] [32mINFO[39m:
    [35mevent[39m: "database_migration"
    [35mmessage[39m: "### MIGRATION 0071_world_share_links (UP) ###"
[2026-09-21 14:42:19.906 -0400] [32mINFO[39m:
    [35mevent[39m: "database_migration"
    [35mmessage[39m: "### MIGRATION 0072_chronicle_memory_chunks (UP) ###"
[2026-09-21 14:42:19.917 -0400] [32mINFO[39m:
    [35mevent[39m: "database_migration"
    [35mmessage[39m: "### MIGRATION 0073_chronicle_chunk_job_fencing (UP) ###"
[2026-09-21 14:42:19.919 -0400] [32mINFO[39m:
    [35mevent[39m: "database_migration"
    [35mmessage[39m: "### MIGRATION 0074_chronicle_retrieval_observability (UP) ###"
[2026-09-21 14:42:19.926 -0400] [32mINFO[39m:
    [35mevent[39m: "database_migration"
    [35mmessage[39m: "### MIGRATION 0075_chronicle_query_embedding_cache (UP) ###"
[2026-09-21 14:42:19.929 -0400] [32mINFO[39m:
    [35mevent[39m: "database_migration"
    [35mmessage[39m: "### MIGRATION 0076_chronicle_chunk_skip_reasons (UP) ###"
[2026-09-21 14:42:19.930 -0400] [32mINFO[39m:
    [35mevent[39m: "database_migration"
    [35mmessage[39m: "### MIGRATION 0077_chronicle_chunk_processed_signature (UP) ###"
[2026-09-21 14:42:19.932 -0400] [32mINFO[39m:
    [35mevent[39m: "database_migration"
    [35mmessage[39m: "### MIGRATION 0078_system_archive_jobs (UP) ###"
[2026-09-21 14:42:19.942 -0400] [32mINFO[39m:
    [35mevent[39m: "database_migration"
    [35mmessage[39m: "### MIGRATION 0079_resumable_system_archive_uploads (UP) ###"
[2026-09-21 14:42:19.949 -0400] [32mINFO[39m:
    [35mevent[39m: "database_migration"
    [35mmessage[39m: "### MIGRATION 0080_published_asset_derivative_reservations (UP) ###"
[2026-09-21 14:42:19.950 -0400] [32mINFO[39m:
    [35mevent[39m: "database_migration"
    [35mmessage[39m: "### MIGRATION 0081_campaign_story_context_budget (UP) ###"
[2026-09-21 14:42:19.952 -0400] [32mINFO[39m:
    [35mevent[39m: "database_migration"
    [35mmessage[39m: "### MIGRATION 0082_turn_zero_state_correction_facts (UP) ###"
[2026-09-21 14:42:19.953 -0400] [32mINFO[39m:
    [35mevent[39m: "database_migration"
    [35mmessage[39m: "### MIGRATION 0083_cleaned_campaign_export_deletion (UP) ###"
[2026-09-21 14:42:19.955 -0400] [32mINFO[39m:
    [35mevent[39m: "database_migration"
    [35mmessage[39m: "### MIGRATION 0084_generation_authority_identity (UP) ###"
[2026-09-21 14:42:19.956 -0400] [32mINFO[39m:
    [35mevent[39m: "database_migration"
    [35mmessage[39m: "### MIGRATION 0085_prompt_override_compatibility_acknowledgements (UP) ###"
[2026-09-21 14:42:19.958 -0400] [32mINFO[39m:
    [35mevent[39m: "database_migration"
    [35mmessage[39m: "### MIGRATION 0086_prompt_override_protocol_acknowledgements (UP) ###"
[2026-09-21 14:42:19.959 -0400] [32mINFO[39m:
    [35mevent[39m: "database_migration"
    [35mmessage[39m: "### MIGRATION 0087_chronicle_query_cache_access_sequence (UP) ###"
[2026-09-21 14:42:19.961 -0400] [32mINFO[39m:
    [35mevent[39m: "database_migration"
    [35mmessage[39m: "### MIGRATION 0088_expand_campaign_story_context_budget (UP) ###"
[2026-09-21 14:42:19.962 -0400] [32mINFO[39m:
    [35mevent[39m: "database_migration"
    [35mmessage[39m: "### MIGRATION 0089_authoring_jobs (UP) ###"
[2026-09-21 14:42:19.967 -0400] [32mINFO[39m:
    [35mevent[39m: "database_migration"
    [35mmessage[39m: "### MIGRATION 0090_authoring_apply_review_selection (UP) ###"
[2026-09-21 14:42:19.969 -0400] [32mINFO[39m:
    [35mevent[39m: "database_migration"
    [35mmessage[39m: "### MIGRATION 0091_story_source_authoring (UP) ###"
[2026-09-21 14:42:19.970 -0400] [32mINFO[39m:
    [35mevent[39m: "database_migration"
    [35mmessage[39m: "### MIGRATION 0092_source_synthesis_review_fence (UP) ###"
[2026-09-21 14:42:19.972 -0400] [32mINFO[39m:
    [35mevent[39m: "database_migration"
    [35mmessage[39m: "### MIGRATION 0093_portable_source_material_authority_paths (UP) ###"
[2026-09-21 14:42:19.973 -0400] [32mINFO[39m:
    [35mevent[39m: "database_migration"
    [35mmessage[39m: "### MIGRATION 0094_story_generation_policy (UP) ###"
[2026-09-21 14:42:19.975 -0400] [32mINFO[39m:
    [35mevent[39m: "database_migration"
    [35mmessage[39m: "### MIGRATION 0095_story_memory_capability_enrollment (UP) ###"
[2026-09-21 14:42:19.977 -0400] [32mINFO[39m:
    [35mevent[39m: "database_migration"
    [35mmessage[39m: "### MIGRATION 0096_campaign_memory_defaults (UP) ###"
[2026-09-21 14:42:19.979 -0400] [32mINFO[39m:
    [35mevent[39m: "database_migration"
    [35mmessage[39m: "### MIGRATION 0097_provider_text_selection (UP) ###"
[2026-09-21 14:42:19.980 -0400] [32mINFO[39m:
    [35mevent[39m: "database_migration"
    [35mmessage[39m: "### MIGRATION 0098_illustration_text_execution_snapshot (UP) ###"
[2026-09-21 14:42:19.982 -0400] [32mINFO[39m:
    [35mevent[39m: "database_migration"
    [35mmessage[39m: "### MIGRATION 0099_worker_text_plan_protocol_fences (UP) ###"
[2026-09-21 14:42:19.987 -0400] [32mINFO[39m:
    [35mevent[39m: "database_migration"
    [35mmessage[39m: "### MIGRATION 0100_prepared_text_physical_attempts (UP) ###"
[2026-09-21 14:42:19.990 -0400] [32mINFO[39m:
    [35mevent[39m: "database_migration"
    [35mmessage[39m: "### MIGRATION 0101_durable_campaign_physical_attempt_costs (UP) ###"
[2026-09-21 14:42:20.285 -0400] [32mINFO[39m:
    [35mevent[39m: "database_migration"
    [35mmessage[39m: "> Migrating files:"
[2026-09-21 14:42:20.285 -0400] [32mINFO[39m:
    [35mevent[39m: "database_migration"
    [35mmessage[39m: "> - 0001_initial_nexus"
[2026-09-21 14:42:20.285 -0400] [32mINFO[39m:
    [35mevent[39m: "database_migration"
    [35mmessage[39m: "> - 0002_owner_scope_constraints"
[2026-09-21 14:42:20.285 -0400] [32mINFO[39m:
    [35mevent[39m: "database_migration"
    [35mmessage[39m: "> - 0003_asset_references"
[2026-09-21 14:42:20.285 -0400] [32mINFO[39m:
    [35mevent[39m: "database_migration"
    [35mmessage[39m: "> - 0004_chronicle_job_deduplication"
[2026-09-21 14:42:20.285 -0400] [32mINFO[39m:
    [35mevent[39m: "database_migration"
    [35mmessage[39m: "> - 0005_story_engine"
[2026-09-21 14:42:20.285 -0400] [32mINFO[39m:
    [35mevent[39m: "database_migration"
    [35mmessage[39m: "> - 0006_typed_story_orchestration"
[2026-09-21 14:42:20.285 -0400] [32mINFO[39m:
    [35mevent[39m: "database_migration"
    [35mmessage[39m: "> - 0007_semantic_chronicle"
[2026-09-21 14:42:20.285 -0400] [32mINFO[39m:
    [35mevent[39m: "database_migration"
    [35mmessage[39m: "> - 0008_world_library"
[2026-09-21 14:42:20.285 -0400] [32mINFO[39m:
    [35mevent[39m: "database_migration"
    [35mmessage[39m: "> - 0009_illustration_pipeline"
[2026-09-21 14:42:20.285 -0400] [32mINFO[39m:
    [35mevent[39m: "database_migration"
    [35mmessage[39m: "> - 0010_provider_profile_defaults"
[2026-09-21 14:42:20.285 -0400] [32mINFO[39m:
    [35mevent[39m: "database_migration"
    [35mmessage[39m: "> - 0011_embedding_model_default"
[2026-09-21 14:42:20.285 -0400] [32mINFO[39m:
    [35mevent[39m: "database_migration"
    [35mmessage[39m: "> - 0012_dynamic_chronicle"
[2026-09-21 14:42:20.285 -0400] [32mINFO[39m:
    [35mevent[39m: "database_migration"
    [35mmessage[39m: "> - 0013_campaign_story_length"
[2026-09-21 14:42:20.285 -0400] [32mINFO[39m:
    [35mevent[39m: "database_migration"
    [35mmessage[39m: "> - 0014_generation_progress"
[2026-09-21 14:42:20.285 -0400] [32mINFO[39m:
    [35mevent[39m: "database_migration"
    [35mmessage[39m: "> - 0015_campaign_cost_events"
[2026-09-21 14:42:20.285 -0400] [32mINFO[39m:
    [35mevent[39m: "database_migration"
    [35mmessage[39m: "> - 0016_provider_request_timeout"
[2026-09-21 14:42:20.285 -0400] [32mINFO[39m:
    [35mevent[39m: "database_migration"
    [35mmessage[39m: "> - 0017_campaign_characters"
[2026-09-21 14:42:20.285 -0400] [32mINFO[39m:
    [35mevent[39m: "database_migration"
    [35mmessage[39m: "> - 0018_initial_state_snapshot"
[2026-09-21 14:42:20.285 -0400] [32mINFO[39m:
    [35mevent[39m: "database_migration"
    [35mmessage[39m: "> - 0019_multi_tenant_hardening"
[2026-09-21 14:42:20.285 -0400] [32mINFO[39m:
    [35mevent[39m: "database_migration"
    [35mmessage[39m: "> - 0020_user_settings"
[2026-09-21 14:42:20.285 -0400] [32mINFO[39m:
    [35mevent[39m: "database_migration"
    [35mmessage[39m: "> - 0021_world_version_deletion"
[2026-09-21 14:42:20.285 -0400] [32mINFO[39m:
    [35mevent[39m: "database_migration"
    [35mmessage[39m: "> - 0022_campaign_state_revisions"
[2026-09-21 14:42:20.285 -0400] [32mINFO[39m:
    [35mevent[39m: "database_migration"
    [35mmessage[39m: "> - 0023_durable_generation_replacement"
[2026-09-21 14:42:20.285 -0400] [32mINFO[39m:
    [35mevent[39m: "database_migration"
    [35mmessage[39m: "> - 0024_structured_canonical_facts"
[2026-09-21 14:42:20.285 -0400] [32mINFO[39m:
    [35mevent[39m: "database_migration"
    [35mmessage[39m: "> - 0025_asset_reference_lifecycle"
[2026-09-21 14:42:20.285 -0400] [32mINFO[39m:
    [35mevent[39m: "database_migration"
    [35mmessage[39m: "> - 0026_campaign_world_transfers"
[2026-09-21 14:42:20.285 -0400] [32mINFO[39m:
    [35mevent[39m: "database_migration"
    [35mmessage[39m: "> - 0027_turn_intent_provider_role"
[2026-09-21 14:42:20.285 -0400] [32mINFO[39m:
    [35mevent[39m: "database_migration"
    [35mmessage[39m: "> - 0028_turn_input_modes"
[2026-09-21 14:42:20.285 -0400] [32mINFO[39m:
    [35mevent[39m: "database_migration"
    [35mmessage[39m: "> - 0029_durable_image_provider_jobs"
[2026-09-21 14:42:20.285 -0400] [32mINFO[39m:
    [35mevent[39m: "database_migration"
    [35mmessage[39m: "> - 0030_world_cover_image_jobs"
[2026-09-21 14:42:20.285 -0400] [32mINFO[39m:
    [35mevent[39m: "database_migration"
    [35mmessage[39m: "> - 0031_context_aware_image_library"
[2026-09-21 14:42:20.285 -0400] [32mINFO[39m:
    [35mevent[39m: "database_migration"
    [35mmessage[39m: "> - 0032_sogni_sdk_provider"
[2026-09-21 14:42:20.285 -0400] [32mINFO[39m:
    [35mevent[39m: "database_migration"
    [35mmessage[39m: "> - 0033_segmented_turn_illustrations"
[2026-09-21 14:42:20.285 -0400] [32mINFO[39m:
    [35mevent[39m: "database_migration"
    [35mmessage[39m: "> - 0034_campaign_illustration_refinement_instructions"
[2026-09-21 14:42:20.285 -0400] [32mINFO[39m:
    [35mevent[39m: "database_migration"
    [35mmessage[39m: "> - 0035_campaign_illustration_refinement_prompt"
[2026-09-21 14:42:20.285 -0400] [32mINFO[39m:
    [35mevent[39m: "database_migration"
    [35mmessage[39m: "> - 0036_structured_character_profiles"
[2026-09-21 14:42:20.285 -0400] [32mINFO[39m:
    [35mevent[39m: "database_migration"
    [35mmessage[39m: "> - 0037_prompt_library"
[2026-09-21 14:42:20.285 -0400] [32mINFO[39m:
    [35mevent[39m: "database_migration"
    [35mmessage[39m: "> - 0038_prompt_library_hardening"
[2026-09-21 14:42:20.285 -0400] [32mINFO[39m:
    [35mevent[39m: "database_migration"
    [35mmessage[39m: "> - 0039_chronicle_entity_identity"
[2026-09-21 14:42:20.285 -0400] [32mINFO[39m:
    [35mevent[39m: "database_migration"
    [35mmessage[39m: "> - 0040_streaming_illustration_pipeline"
[2026-09-21 14:42:20.285 -0400] [32mINFO[39m:
    [35mevent[39m: "database_migration"
    [35mmessage[39m: "> - 0041_allow_streaming_asset_contexts"
[2026-09-21 14:42:20.285 -0400] [32mINFO[39m:
    [35mevent[39m: "database_migration"
    [35mmessage[39m: "> - 0042_json_illustration_refinement_prompt"
[2026-09-21 14:42:20.285 -0400] [32mINFO[39m:
    [35mevent[39m: "database_migration"
    [35mmessage[39m: "> - 0043_world_generation_progress"
[2026-09-21 14:42:20.285 -0400] [32mINFO[39m:
    [35mevent[39m: "database_migration"
    [35mmessage[39m: "> - 0044_api_admission_control"
[2026-09-21 14:42:20.285 -0400] [32mINFO[39m:
    [35mevent[39m: "database_migration"
    [35mmessage[39m: "> - 0045_archive_previews"
[2026-09-21 14:42:20.285 -0400] [32mINFO[39m:
    [35mevent[39m: "database_migration"
    [35mmessage[39m: "> - 0046_archive_preview_superseded"
[2026-09-21 14:42:20.285 -0400] [32mINFO[39m:
    [35mevent[39m: "database_migration"
    [35mmessage[39m: "> - 0047_full_campaign_state_corrections"
[2026-09-21 14:42:20.285 -0400] [32mINFO[39m:
    [35mevent[39m: "database_migration"
    [35mmessage[39m: "> - 0048_cascade_streaming_image_jobs"
[2026-09-21 14:42:20.285 -0400] [32mINFO[39m:
    [35mevent[39m: "database_migration"
    [35mmessage[39m: "> - 0049_cancelled_generation_jobs"
[2026-09-21 14:42:20.285 -0400] [32mINFO[39m:
    [35mevent[39m: "database_migration"
    [35mmessage[39m: "> - 0050_cancel_provisional_illustration_children"
[2026-09-21 14:42:20.285 -0400] [32mINFO[39m:
    [35mevent[39m: "database_migration"
    [35mmessage[39m: "> - 0051_preserve_replacement_turn_provenance"
[2026-09-21 14:42:20.285 -0400] [32mINFO[39m:
    [35mevent[39m: "database_migration"
    [35mmessage[39m: "> - 0052_generation_job_notifications"
[2026-09-21 14:42:20.285 -0400] [32mINFO[39m:
    [35mevent[39m: "database_migration"
    [35mmessage[39m: "> - 0053_durable_asset_portable_operations"
[2026-09-21 14:42:20.285 -0400] [32mINFO[39m:
    [35mevent[39m: "database_migration"
    [35mmessage[39m: "> - 0054_private_filesystem_authority"
[2026-09-21 14:42:20.285 -0400] [32mINFO[39m:
    [35mevent[39m: "database_migration"
    [35mmessage[39m: "> - 0055_private_portable_repository_guards"
[2026-09-21 14:42:20.285 -0400] [32mINFO[39m:
    [35mevent[39m: "database_migration"
    [35mmessage[39m: "> - 0056_private_filesystem_current_clock"
[2026-09-21 14:42:20.285 -0400] [32mINFO[39m:
    [35mevent[39m: "database_migration"
    [35mmessage[39m: "> - 0057_finalized_asset_delivery_authority"
[2026-09-21 14:42:20.285 -0400] [32mINFO[39m:
    [35mevent[39m: "database_migration"
    [35mmessage[39m: "> - 0058_secure_storage_lifecycle"
[2026-09-21 14:42:20.285 -0400] [32mINFO[39m:
    [35mevent[39m: "database_migration"
    [35mmessage[39m: "> - 0059_secure_storage_target_intent"
[2026-09-21 14:42:20.285 -0400] [32mINFO[39m:
    [35mevent[39m: "database_migration"
    [35mmessage[39m: "> - 0060_asset_publication_identities"
[2026-09-21 14:42:20.285 -0400] [32mINFO[39m:
    [35mevent[39m: "database_migration"
    [35mmessage[39m: "> - 0061_portable_import_composition"
[2026-09-21 14:42:20.285 -0400] [32mINFO[39m:
    [35mevent[39m: "database_migration"
    [35mmessage[39m: "> - 0062_portable_import_asset_publications"
[2026-09-21 14:42:20.285 -0400] [32mINFO[39m:
    [35mevent[39m: "database_migration"
    [35mmessage[39m: "> - 0063_portable_legacy_story_asset_publications"
[2026-09-21 14:42:20.285 -0400] [32mINFO[39m:
    [35mevent[39m: "database_migration"
    [35mmessage[39m: "> - 0064_normalized_asset_publication_requests"
[2026-09-21 14:42:20.285 -0400] [32mINFO[39m:
    [35mevent[39m: "database_migration"
    [35mmessage[39m: "> - 0065_illustration_asset_publications"
[2026-09-21 14:42:20.285 -0400] [32mINFO[39m:
    [35mevent[39m: "database_migration"
    [35mmessage[39m: "> - 0066_portable_normalized_asset_publications"
[2026-09-21 14:42:20.285 -0400] [32mINFO[39m:
    [35mevent[39m: "database_migration"
    [35mmessage[39m: "> - 0067_asset_metadata_backfill_executor"
[2026-09-21 14:42:20.285 -0400] [32mINFO[39m:
    [35mevent[39m: "database_migration"
    [35mmessage[39m: "> - 0068_portable_legacy_story_create_world"
[2026-09-21 14:42:20.285 -0400] [32mINFO[39m:
    [35mevent[39m: "database_migration"
    [35mmessage[39m: "> - 0069_import_progress_status"
[2026-09-21 14:42:20.285 -0400] [32mINFO[39m:
    [35mevent[39m: "database_migration"
    [35mmessage[39m: "> - 0070_turn_narration_corrections"
[2026-09-21 14:42:20.285 -0400] [32mINFO[39m:
    [35mevent[39m: "database_migration"
    [35mmessage[39m: "> - 0071_world_share_links"
[2026-09-21 14:42:20.285 -0400] [32mINFO[39m:
    [35mevent[39m: "database_migration"
    [35mmessage[39m: "> - 0072_chronicle_memory_chunks"
[2026-09-21 14:42:20.285 -0400] [32mINFO[39m:
    [35mevent[39m: "database_migration"
    [35mmessage[39m: "> - 0073_chronicle_chunk_job_fencing"
[2026-09-21 14:42:20.285 -0400] [32mINFO[39m:
    [35mevent[39m: "database_migration"
    [35mmessage[39m: "> - 0074_chronicle_retrieval_observability"
[2026-09-21 14:42:20.285 -0400] [32mINFO[39m:
    [35mevent[39m: "database_migration"
    [35mmessage[39m: "> - 0075_chronicle_query_embedding_cache"
[2026-09-21 14:42:20.285 -0400] [32mINFO[39m:
    [35mevent[39m: "database_migration"
    [35mmessage[39m: "> - 0076_chronicle_chunk_skip_reasons"
[2026-09-21 14:42:20.285 -0400] [32mINFO[39m:
    [35mevent[39m: "database_migration"
    [35mmessage[39m: "> - 0077_chronicle_chunk_processed_signature"
[2026-09-21 14:42:20.285 -0400] [32mINFO[39m:
    [35mevent[39m: "database_migration"
    [35mmessage[39m: "> - 0078_system_archive_jobs"
[2026-09-21 14:42:20.285 -0400] [32mINFO[39m:
    [35mevent[39m: "database_migration"
    [35mmessage[39m: "> - 0079_resumable_system_archive_uploads"
[2026-09-21 14:42:20.285 -0400] [32mINFO[39m:
    [35mevent[39m: "database_migration"
    [35mmessage[39m: "> - 0080_published_asset_derivative_reservations"
[2026-09-21 14:42:20.285 -0400] [32mINFO[39m:
    [35mevent[39m: "database_migration"
    [35mmessage[39m: "> - 0081_campaign_story_context_budget"
[2026-09-21 14:42:20.285 -0400] [32mINFO[39m:
    [35mevent[39m: "database_migration"
    [35mmessage[39m: "> - 0082_turn_zero_state_correction_facts"
[2026-09-21 14:42:20.285 -0400] [32mINFO[39m:
    [35mevent[39m: "database_migration"
    [35mmessage[39m: "> - 0083_cleaned_campaign_export_deletion"
[2026-09-21 14:42:20.285 -0400] [32mINFO[39m:
    [35mevent[39m: "database_migration"
    [35mmessage[39m: "> - 0084_generation_authority_identity"
[2026-09-21 14:42:20.285 -0400] [32mINFO[39m:
    [35mevent[39m: "database_migration"
    [35mmessage[39m: "> - 0085_prompt_override_compatibility_acknowledgements"
[2026-09-21 14:42:20.285 -0400] [32mINFO[39m:
    [35mevent[39m: "database_migration"
    [35mmessage[39m: "> - 0086_prompt_override_protocol_acknowledgements"
[2026-09-21 14:42:20.285 -0400] [32mINFO[39m:
    [35mevent[39m: "database_migration"
    [35mmessage[39m: "> - 0087_chronicle_query_cache_access_sequence"
[2026-09-21 14:42:20.285 -0400] [32mINFO[39m:
    [35mevent[39m: "database_migration"
    [35mmessage[39m: "> - 0088_expand_campaign_story_context_budget"
[2026-09-21 14:42:20.285 -0400] [32mINFO[39m:
    [35mevent[39m: "database_migration"
    [35mmessage[39m: "> - 0089_authoring_jobs"
[2026-09-21 14:42:20.285 -0400] [32mINFO[39m:
    [35mevent[39m: "database_migration"
    [35mmessage[39m: "> - 0090_authoring_apply_review_selection"
[2026-09-21 14:42:20.285 -0400] [32mINFO[39m:
    [35mevent[39m: "database_migration"
    [35mmessage[39m: "> - 0091_story_source_authoring"
[2026-09-21 14:42:20.285 -0400] [32mINFO[39m:
    [35mevent[39m: "database_migration"
    [35mmessage[39m: "> - 0092_source_synthesis_review_fence"
[2026-09-21 14:42:20.285 -0400] [32mINFO[39m:
    [35mevent[39m: "database_migration"
    [35mmessage[39m: "> - 0093_portable_source_material_authority_paths"
[2026-09-21 14:42:20.285 -0400] [32mINFO[39m:
    [35mevent[39m: "database_migration"
    [35mmessage[39m: "> - 0094_story_generation_policy"
[2026-09-21 14:42:20.285 -0400] [32mINFO[39m:
    [35mevent[39m: "database_migration"
    [35mmessage[39m: "> - 0095_story_memory_capability_enrollment"
[2026-09-21 14:42:20.285 -0400] [32mINFO[39m:
    [35mevent[39m: "database_migration"
    [35mmessage[39m: "> - 0096_campaign_memory_defaults"
[2026-09-21 14:42:20.285 -0400] [32mINFO[39m:
    [35mevent[39m: "database_migration"
    [35mmessage[39m: "> - 0097_provider_text_selection"
[2026-09-21 14:42:20.285 -0400] [32mINFO[39m:
    [35mevent[39m: "database_migration"
    [35mmessage[39m: "> - 0098_illustration_text_execution_snapshot"
[2026-09-21 14:42:20.285 -0400] [32mINFO[39m:
    [35mevent[39m: "database_migration"
    [35mmessage[39m: "> - 0099_worker_text_plan_protocol_fences"
[2026-09-21 14:42:20.285 -0400] [32mINFO[39m:
    [35mevent[39m: "database_migration"
    [35mmessage[39m: "> - 0100_prepared_text_physical_attempts"
[2026-09-21 14:42:20.286 -0400] [32mINFO[39m:
    [35mevent[39m: "database_migration"
    [35mmessage[39m: "### MIGRATION 0001_initial_nexus (UP) ###"
[2026-09-21 14:42:20.307 -0400] [32mINFO[39m:
    [35mevent[39m: "database_migration"
    [35mmessage[39m: "### MIGRATION 0002_owner_scope_constraints (UP) ###"
[2026-09-21 14:42:20.311 -0400] [32mINFO[39m:
    [35mevent[39m: "database_migration"
    [35mmessage[39m: "### MIGRATION 0003_asset_references (UP) ###"
[2026-09-21 14:42:20.313 -0400] [32mINFO[39m:
    [35mevent[39m: "database_migration"
    [35mmessage[39m: "### MIGRATION 0004_chronicle_job_deduplication (UP) ###"
[2026-09-21 14:42:20.315 -0400] [32mINFO[39m:
    [35mevent[39m: "database_migration"
    [35mmessage[39m: "### MIGRATION 0005_story_engine (UP) ###"
[2026-09-21 14:42:20.322 -0400] [32mINFO[39m:
    [35mevent[39m: "database_migration"
    [35mmessage[39m: "### MIGRATION 0006_typed_story_orchestration (UP) ###"
[2026-09-21 14:42:20.324 -0400] [32mINFO[39m:
    [35mevent[39m: "database_migration"
    [35mmessage[39m: "### MIGRATION 0007_semantic_chronicle (UP) ###"
[2026-09-21 14:42:20.328 -0400] [32mINFO[39m:
    [35mevent[39m: "database_migration"
    [35mmessage[39m: "### MIGRATION 0008_world_library (UP) ###"
[2026-09-21 14:42:20.332 -0400] [32mINFO[39m:
    [35mevent[39m: "database_migration"
    [35mmessage[39m: "### MIGRATION 0009_illustration_pipeline (UP) ###"
[2026-09-21 14:42:20.337 -0400] [32mINFO[39m:
    [35mevent[39m: "database_migration"
    [35mmessage[39m: "### MIGRATION 0010_provider_profile_defaults (UP) ###"
[2026-09-21 14:42:20.339 -0400] [32mINFO[39m:
    [35mevent[39m: "database_migration"
    [35mmessage[39m: "### MIGRATION 0011_embedding_model_default (UP) ###"
[2026-09-21 14:42:20.341 -0400] [32mINFO[39m:
    [35mevent[39m: "database_migration"
    [35mmessage[39m: "### MIGRATION 0012_dynamic_chronicle (UP) ###"
[2026-09-21 14:42:20.342 -0400] [32mINFO[39m:
    [35mevent[39m: "database_migration"
    [35mmessage[39m: "### MIGRATION 0013_campaign_story_length (UP) ###"
[2026-09-21 14:42:20.344 -0400] [32mINFO[39m:
    [35mevent[39m: "database_migration"
    [35mmessage[39m: "### MIGRATION 0014_generation_progress (UP) ###"
[2026-09-21 14:42:20.346 -0400] [32mINFO[39m:
    [35mevent[39m: "database_migration"
    [35mmessage[39m: "### MIGRATION 0015_campaign_cost_events (UP) ###"
[2026-09-21 14:42:20.350 -0400] [32mINFO[39m:
    [35mevent[39m: "database_migration"
    [35mmessage[39m: "### MIGRATION 0016_provider_request_timeout (UP) ###"
[2026-09-21 14:42:20.351 -0400] [32mINFO[39m:
    [35mevent[39m: "database_migration"
    [35mmessage[39m: "### MIGRATION 0017_campaign_characters (UP) ###"
[2026-09-21 14:42:20.353 -0400] [32mINFO[39m:
    [35mevent[39m: "database_migration"
    [35mmessage[39m: "### MIGRATION 0018_initial_state_snapshot (UP) ###"
[2026-09-21 14:42:20.354 -0400] [32mINFO[39m:
    [35mevent[39m: "database_migration"
    [35mmessage[39m: "### MIGRATION 0019_multi_tenant_hardening (UP) ###"
[2026-09-21 14:42:20.359 -0400] [32mINFO[39m:
    [35mevent[39m: "database_migration"
    [35mmessage[39m: "### MIGRATION 0020_user_settings (UP) ###"
[2026-09-21 14:42:20.360 -0400] [32mINFO[39m:
    [35mevent[39m: "database_migration"
    [35mmessage[39m: "### MIGRATION 0021_world_version_deletion (UP) ###"
[2026-09-21 14:42:20.364 -0400] [32mINFO[39m:
    [35mevent[39m: "database_migration"
    [35mmessage[39m: "### MIGRATION 0022_campaign_state_revisions (UP) ###"
[2026-09-21 14:42:20.366 -0400] [32mINFO[39m:
    [35mevent[39m: "database_migration"
    [35mmessage[39m: "### MIGRATION 0023_durable_generation_replacement (UP) ###"
[2026-09-21 14:42:20.369 -0400] [32mINFO[39m:
    [35mevent[39m: "database_migration"
    [35mmessage[39m: "### MIGRATION 0024_structured_canonical_facts (UP) ###"
[2026-09-21 14:42:20.372 -0400] [32mINFO[39m:
    [35mevent[39m: "database_migration"
    [35mmessage[39m: "### MIGRATION 0025_asset_reference_lifecycle (UP) ###"
[2026-09-21 14:42:20.375 -0400] [32mINFO[39m:
    [35mevent[39m: "database_migration"
    [35mmessage[39m: "### MIGRATION 0026_campaign_world_transfers (UP) ###"
[2026-09-21 14:42:20.378 -0400] [32mINFO[39m:
    [35mevent[39m: "database_migration"
    [35mmessage[39m: "### MIGRATION 0027_turn_intent_provider_role (UP) ###"
[2026-09-21 14:42:20.379 -0400] [32mINFO[39m:
    [35mevent[39m: "database_migration"
    [35mmessage[39m: "### MIGRATION 0028_turn_input_modes (UP) ###"
[2026-09-21 14:42:20.384 -0400] [32mINFO[39m:
    [35mevent[39m: "database_migration"
    [35mmessage[39m: "### MIGRATION 0029_durable_image_provider_jobs (UP) ###"
[2026-09-21 14:42:20.387 -0400] [32mINFO[39m:
    [35mevent[39m: "database_migration"
    [35mmessage[39m: "### MIGRATION 0030_world_cover_image_jobs (UP) ###"
[2026-09-21 14:42:20.391 -0400] [32mINFO[39m:
    [35mevent[39m: "database_migration"
    [35mmessage[39m: "### MIGRATION 0031_context_aware_image_library (UP) ###"
[2026-09-21 14:42:20.403 -0400] [32mINFO[39m:
    [35mevent[39m: "database_migration"
    [35mmessage[39m: "### MIGRATION 0032_sogni_sdk_provider (UP) ###"
[2026-09-21 14:42:20.405 -0400] [32mINFO[39m:
    [35mevent[39m: "database_migration"
    [35mmessage[39m: "### MIGRATION 0033_segmented_turn_illustrations (UP) ###"
[2026-09-21 14:42:20.417 -0400] [32mINFO[39m:
    [35mevent[39m: "database_migration"
    [35mmessage[39m: "### MIGRATION 0034_campaign_illustration_refinement_instructions (UP) ###"
[2026-09-21 14:42:20.418 -0400] [32mINFO[39m:
    [35mevent[39m: "database_migration"
    [35mmessage[39m: "### MIGRATION 0035_campaign_illustration_refinement_prompt (UP) ###"
[2026-09-21 14:42:20.420 -0400] [32mINFO[39m:
    [35mevent[39m: "database_migration"
    [35mmessage[39m: "### MIGRATION 0036_structured_character_profiles (UP) ###"
[2026-09-21 14:42:20.423 -0400] [32mINFO[39m:
    [35mevent[39m: "database_migration"
    [35mmessage[39m: "### MIGRATION 0037_prompt_library (UP) ###"
[2026-09-21 14:42:20.425 -0400] [32mINFO[39m:
    [35mevent[39m: "database_migration"
    [35mmessage[39m: "### MIGRATION 0038_prompt_library_hardening (UP) ###"
[2026-09-21 14:42:20.427 -0400] [32mINFO[39m:
    [35mevent[39m: "database_migration"
    [35mmessage[39m: "### MIGRATION 0039_chronicle_entity_identity (UP) ###"
[2026-09-21 14:42:20.429 -0400] [32mINFO[39m:
    [35mevent[39m: "database_migration"
    [35mmessage[39m: "### MIGRATION 0040_streaming_illustration_pipeline (UP) ###"
[2026-09-21 14:42:20.433 -0400] [32mINFO[39m:
    [35mevent[39m: "database_migration"
    [35mmessage[39m: "### MIGRATION 0041_allow_streaming_asset_contexts (UP) ###"
[2026-09-21 14:42:20.435 -0400] [32mINFO[39m:
    [35mevent[39m: "database_migration"
    [35mmessage[39m: "### MIGRATION 0042_json_illustration_refinement_prompt (UP) ###"
[2026-09-21 14:42:20.436 -0400] [32mINFO[39m:
    [35mevent[39m: "database_migration"
    [35mmessage[39m: "### MIGRATION 0043_world_generation_progress (UP) ###"
[2026-09-21 14:42:20.438 -0400] [32mINFO[39m:
    [35mevent[39m: "database_migration"
    [35mmessage[39m: "### MIGRATION 0044_api_admission_control (UP) ###"
[2026-09-21 14:42:20.442 -0400] [32mINFO[39m:
    [35mevent[39m: "database_migration"
    [35mmessage[39m: "### MIGRATION 0045_archive_previews (UP) ###"
[2026-09-21 14:42:20.445 -0400] [32mINFO[39m:
    [35mevent[39m: "database_migration"
    [35mmessage[39m: "### MIGRATION 0046_archive_preview_superseded (UP) ###"
[2026-09-21 14:42:20.446 -0400] [32mINFO[39m:
    [35mevent[39m: "database_migration"
    [35mmessage[39m: "### MIGRATION 0047_full_campaign_state_corrections (UP) ###"
[2026-09-21 14:42:20.449 -0400] [32mINFO[39m:
    [35mevent[39m: "database_migration"
    [35mmessage[39m: "### MIGRATION 0048_cascade_streaming_image_jobs (UP) ###"
[2026-09-21 14:42:20.451 -0400] [32mINFO[39m:
    [35mevent[39m: "database_migration"
    [35mmessage[39m: "### MIGRATION 0049_cancelled_generation_jobs (UP) ###"
[2026-09-21 14:42:20.452 -0400] [32mINFO[39m:
    [35mevent[39m: "database_migration"
    [35mmessage[39m: "### MIGRATION 0050_cancel_provisional_illustration_children (UP) ###"
[2026-09-21 14:42:20.454 -0400] [32mINFO[39m:
    [35mevent[39m: "database_migration"
    [35mmessage[39m: "### MIGRATION 0051_preserve_replacement_turn_provenance (UP) ###"
[2026-09-21 14:42:20.455 -0400] [32mINFO[39m:
    [35mevent[39m: "database_migration"
    [35mmessage[39m: "### MIGRATION 0052_generation_job_notifications (UP) ###"
[2026-09-21 14:42:20.456 -0400] [32mINFO[39m:
    [35mevent[39m: "database_migration"
    [35mmessage[39m: "### MIGRATION 0053_durable_asset_portable_operations (UP) ###"
[2026-09-21 14:42:20.473 -0400] [32mINFO[39m:
    [35mevent[39m: "database_migration"
    [35mmessage[39m: "### MIGRATION 0054_private_filesystem_authority (UP) ###"
[2026-09-21 14:42:20.480 -0400] [32mINFO[39m:
    [35mevent[39m: "database_migration"
    [35mmessage[39m: "### MIGRATION 0055_private_portable_repository_guards (UP) ###"
[2026-09-21 14:42:20.483 -0400] [32mINFO[39m:
    [35mevent[39m: "database_migration"
    [35mmessage[39m: "### MIGRATION 0056_private_filesystem_current_clock (UP) ###"
[2026-09-21 14:42:20.484 -0400] [32mINFO[39m:
    [35mevent[39m: "database_migration"
    [35mmessage[39m: "### MIGRATION 0057_finalized_asset_delivery_authority (UP) ###"
[2026-09-21 14:42:20.490 -0400] [32mINFO[39m:
    [35mevent[39m: "database_migration"
    [35mmessage[39m: "### MIGRATION 0058_secure_storage_lifecycle (UP) ###"
[2026-09-21 14:42:20.493 -0400] [32mINFO[39m:
    [35mevent[39m: "database_migration"
    [35mmessage[39m: "### MIGRATION 0059_secure_storage_target_intent (UP) ###"
[2026-09-21 14:42:20.495 -0400] [32mINFO[39m:
    [35mevent[39m: "database_migration"
    [35mmessage[39m: "### MIGRATION 0060_asset_publication_identities (UP) ###"
[2026-09-21 14:42:20.498 -0400] [32mINFO[39m:
    [35mevent[39m: "database_migration"
    [35mmessage[39m: "### MIGRATION 0061_portable_import_composition (UP) ###"
[2026-09-21 14:42:20.502 -0400] [32mINFO[39m:
    [35mevent[39m: "database_migration"
    [35mmessage[39m: "### MIGRATION 0062_portable_import_asset_publications (UP) ###"
[2026-09-21 14:42:20.506 -0400] [32mINFO[39m:
    [35mevent[39m: "database_migration"
    [35mmessage[39m: "### MIGRATION 0063_portable_legacy_story_asset_publications (UP) ###"
[2026-09-21 14:42:20.508 -0400] [32mINFO[39m:
    [35mevent[39m: "database_migration"
    [35mmessage[39m: "### MIGRATION 0064_normalized_asset_publication_requests (UP) ###"
[2026-09-21 14:42:20.521 -0400] [32mINFO[39m:
    [35mevent[39m: "database_migration"
    [35mmessage[39m: "### MIGRATION 0065_illustration_asset_publications (UP) ###"
[2026-09-21 14:42:20.524 -0400] [32mINFO[39m:
    [35mevent[39m: "database_migration"
    [35mmessage[39m: "### MIGRATION 0066_portable_normalized_asset_publications (UP) ###"
[2026-09-21 14:42:20.532 -0400] [32mINFO[39m:
    [35mevent[39m: "database_migration"
    [35mmessage[39m: "### MIGRATION 0067_asset_metadata_backfill_executor (UP) ###"
[2026-09-21 14:42:20.535 -0400] [32mINFO[39m:
    [35mevent[39m: "database_migration"
    [35mmessage[39m: "### MIGRATION 0068_portable_legacy_story_create_world (UP) ###"
[2026-09-21 14:42:20.536 -0400] [32mINFO[39m:
    [35mevent[39m: "database_migration"
    [35mmessage[39m: "### MIGRATION 0069_import_progress_status (UP) ###"
[2026-09-21 14:42:20.539 -0400] [32mINFO[39m:
    [35mevent[39m: "database_migration"
    [35mmessage[39m: "### MIGRATION 0070_turn_narration_corrections (UP) ###"
[2026-09-21 14:42:20.542 -0400] [32mINFO[39m:
    [35mevent[39m: "database_migration"
    [35mmessage[39m: "### MIGRATION 0071_world_share_links (UP) ###"
[2026-09-21 14:42:20.544 -0400] [32mINFO[39m:
    [35mevent[39m: "database_migration"
    [35mmessage[39m: "### MIGRATION 0072_chronicle_memory_chunks (UP) ###"
[2026-09-21 14:42:20.553 -0400] [32mINFO[39m:
    [35mevent[39m: "database_migration"
    [35mmessage[39m: "### MIGRATION 0073_chronicle_chunk_job_fencing (UP) ###"
[2026-09-21 14:42:20.555 -0400] [32mINFO[39m:
    [35mevent[39m: "database_migration"
    [35mmessage[39m: "### MIGRATION 0074_chronicle_retrieval_observability (UP) ###"
[2026-09-21 14:42:20.560 -0400] [32mINFO[39m:
    [35mevent[39m: "database_migration"
    [35mmessage[39m: "### MIGRATION 0075_chronicle_query_embedding_cache (UP) ###"
[2026-09-21 14:42:20.563 -0400] [32mINFO[39m:
    [35mevent[39m: "database_migration"
    [35mmessage[39m: "### MIGRATION 0076_chronicle_chunk_skip_reasons (UP) ###"
[2026-09-21 14:42:20.564 -0400] [32mINFO[39m:
    [35mevent[39m: "database_migration"
    [35mmessage[39m: "### MIGRATION 0077_chronicle_chunk_processed_signature (UP) ###"
[2026-09-21 14:42:20.566 -0400] [32mINFO[39m:
    [35mevent[39m: "database_migration"
    [35mmessage[39m: "### MIGRATION 0078_system_archive_jobs (UP) ###"
[2026-09-21 14:42:20.578 -0400] [32mINFO[39m:
    [35mevent[39m: "database_migration"
    [35mmessage[39m: "### MIGRATION 0079_resumable_system_archive_uploads (UP) ###"
[2026-09-21 14:42:20.583 -0400] [32mINFO[39m:
    [35mevent[39m: "database_migration"
    [35mmessage[39m: "### MIGRATION 0080_published_asset_derivative_reservations (UP) ###"
[2026-09-21 14:42:20.584 -0400] [32mINFO[39m:
    [35mevent[39m: "database_migration"
    [35mmessage[39m: "### MIGRATION 0081_campaign_story_context_budget (UP) ###"
[2026-09-21 14:42:20.586 -0400] [32mINFO[39m:
    [35mevent[39m: "database_migration"
    [35mmessage[39m: "### MIGRATION 0082_turn_zero_state_correction_facts (UP) ###"
[2026-09-21 14:42:20.587 -0400] [32mINFO[39m:
    [35mevent[39m: "database_migration"
    [35mmessage[39m: "### MIGRATION 0083_cleaned_campaign_export_deletion (UP) ###"
[2026-09-21 14:42:20.589 -0400] [32mINFO[39m:
    [35mevent[39m: "database_migration"
    [35mmessage[39m: "### MIGRATION 0084_generation_authority_identity (UP) ###"
[2026-09-21 14:42:20.590 -0400] [32mINFO[39m:
    [35mevent[39m: "database_migration"
    [35mmessage[39m: "### MIGRATION 0085_prompt_override_compatibility_acknowledgements (UP) ###"
[2026-09-21 14:42:20.592 -0400] [32mINFO[39m:
    [35mevent[39m: "database_migration"
    [35mmessage[39m: "### MIGRATION 0086_prompt_override_protocol_acknowledgements (UP) ###"
[2026-09-21 14:42:20.593 -0400] [32mINFO[39m:
    [35mevent[39m: "database_migration"
    [35mmessage[39m: "### MIGRATION 0087_chronicle_query_cache_access_sequence (UP) ###"
[2026-09-21 14:42:20.595 -0400] [32mINFO[39m:
    [35mevent[39m: "database_migration"
    [35mmessage[39m: "### MIGRATION 0088_expand_campaign_story_context_budget (UP) ###"
[2026-09-21 14:42:20.597 -0400] [32mINFO[39m:
    [35mevent[39m: "database_migration"
    [35mmessage[39m: "### MIGRATION 0089_authoring_jobs (UP) ###"
[2026-09-21 14:42:20.601 -0400] [32mINFO[39m:
    [35mevent[39m: "database_migration"
    [35mmessage[39m: "### MIGRATION 0090_authoring_apply_review_selection (UP) ###"
[2026-09-21 14:42:20.603 -0400] [32mINFO[39m:
    [35mevent[39m: "database_migration"
    [35mmessage[39m: "### MIGRATION 0091_story_source_authoring (UP) ###"
[2026-09-21 14:42:20.604 -0400] [32mINFO[39m:
    [35mevent[39m: "database_migration"
    [35mmessage[39m: "### MIGRATION 0092_source_synthesis_review_fence (UP) ###"
[2026-09-21 14:42:20.606 -0400] [32mINFO[39m:
    [35mevent[39m: "database_migration"
    [35mmessage[39m: "### MIGRATION 0093_portable_source_material_authority_paths (UP) ###"
[2026-09-21 14:42:20.607 -0400] [32mINFO[39m:
    [35mevent[39m: "database_migration"
    [35mmessage[39m: "### MIGRATION 0094_story_generation_policy (UP) ###"
[2026-09-21 14:42:20.609 -0400] [32mINFO[39m:
    [35mevent[39m: "database_migration"
    [35mmessage[39m: "### MIGRATION 0095_story_memory_capability_enrollment (UP) ###"
[2026-09-21 14:42:20.612 -0400] [32mINFO[39m:
    [35mevent[39m: "database_migration"
    [35mmessage[39m: "### MIGRATION 0096_campaign_memory_defaults (UP) ###"
[2026-09-21 14:42:20.613 -0400] [32mINFO[39m:
    [35mevent[39m: "database_migration"
    [35mmessage[39m: "### MIGRATION 0097_provider_text_selection (UP) ###"
[2026-09-21 14:42:20.615 -0400] [32mINFO[39m:
    [35mevent[39m: "database_migration"
    [35mmessage[39m: "### MIGRATION 0098_illustration_text_execution_snapshot (UP) ###"
[2026-09-21 14:42:20.616 -0400] [32mINFO[39m:
    [35mevent[39m: "database_migration"
    [35mmessage[39m: "### MIGRATION 0099_worker_text_plan_protocol_fences (UP) ###"
[2026-09-21 14:42:20.621 -0400] [32mINFO[39m:
    [35mevent[39m: "database_migration"
    [35mmessage[39m: "### MIGRATION 0100_prepared_text_physical_attempts (UP) ###"
[2026-09-21 14:42:20.698 -0400] [32mINFO[39m:
    [35mevent[39m: "database_migration"
    [35mmessage[39m: "> Migrating files:"
[2026-09-21 14:42:20.698 -0400] [32mINFO[39m:
    [35mevent[39m: "database_migration"
    [35mmessage[39m: "> - 0101_durable_campaign_physical_attempt_costs"
[2026-09-21 14:42:20.698 -0400] [32mINFO[39m:
    [35mevent[39m: "database_migration"
    [35mmessage[39m: "### MIGRATION 0101_durable_campaign_physical_attempt_costs (UP) ###"
[2026-09-21 14:42:22.072 -0400] [32mINFO[39m:
    [35mevent[39m: "database_migration"
    [35mmessage[39m: "> Migrating files:"
[2026-09-21 14:42:22.072 -0400] [32mINFO[39m:
    [35mevent[39m: "database_migration"
    [35mmessage[39m: "> - 0001_initial_nexus"
[2026-09-21 14:42:22.072 -0400] [32mINFO[39m:
    [35mevent[39m: "database_migration"
    [35mmessage[39m: "> - 0002_owner_scope_constraints"
[2026-09-21 14:42:22.072 -0400] [32mINFO[39m:
    [35mevent[39m: "database_migration"
    [35mmessage[39m: "> - 0003_asset_references"
[2026-09-21 14:42:22.072 -0400] [32mINFO[39m:
    [35mevent[39m: "database_migration"
    [35mmessage[39m: "> - 0004_chronicle_job_deduplication"
[2026-09-21 14:42:22.072 -0400] [32mINFO[39m:
    [35mevent[39m: "database_migration"
    [35mmessage[39m: "> - 0005_story_engine"
[2026-09-21 14:42:22.072 -0400] [32mINFO[39m:
    [35mevent[39m: "database_migration"
    [35mmessage[39m: "> - 0006_typed_story_orchestration"
[2026-09-21 14:42:22.072 -0400] [32mINFO[39m:
    [35mevent[39m: "database_migration"
    [35mmessage[39m: "> - 0007_semantic_chronicle"
[2026-09-21 14:42:22.072 -0400] [32mINFO[39m:
    [35mevent[39m: "database_migration"
    [35mmessage[39m: "> - 0008_world_library"
[2026-09-21 14:42:22.072 -0400] [32mINFO[39m:
    [35mevent[39m: "database_migration"
    [35mmessage[39m: "> - 0009_illustration_pipeline"
[2026-09-21 14:42:22.072 -0400] [32mINFO[39m:
    [35mevent[39m: "database_migration"
    [35mmessage[39m: "> - 0010_provider_profile_defaults"
[2026-09-21 14:42:22.072 -0400] [32mINFO[39m:
    [35mevent[39m: "database_migration"
    [35mmessage[39m: "> - 0011_embedding_model_default"
[2026-09-21 14:42:22.072 -0400] [32mINFO[39m:
    [35mevent[39m: "database_migration"
    [35mmessage[39m: "> - 0012_dynamic_chronicle"
[2026-09-21 14:42:22.072 -0400] [32mINFO[39m:
    [35mevent[39m: "database_migration"
    [35mmessage[39m: "> - 0013_campaign_story_length"
[2026-09-21 14:42:22.072 -0400] [32mINFO[39m:
    [35mevent[39m: "database_migration"
    [35mmessage[39m: "> - 0014_generation_progress"
[2026-09-21 14:42:22.072 -0400] [32mINFO[39m:
    [35mevent[39m: "database_migration"
    [35mmessage[39m: "> - 0015_campaign_cost_events"
[2026-09-21 14:42:22.072 -0400] [32mINFO[39m:
    [35mevent[39m: "database_migration"
    [35mmessage[39m: "> - 0016_provider_request_timeout"
[2026-09-21 14:42:22.072 -0400] [32mINFO[39m:
    [35mevent[39m: "database_migration"
    [35mmessage[39m: "> - 0017_campaign_characters"
[2026-09-21 14:42:22.072 -0400] [32mINFO[39m:
    [35mevent[39m: "database_migration"
    [35mmessage[39m: "> - 0018_initial_state_snapshot"
[2026-09-21 14:42:22.072 -0400] [32mINFO[39m:
    [35mevent[39m: "database_migration"
    [35mmessage[39m: "> - 0019_multi_tenant_hardening"
[2026-09-21 14:42:22.072 -0400] [32mINFO[39m:
    [35mevent[39m: "database_migration"
    [35mmessage[39m: "> - 0020_user_settings"
[2026-09-21 14:42:22.072 -0400] [32mINFO[39m:
    [35mevent[39m: "database_migration"
    [35mmessage[39m: "> - 0021_world_version_deletion"
[2026-09-21 14:42:22.072 -0400] [32mINFO[39m:
    [35mevent[39m: "database_migration"
    [35mmessage[39m: "> - 0022_campaign_state_revisions"
[2026-09-21 14:42:22.072 -0400] [32mINFO[39m:
    [35mevent[39m: "database_migration"
    [35mmessage[39m: "> - 0023_durable_generation_replacement"
[2026-09-21 14:42:22.072 -0400] [32mINFO[39m:
    [35mevent[39m: "database_migration"
    [35mmessage[39m: "> - 0024_structured_canonical_facts"
[2026-09-21 14:42:22.072 -0400] [32mINFO[39m:
    [35mevent[39m: "database_migration"
    [35mmessage[39m: "> - 0025_asset_reference_lifecycle"
[2026-09-21 14:42:22.072 -0400] [32mINFO[39m:
    [35mevent[39m: "database_migration"
    [35mmessage[39m: "> - 0026_campaign_world_transfers"
[2026-09-21 14:42:22.072 -0400] [32mINFO[39m:
    [35mevent[39m: "database_migration"
    [35mmessage[39m: "> - 0027_turn_intent_provider_role"
[2026-09-21 14:42:22.072 -0400] [32mINFO[39m:
    [35mevent[39m: "database_migration"
    [35mmessage[39m: "> - 0028_turn_input_modes"
[2026-09-21 14:42:22.072 -0400] [32mINFO[39m:
    [35mevent[39m: "database_migration"
    [35mmessage[39m: "> - 0029_durable_image_provider_jobs"
[2026-09-21 14:42:22.072 -0400] [32mINFO[39m:
    [35mevent[39m: "database_migration"
    [35mmessage[39m: "> - 0030_world_cover_image_jobs"
[2026-09-21 14:42:22.072 -0400] [32mINFO[39m:
    [35mevent[39m: "database_migration"
    [35mmessage[39m: "> - 0031_context_aware_image_library"
[2026-09-21 14:42:22.072 -0400] [32mINFO[39m:
    [35mevent[39m: "database_migration"
    [35mmessage[39m: "> - 0032_sogni_sdk_provider"
[2026-09-21 14:42:22.072 -0400] [32mINFO[39m:
    [35mevent[39m: "database_migration"
    [35mmessage[39m: "> - 0033_segmented_turn_illustrations"
[2026-09-21 14:42:22.072 -0400] [32mINFO[39m:
    [35mevent[39m: "database_migration"
    [35mmessage[39m: "> - 0034_campaign_illustration_refinement_instructions"
[2026-09-21 14:42:22.072 -0400] [32mINFO[39m:
    [35mevent[39m: "database_migration"
    [35mmessage[39m: "> - 0035_campaign_illustration_refinement_prompt"
[2026-09-21 14:42:22.072 -0400] [32mINFO[39m:
    [35mevent[39m: "database_migration"
    [35mmessage[39m: "> - 0036_structured_character_profiles"
[2026-09-21 14:42:22.072 -0400] [32mINFO[39m:
    [35mevent[39m: "database_migration"
    [35mmessage[39m: "> - 0037_prompt_library"
[2026-09-21 14:42:22.072 -0400] [32mINFO[39m:
    [35mevent[39m: "database_migration"
    [35mmessage[39m: "> - 0038_prompt_library_hardening"
[2026-09-21 14:42:22.072 -0400] [32mINFO[39m:
    [35mevent[39m: "database_migration"
    [35mmessage[39m: "> - 0039_chronicle_entity_identity"
[2026-09-21 14:42:22.072 -0400] [32mINFO[39m:
    [35mevent[39m: "database_migration"
    [35mmessage[39m: "> - 0040_streaming_illustration_pipeline"
[2026-09-21 14:42:22.072 -0400] [32mINFO[39m:
    [35mevent[39m: "database_migration"
    [35mmessage[39m: "> - 0041_allow_streaming_asset_contexts"
[2026-09-21 14:42:22.072 -0400] [32mINFO[39m:
    [35mevent[39m: "database_migration"
    [35mmessage[39m: "> - 0042_json_illustration_refinement_prompt"
[2026-09-21 14:42:22.072 -0400] [32mINFO[39m:
    [35mevent[39m: "database_migration"
    [35mmessage[39m: "> - 0043_world_generation_progress"
[2026-09-21 14:42:22.072 -0400] [32mINFO[39m:
    [35mevent[39m: "database_migration"
    [35mmessage[39m: "> - 0044_api_admission_control"
[2026-09-21 14:42:22.072 -0400] [32mINFO[39m:
    [35mevent[39m: "database_migration"
    [35mmessage[39m: "> - 0045_archive_previews"
[2026-09-21 14:42:22.072 -0400] [32mINFO[39m:
    [35mevent[39m: "database_migration"
    [35mmessage[39m: "> - 0046_archive_preview_superseded"
[2026-09-21 14:42:22.072 -0400] [32mINFO[39m:
    [35mevent[39m: "database_migration"
    [35mmessage[39m: "> - 0047_full_campaign_state_corrections"
[2026-09-21 14:42:22.072 -0400] [32mINFO[39m:
    [35mevent[39m: "database_migration"
    [35mmessage[39m: "> - 0048_cascade_streaming_image_jobs"
[2026-09-21 14:42:22.072 -0400] [32mINFO[39m:
    [35mevent[39m: "database_migration"
    [35mmessage[39m: "> - 0049_cancelled_generation_jobs"
[2026-09-21 14:42:22.072 -0400] [32mINFO[39m:
    [35mevent[39m: "database_migration"
    [35mmessage[39m: "> - 0050_cancel_provisional_illustration_children"
[2026-09-21 14:42:22.072 -0400] [32mINFO[39m:
    [35mevent[39m: "database_migration"
    [35mmessage[39m: "> - 0051_preserve_replacement_turn_provenance"
[2026-09-21 14:42:22.072 -0400] [32mINFO[39m:
    [35mevent[39m: "database_migration"
    [35mmessage[39m: "> - 0052_generation_job_notifications"
[2026-09-21 14:42:22.072 -0400] [32mINFO[39m:
    [35mevent[39m: "database_migration"
    [35mmessage[39m: "> - 0053_durable_asset_portable_operations"
[2026-09-21 14:42:22.072 -0400] [32mINFO[39m:
    [35mevent[39m: "database_migration"
    [35mmessage[39m: "> - 0054_private_filesystem_authority"
[2026-09-21 14:42:22.072 -0400] [32mINFO[39m:
    [35mevent[39m: "database_migration"
    [35mmessage[39m: "> - 0055_private_portable_repository_guards"
[2026-09-21 14:42:22.072 -0400] [32mINFO[39m:
    [35mevent[39m: "database_migration"
    [35mmessage[39m: "> - 0056_private_filesystem_current_clock"
[2026-09-21 14:42:22.072 -0400] [32mINFO[39m:
    [35mevent[39m: "database_migration"
    [35mmessage[39m: "> - 0057_finalized_asset_delivery_authority"
[2026-09-21 14:42:22.072 -0400] [32mINFO[39m:
    [35mevent[39m: "database_migration"
    [35mmessage[39m: "> - 0058_secure_storage_lifecycle"
[2026-09-21 14:42:22.072 -0400] [32mINFO[39m:
    [35mevent[39m: "database_migration"
    [35mmessage[39m: "> - 0059_secure_storage_target_intent"
[2026-09-21 14:42:22.072 -0400] [32mINFO[39m:
    [35mevent[39m: "database_migration"
    [35mmessage[39m: "> - 0060_asset_publication_identities"
[2026-09-21 14:42:22.072 -0400] [32mINFO[39m:
    [35mevent[39m: "database_migration"
    [35mmessage[39m: "> - 0061_portable_import_composition"
[2026-09-21 14:42:22.072 -0400] [32mINFO[39m:
    [35mevent[39m: "database_migration"
    [35mmessage[39m: "> - 0062_portable_import_asset_publications"
[2026-09-21 14:42:22.072 -0400] [32mINFO[39m:
    [35mevent[39m: "database_migration"
    [35mmessage[39m: "> - 0063_portable_legacy_story_asset_publications"
[2026-09-21 14:42:22.072 -0400] [32mINFO[39m:
    [35mevent[39m: "database_migration"
    [35mmessage[39m: "> - 0064_normalized_asset_publication_requests"
[2026-09-21 14:42:22.072 -0400] [32mINFO[39m:
    [35mevent[39m: "database_migration"
    [35mmessage[39m: "> - 0065_illustration_asset_publications"
[2026-09-21 14:42:22.072 -0400] [32mINFO[39m:
    [35mevent[39m: "database_migration"
    [35mmessage[39m: "> - 0066_portable_normalized_asset_publications"
[2026-09-21 14:42:22.072 -0400] [32mINFO[39m:
    [35mevent[39m: "database_migration"
    [35mmessage[39m: "> - 0067_asset_metadata_backfill_executor"
[2026-09-21 14:42:22.072 -0400] [32mINFO[39m:
    [35mevent[39m: "database_migration"
    [35mmessage[39m: "> - 0068_portable_legacy_story_create_world"
[2026-09-21 14:42:22.072 -0400] [32mINFO[39m:
    [35mevent[39m: "database_migration"
    [35mmessage[39m: "> - 0069_import_progress_status"
[2026-09-21 14:42:22.072 -0400] [32mINFO[39m:
    [35mevent[39m: "database_migration"
    [35mmessage[39m: "> - 0070_turn_narration_corrections"
[2026-09-21 14:42:22.072 -0400] [32mINFO[39m:
    [35mevent[39m: "database_migration"
    [35mmessage[39m: "> - 0071_world_share_links"
[2026-09-21 14:42:22.072 -0400] [32mINFO[39m:
    [35mevent[39m: "database_migration"
    [35mmessage[39m: "> - 0072_chronicle_memory_chunks"
[2026-09-21 14:42:22.072 -0400] [32mINFO[39m:
    [35mevent[39m: "database_migration"
    [35mmessage[39m: "> - 0073_chronicle_chunk_job_fencing"
[2026-09-21 14:42:22.072 -0400] [32mINFO[39m:
    [35mevent[39m: "database_migration"
    [35mmessage[39m: "> - 0074_chronicle_retrieval_observability"
[2026-09-21 14:42:22.072 -0400] [32mINFO[39m:
    [35mevent[39m: "database_migration"
    [35mmessage[39m: "> - 0075_chronicle_query_embedding_cache"
[2026-09-21 14:42:22.072 -0400] [32mINFO[39m:
    [35mevent[39m: "database_migration"
    [35mmessage[39m: "> - 0076_chronicle_chunk_skip_reasons"
[2026-09-21 14:42:22.072 -0400] [32mINFO[39m:
    [35mevent[39m: "database_migration"
    [35mmessage[39m: "> - 0077_chronicle_chunk_processed_signature"
[2026-09-21 14:42:22.072 -0400] [32mINFO[39m:
    [35mevent[39m: "database_migration"
    [35mmessage[39m: "> - 0078_system_archive_jobs"
[2026-09-21 14:42:22.072 -0400] [32mINFO[39m:
    [35mevent[39m: "database_migration"
    [35mmessage[39m: "> - 0079_resumable_system_archive_uploads"
[2026-09-21 14:42:22.072 -0400] [32mINFO[39m:
    [35mevent[39m: "database_migration"
    [35mmessage[39m: "> - 0080_published_asset_derivative_reservations"
[2026-09-21 14:42:22.072 -0400] [32mINFO[39m:
    [35mevent[39m: "database_migration"
    [35mmessage[39m: "> - 0081_campaign_story_context_budget"
[2026-09-21 14:42:22.072 -0400] [32mINFO[39m:
    [35mevent[39m: "database_migration"
    [35mmessage[39m: "> - 0082_turn_zero_state_correction_facts"
[2026-09-21 14:42:22.072 -0400] [32mINFO[39m:
    [35mevent[39m: "database_migration"
    [35mmessage[39m: "> - 0083_cleaned_campaign_export_deletion"
[2026-09-21 14:42:22.072 -0400] [32mINFO[39m:
    [35mevent[39m: "database_migration"
    [35mmessage[39m: "> - 0084_generation_authority_identity"
[2026-09-21 14:42:22.072 -0400] [32mINFO[39m:
    [35mevent[39m: "database_migration"
    [35mmessage[39m: "> - 0085_prompt_override_compatibility_acknowledgements"
[2026-09-21 14:42:22.073 -0400] [32mINFO[39m:
    [35mevent[39m: "database_migration"
    [35mmessage[39m: "### MIGRATION 0001_initial_nexus (UP) ###"
[2026-09-21 14:42:22.098 -0400] [32mINFO[39m:
    [35mevent[39m: "database_migration"
    [35mmessage[39m: "### MIGRATION 0002_owner_scope_constraints (UP) ###"
[2026-09-21 14:42:22.102 -0400] [32mINFO[39m:
    [35mevent[39m: "database_migration"
    [35mmessage[39m: "### MIGRATION 0003_asset_references (UP) ###"
[2026-09-21 14:42:22.105 -0400] [32mINFO[39m:
    [35mevent[39m: "database_migration"
    [35mmessage[39m: "### MIGRATION 0004_chronicle_job_deduplication (UP) ###"
[2026-09-21 14:42:22.106 -0400] [32mINFO[39m:
    [35mevent[39m: "database_migration"
    [35mmessage[39m: "### MIGRATION 0005_story_engine (UP) ###"
[2026-09-21 14:42:22.114 -0400] [32mINFO[39m:
    [35mevent[39m: "database_migration"
    [35mmessage[39m: "### MIGRATION 0006_typed_story_orchestration (UP) ###"
[2026-09-21 14:42:22.116 -0400] [32mINFO[39m:
    [35mevent[39m: "database_migration"
    [35mmessage[39m: "### MIGRATION 0007_semantic_chronicle (UP) ###"
[2026-09-21 14:42:22.119 -0400] [32mINFO[39m:
    [35mevent[39m: "database_migration"
    [35mmessage[39m: "### MIGRATION 0008_world_library (UP) ###"
[2026-09-21 14:42:22.124 -0400] [32mINFO[39m:
    [35mevent[39m: "database_migration"
    [35mmessage[39m: "### MIGRATION 0009_illustration_pipeline (UP) ###"
[2026-09-21 14:42:22.129 -0400] [32mINFO[39m:
    [35mevent[39m: "database_migration"
    [35mmessage[39m: "### MIGRATION 0010_provider_profile_defaults (UP) ###"
[2026-09-21 14:42:22.131 -0400] [32mINFO[39m:
    [35mevent[39m: "database_migration"
    [35mmessage[39m: "### MIGRATION 0011_embedding_model_default (UP) ###"
[2026-09-21 14:42:22.133 -0400] [32mINFO[39m:
    [35mevent[39m: "database_migration"
    [35mmessage[39m: "### MIGRATION 0012_dynamic_chronicle (UP) ###"
[2026-09-21 14:42:22.135 -0400] [32mINFO[39m:
    [35mevent[39m: "database_migration"
    [35mmessage[39m: "### MIGRATION 0013_campaign_story_length (UP) ###"
[2026-09-21 14:42:22.136 -0400] [32mINFO[39m:
    [35mevent[39m: "database_migration"
    [35mmessage[39m: "### MIGRATION 0014_generation_progress (UP) ###"
[2026-09-21 14:42:22.138 -0400] [32mINFO[39m:
    [35mevent[39m: "database_migration"
    [35mmessage[39m: "### MIGRATION 0015_campaign_cost_events (UP) ###"
[2026-09-21 14:42:22.142 -0400] [32mINFO[39m:
    [35mevent[39m: "database_migration"
    [35mmessage[39m: "### MIGRATION 0016_provider_request_timeout (UP) ###"
[2026-09-21 14:42:22.144 -0400] [32mINFO[39m:
    [35mevent[39m: "database_migration"
    [35mmessage[39m: "### MIGRATION 0017_campaign_characters (UP) ###"
[2026-09-21 14:42:22.145 -0400] [32mINFO[39m:
    [35mevent[39m: "database_migration"
    [35mmessage[39m: "### MIGRATION 0018_initial_state_snapshot (UP) ###"
[2026-09-21 14:42:22.147 -0400] [32mINFO[39m:
    [35mevent[39m: "database_migration"
    [35mmessage[39m: "### MIGRATION 0019_multi_tenant_hardening (UP) ###"
[2026-09-21 14:42:22.152 -0400] [32mINFO[39m:
    [35mevent[39m: "database_migration"
    [35mmessage[39m: "### MIGRATION 0020_user_settings (UP) ###"
[2026-09-21 14:42:22.153 -0400] [32mINFO[39m:
    [35mevent[39m: "database_migration"
    [35mmessage[39m: "### MIGRATION 0021_world_version_deletion (UP) ###"
[2026-09-21 14:42:22.157 -0400] [32mINFO[39m:
    [35mevent[39m: "database_migration"
    [35mmessage[39m: "### MIGRATION 0022_campaign_state_revisions (UP) ###"
[2026-09-21 14:42:22.160 -0400] [32mINFO[39m:
    [35mevent[39m: "database_migration"
    [35mmessage[39m: "### MIGRATION 0023_durable_generation_replacement (UP) ###"
[2026-09-21 14:42:22.162 -0400] [32mINFO[39m:
    [35mevent[39m: "database_migration"
    [35mmessage[39m: "### MIGRATION 0024_structured_canonical_facts (UP) ###"
[2026-09-21 14:42:22.166 -0400] [32mINFO[39m:
    [35mevent[39m: "database_migration"
    [35mmessage[39m: "### MIGRATION 0025_asset_reference_lifecycle (UP) ###"
[2026-09-21 14:42:22.168 -0400] [32mINFO[39m:
    [35mevent[39m: "database_migration"
    [35mmessage[39m: "### MIGRATION 0026_campaign_world_transfers (UP) ###"
[2026-09-21 14:42:22.171 -0400] [32mINFO[39m:
    [35mevent[39m: "database_migration"
    [35mmessage[39m: "### MIGRATION 0027_turn_intent_provider_role (UP) ###"
[2026-09-21 14:42:22.173 -0400] [32mINFO[39m:
    [35mevent[39m: "database_migration"
    [35mmessage[39m: "### MIGRATION 0028_turn_input_modes (UP) ###"
[2026-09-21 14:42:22.177 -0400] [32mINFO[39m:
    [35mevent[39m: "database_migration"
    [35mmessage[39m: "### MIGRATION 0029_durable_image_provider_jobs (UP) ###"
[2026-09-21 14:42:22.180 -0400] [32mINFO[39m:
    [35mevent[39m: "database_migration"
    [35mmessage[39m: "### MIGRATION 0030_world_cover_image_jobs (UP) ###"
[2026-09-21 14:42:22.184 -0400] [32mINFO[39m:
    [35mevent[39m: "database_migration"
    [35mmessage[39m: "### MIGRATION 0031_context_aware_image_library (UP) ###"
[2026-09-21 14:42:22.197 -0400] [32mINFO[39m:
    [35mevent[39m: "database_migration"
    [35mmessage[39m: "### MIGRATION 0032_sogni_sdk_provider (UP) ###"
[2026-09-21 14:42:22.199 -0400] [32mINFO[39m:
    [35mevent[39m: "database_migration"
    [35mmessage[39m: "### MIGRATION 0033_segmented_turn_illustrations (UP) ###"
[2026-09-21 14:42:22.210 -0400] [32mINFO[39m:
    [35mevent[39m: "database_migration"
    [35mmessage[39m: "### MIGRATION 0034_campaign_illustration_refinement_instructions (UP) ###"
[2026-09-21 14:42:22.212 -0400] [32mINFO[39m:
    [35mevent[39m: "database_migration"
    [35mmessage[39m: "### MIGRATION 0035_campaign_illustration_refinement_prompt (UP) ###"
[2026-09-21 14:42:22.213 -0400] [32mINFO[39m:
    [35mevent[39m: "database_migration"
    [35mmessage[39m: "### MIGRATION 0036_structured_character_profiles (UP) ###"
[2026-09-21 14:42:22.216 -0400] [32mINFO[39m:
    [35mevent[39m: "database_migration"
    [35mmessage[39m: "### MIGRATION 0037_prompt_library (UP) ###"
[2026-09-21 14:42:22.219 -0400] [32mINFO[39m:
    [35mevent[39m: "database_migration"
    [35mmessage[39m: "### MIGRATION 0038_prompt_library_hardening (UP) ###"
[2026-09-21 14:42:22.221 -0400] [32mINFO[39m:
    [35mevent[39m: "database_migration"
    [35mmessage[39m: "### MIGRATION 0039_chronicle_entity_identity (UP) ###"
[2026-09-21 14:42:22.223 -0400] [32mINFO[39m:
    [35mevent[39m: "database_migration"
    [35mmessage[39m: "### MIGRATION 0040_streaming_illustration_pipeline (UP) ###"
[2026-09-21 14:42:22.227 -0400] [32mINFO[39m:
    [35mevent[39m: "database_migration"
    [35mmessage[39m: "### MIGRATION 0041_allow_streaming_asset_contexts (UP) ###"
[2026-09-21 14:42:22.229 -0400] [32mINFO[39m:
    [35mevent[39m: "database_migration"
    [35mmessage[39m: "### MIGRATION 0042_json_illustration_refinement_prompt (UP) ###"
[2026-09-21 14:42:22.230 -0400] [32mINFO[39m:
    [35mevent[39m: "database_migration"
    [35mmessage[39m: "### MIGRATION 0043_world_generation_progress (UP) ###"
[2026-09-21 14:42:22.232 -0400] [32mINFO[39m:
    [35mevent[39m: "database_migration"
    [35mmessage[39m: "### MIGRATION 0044_api_admission_control (UP) ###"
[2026-09-21 14:42:22.235 -0400] [32mINFO[39m:
    [35mevent[39m: "database_migration"
    [35mmessage[39m: "### MIGRATION 0045_archive_previews (UP) ###"
[2026-09-21 14:42:22.238 -0400] [32mINFO[39m:
    [35mevent[39m: "database_migration"
    [35mmessage[39m: "### MIGRATION 0046_archive_preview_superseded (UP) ###"
[2026-09-21 14:42:22.239 -0400] [32mINFO[39m:
    [35mevent[39m: "database_migration"
    [35mmessage[39m: "### MIGRATION 0047_full_campaign_state_corrections (UP) ###"
[2026-09-21 14:42:22.242 -0400] [32mINFO[39m:
    [35mevent[39m: "database_migration"
    [35mmessage[39m: "### MIGRATION 0048_cascade_streaming_image_jobs (UP) ###"
[2026-09-21 14:42:22.245 -0400] [32mINFO[39m:
    [35mevent[39m: "database_migration"
    [35mmessage[39m: "### MIGRATION 0049_cancelled_generation_jobs (UP) ###"
[2026-09-21 14:42:22.246 -0400] [32mINFO[39m:
    [35mevent[39m: "database_migration"
    [35mmessage[39m: "### MIGRATION 0050_cancel_provisional_illustration_children (UP) ###"
[2026-09-21 14:42:22.248 -0400] [32mINFO[39m:
    [35mevent[39m: "database_migration"
    [35mmessage[39m: "### MIGRATION 0051_preserve_replacement_turn_provenance (UP) ###"
[2026-09-21 14:42:22.249 -0400] [32mINFO[39m:
    [35mevent[39m: "database_migration"
    [35mmessage[39m: "### MIGRATION 0052_generation_job_notifications (UP) ###"
[2026-09-21 14:42:22.250 -0400] [32mINFO[39m:
    [35mevent[39m: "database_migration"
    [35mmessage[39m: "### MIGRATION 0053_durable_asset_portable_operations (UP) ###"
[2026-09-21 14:42:22.267 -0400] [32mINFO[39m:
    [35mevent[39m: "database_migration"
    [35mmessage[39m: "### MIGRATION 0054_private_filesystem_authority (UP) ###"
[2026-09-21 14:42:22.276 -0400] [32mINFO[39m:
    [35mevent[39m: "database_migration"
    [35mmessage[39m: "### MIGRATION 0055_private_portable_repository_guards (UP) ###"
[2026-09-21 14:42:22.278 -0400] [32mINFO[39m:
    [35mevent[39m: "database_migration"
    [35mmessage[39m: "### MIGRATION 0056_private_filesystem_current_clock (UP) ###"
[2026-09-21 14:42:22.280 -0400] [32mINFO[39m:
    [35mevent[39m: "database_migration"
    [35mmessage[39m: "### MIGRATION 0057_finalized_asset_delivery_authority (UP) ###"
[2026-09-21 14:42:22.285 -0400] [32mINFO[39m:
    [35mevent[39m: "database_migration"
    [35mmessage[39m: "### MIGRATION 0058_secure_storage_lifecycle (UP) ###"
[2026-09-21 14:42:22.288 -0400] [32mINFO[39m:
    [35mevent[39m: "database_migration"
    [35mmessage[39m: "### MIGRATION 0059_secure_storage_target_intent (UP) ###"
[2026-09-21 14:42:22.291 -0400] [32mINFO[39m:
    [35mevent[39m: "database_migration"
    [35mmessage[39m: "### MIGRATION 0060_asset_publication_identities (UP) ###"
[2026-09-21 14:42:22.294 -0400] [32mINFO[39m:
    [35mevent[39m: "database_migration"
    [35mmessage[39m: "### MIGRATION 0061_portable_import_composition (UP) ###"
[2026-09-21 14:42:22.298 -0400] [32mINFO[39m:
    [35mevent[39m: "database_migration"
    [35mmessage[39m: "### MIGRATION 0062_portable_import_asset_publications (UP) ###"
[2026-09-21 14:42:22.302 -0400] [32mINFO[39m:
    [35mevent[39m: "database_migration"
    [35mmessage[39m: "### MIGRATION 0063_portable_legacy_story_asset_publications (UP) ###"
[2026-09-21 14:42:22.304 -0400] [32mINFO[39m:
    [35mevent[39m: "database_migration"
    [35mmessage[39m: "### MIGRATION 0064_normalized_asset_publication_requests (UP) ###"
[2026-09-21 14:42:22.317 -0400] [32mINFO[39m:
    [35mevent[39m: "database_migration"
    [35mmessage[39m: "### MIGRATION 0065_illustration_asset_publications (UP) ###"
[2026-09-21 14:42:22.320 -0400] [32mINFO[39m:
    [35mevent[39m: "database_migration"
    [35mmessage[39m: "### MIGRATION 0066_portable_normalized_asset_publications (UP) ###"
[2026-09-21 14:42:22.328 -0400] [32mINFO[39m:
    [35mevent[39m: "database_migration"
    [35mmessage[39m: "### MIGRATION 0067_asset_metadata_backfill_executor (UP) ###"
[2026-09-21 14:42:22.330 -0400] [32mINFO[39m:
    [35mevent[39m: "database_migration"
    [35mmessage[39m: "### MIGRATION 0068_portable_legacy_story_create_world (UP) ###"
[2026-09-21 14:42:22.331 -0400] [32mINFO[39m:
    [35mevent[39m: "database_migration"
    [35mmessage[39m: "### MIGRATION 0069_import_progress_status (UP) ###"
[2026-09-21 14:42:22.334 -0400] [32mINFO[39m:
    [35mevent[39m: "database_migration"
    [35mmessage[39m: "### MIGRATION 0070_turn_narration_corrections (UP) ###"
[2026-09-21 14:42:22.337 -0400] [32mINFO[39m:
    [35mevent[39m: "database_migration"
    [35mmessage[39m: "### MIGRATION 0071_world_share_links (UP) ###"
[2026-09-21 14:42:22.340 -0400] [32mINFO[39m:
    [35mevent[39m: "database_migration"
    [35mmessage[39m: "### MIGRATION 0072_chronicle_memory_chunks (UP) ###"
[2026-09-21 14:42:22.348 -0400] [32mINFO[39m:
    [35mevent[39m: "database_migration"
    [35mmessage[39m: "### MIGRATION 0073_chronicle_chunk_job_fencing (UP) ###"
[2026-09-21 14:42:22.350 -0400] [32mINFO[39m:
    [35mevent[39m: "database_migration"
    [35mmessage[39m: "### MIGRATION 0074_chronicle_retrieval_observability (UP) ###"
[2026-09-21 14:42:22.354 -0400] [32mINFO[39m:
    [35mevent[39m: "database_migration"
    [35mmessage[39m: "### MIGRATION 0075_chronicle_query_embedding_cache (UP) ###"
[2026-09-21 14:42:22.357 -0400] [32mINFO[39m:
    [35mevent[39m: "database_migration"
    [35mmessage[39m: "### MIGRATION 0076_chronicle_chunk_skip_reasons (UP) ###"
[2026-09-21 14:42:22.359 -0400] [32mINFO[39m:
    [35mevent[39m: "database_migration"
    [35mmessage[39m: "### MIGRATION 0077_chronicle_chunk_processed_signature (UP) ###"
[2026-09-21 14:42:22.360 -0400] [32mINFO[39m:
    [35mevent[39m: "database_migration"
    [35mmessage[39m: "### MIGRATION 0078_system_archive_jobs (UP) ###"
[2026-09-21 14:42:22.373 -0400] [32mINFO[39m:
    [35mevent[39m: "database_migration"
    [35mmessage[39m: "### MIGRATION 0079_resumable_system_archive_uploads (UP) ###"
[2026-09-21 14:42:22.378 -0400] [32mINFO[39m:
    [35mevent[39m: "database_migration"
    [35mmessage[39m: "### MIGRATION 0080_published_asset_derivative_reservations (UP) ###"
[2026-09-21 14:42:22.380 -0400] [32mINFO[39m:
    [35mevent[39m: "database_migration"
    [35mmessage[39m: "### MIGRATION 0081_campaign_story_context_budget (UP) ###"
[2026-09-21 14:42:22.381 -0400] [32mINFO[39m:
    [35mevent[39m: "database_migration"
    [35mmessage[39m: "### MIGRATION 0082_turn_zero_state_correction_facts (UP) ###"
[2026-09-21 14:42:22.383 -0400] [32mINFO[39m:
    [35mevent[39m: "database_migration"
    [35mmessage[39m: "### MIGRATION 0083_cleaned_campaign_export_deletion (UP) ###"
[2026-09-21 14:42:22.384 -0400] [32mINFO[39m:
    [35mevent[39m: "database_migration"
    [35mmessage[39m: "### MIGRATION 0084_generation_authority_identity (UP) ###"
[2026-09-21 14:42:22.386 -0400] [32mINFO[39m:
    [35mevent[39m: "database_migration"
    [35mmessage[39m: "### MIGRATION 0085_prompt_override_compatibility_acknowledgements (UP) ###"
[2026-09-21 14:42:22.572 -0400] [32mINFO[39m:
    [35mevent[39m: "database_migration"
    [35mmessage[39m: "> Migrating files:"
[2026-09-21 14:42:22.572 -0400] [32mINFO[39m:
    [35mevent[39m: "database_migration"
    [35mmessage[39m: "> - 0086_prompt_override_protocol_acknowledgements"
[2026-09-21 14:42:22.572 -0400] [32mINFO[39m:
    [35mevent[39m: "database_migration"
    [35mmessage[39m: "> - 0087_chronicle_query_cache_access_sequence"
[2026-09-21 14:42:22.572 -0400] [32mINFO[39m:
    [35mevent[39m: "database_migration"
    [35mmessage[39m: "> - 0088_expand_campaign_story_context_budget"
[2026-09-21 14:42:22.572 -0400] [32mINFO[39m:
    [35mevent[39m: "database_migration"
    [35mmessage[39m: "> - 0089_authoring_jobs"
[2026-09-21 14:42:22.572 -0400] [32mINFO[39m:
    [35mevent[39m: "database_migration"
    [35mmessage[39m: "> - 0090_authoring_apply_review_selection"
[2026-09-21 14:42:22.572 -0400] [32mINFO[39m:
    [35mevent[39m: "database_migration"
    [35mmessage[39m: "> - 0091_story_source_authoring"
[2026-09-21 14:42:22.572 -0400] [32mINFO[39m:
    [35mevent[39m: "database_migration"
    [35mmessage[39m: "> - 0092_source_synthesis_review_fence"
[2026-09-21 14:42:22.572 -0400] [32mINFO[39m:
    [35mevent[39m: "database_migration"
    [35mmessage[39m: "> - 0093_portable_source_material_authority_paths"
[2026-09-21 14:42:22.572 -0400] [32mINFO[39m:
    [35mevent[39m: "database_migration"
    [35mmessage[39m: "> - 0094_story_generation_policy"
[2026-09-21 14:42:22.572 -0400] [32mINFO[39m:
    [35mevent[39m: "database_migration"
    [35mmessage[39m: "> - 0095_story_memory_capability_enrollment"
[2026-09-21 14:42:22.572 -0400] [32mINFO[39m:
    [35mevent[39m: "database_migration"
    [35mmessage[39m: "> - 0096_campaign_memory_defaults"
[2026-09-21 14:42:22.572 -0400] [32mINFO[39m:
    [35mevent[39m: "database_migration"
    [35mmessage[39m: "> - 0097_provider_text_selection"
[2026-09-21 14:42:22.572 -0400] [32mINFO[39m:
    [35mevent[39m: "database_migration"
    [35mmessage[39m: "> - 0098_illustration_text_execution_snapshot"
[2026-09-21 14:42:22.572 -0400] [32mINFO[39m:
    [35mevent[39m: "database_migration"
    [35mmessage[39m: "> - 0099_worker_text_plan_protocol_fences"
[2026-09-21 14:42:22.572 -0400] [32mINFO[39m:
    [35mevent[39m: "database_migration"
    [35mmessage[39m: "> - 0100_prepared_text_physical_attempts"
[2026-09-21 14:42:22.572 -0400] [32mINFO[39m:
    [35mevent[39m: "database_migration"
    [35mmessage[39m: "> - 0101_durable_campaign_physical_attempt_costs"
[2026-09-21 14:42:22.573 -0400] [32mINFO[39m:
    [35mevent[39m: "database_migration"
    [35mmessage[39m: "### MIGRATION 0086_prompt_override_protocol_acknowledgements (UP) ###"
[2026-09-21 14:42:22.575 -0400] [32mINFO[39m:
    [35mevent[39m: "database_migration"
    [35mmessage[39m: "### MIGRATION 0087_chronicle_query_cache_access_sequence (UP) ###"
[2026-09-21 14:42:22.578 -0400] [32mINFO[39m:
    [35mevent[39m: "database_migration"
    [35mmessage[39m: "### MIGRATION 0088_expand_campaign_story_context_budget (UP) ###"
[2026-09-21 14:42:22.579 -0400] [32mINFO[39m:
    [35mevent[39m: "database_migration"
    [35mmessage[39m: "### MIGRATION 0089_authoring_jobs (UP) ###"
[2026-09-21 14:42:22.584 -0400] [32mINFO[39m:
    [35mevent[39m: "database_migration"
    [35mmessage[39m: "### MIGRATION 0090_authoring_apply_review_selection (UP) ###"
[2026-09-21 14:42:22.585 -0400] [32mINFO[39m:
    [35mevent[39m: "database_migration"
    [35mmessage[39m: "### MIGRATION 0091_story_source_authoring (UP) ###"
[2026-09-21 14:42:22.587 -0400] [32mINFO[39m:
    [35mevent[39m: "database_migration"
    [35mmessage[39m: "### MIGRATION 0092_source_synthesis_review_fence (UP) ###"
[2026-09-21 14:42:22.588 -0400] [32mINFO[39m:
    [35mevent[39m: "database_migration"
    [35mmessage[39m: "### MIGRATION 0093_portable_source_material_authority_paths (UP) ###"
[2026-09-21 14:42:22.590 -0400] [32mINFO[39m:
    [35mevent[39m: "database_migration"
    [35mmessage[39m: "### MIGRATION 0094_story_generation_policy (UP) ###"
[2026-09-21 14:42:22.592 -0400] [32mINFO[39m:
    [35mevent[39m: "database_migration"
    [35mmessage[39m: "### MIGRATION 0095_story_memory_capability_enrollment (UP) ###"
[2026-09-21 14:42:22.594 -0400] [32mINFO[39m:
    [35mevent[39m: "database_migration"
    [35mmessage[39m: "### MIGRATION 0096_campaign_memory_defaults (UP) ###"
[2026-09-21 14:42:22.596 -0400] [32mINFO[39m:
    [35mevent[39m: "database_migration"
    [35mmessage[39m: "### MIGRATION 0097_provider_text_selection (UP) ###"
[2026-09-21 14:42:22.597 -0400] [32mINFO[39m:
    [35mevent[39m: "database_migration"
    [35mmessage[39m: "### MIGRATION 0098_illustration_text_execution_snapshot (UP) ###"
[2026-09-21 14:42:22.599 -0400] [32mINFO[39m:
    [35mevent[39m: "database_migration"
    [35mmessage[39m: "### MIGRATION 0099_worker_text_plan_protocol_fences (UP) ###"
[2026-09-21 14:42:22.603 -0400] [32mINFO[39m:
    [35mevent[39m: "database_migration"
    [35mmessage[39m: "### MIGRATION 0100_prepared_text_physical_attempts (UP) ###"
[2026-09-21 14:42:22.606 -0400] [32mINFO[39m:
    [35mevent[39m: "database_migration"
    [35mmessage[39m: "### MIGRATION 0101_durable_campaign_physical_attempt_costs (UP) ###"
[2026-09-21 14:42:22.733 -0400] [32mINFO[39m:
    [35mevent[39m: "database_migration"
    [35mmessage[39m: "> Migrating files:"
[2026-09-21 14:42:22.733 -0400] [32mINFO[39m:
    [35mevent[39m: "database_migration"
    [35mmessage[39m: "> - 0078_system_archive_jobs"
[2026-09-21 14:42:22.734 -0400] [32mINFO[39m:
    [35mevent[39m: "database_migration"
    [35mmessage[39m: "### MIGRATION 0078_system_archive_jobs (UP) ###"
[2026-09-21 14:42:23.049 -0400] [32mINFO[39m:
    [35mevent[39m: "database_migration"
    [35mmessage[39m: "> Migrating files:"
[2026-09-21 14:42:23.049 -0400] [32mINFO[39m:
    [35mevent[39m: "database_migration"
    [35mmessage[39m: "> - 0001_valid_function_bodies"
[2026-09-21 14:42:23.050 -0400] [32mINFO[39m:
    [35mevent[39m: "database_migration"
    [35mmessage[39m: "### MIGRATION 0001_valid_function_bodies (UP) ###"
[2026-09-21 14:42:23.315 -0400] [32mINFO[39m:
    [35mevent[39m: "database_migration"
    [35mmessage[39m: "> Migrating files:"
[2026-09-21 14:42:23.315 -0400] [32mINFO[39m:
    [35mevent[39m: "database_migration"
    [35mmessage[39m: "> - 0001_initial_nexus"
[2026-09-21 14:42:23.315 -0400] [32mINFO[39m:
    [35mevent[39m: "database_migration"
    [35mmessage[39m: "### MIGRATION 0001_initial_nexus (UP) ###"
[2026-09-21 14:42:23.354 -0400] [32mINFO[39m:
    [35mevent[39m: "database_migration"
    [35mmessage[39m: "> Migrating files:"
[2026-09-21 14:42:23.354 -0400] [32mINFO[39m:
    [35mevent[39m: "database_migration"
    [35mmessage[39m: "> - 0001_initial_nexus"
[2026-09-21 14:42:23.355 -0400] [32mINFO[39m:
    [35mevent[39m: "database_migration"
    [35mmessage[39m: "### MIGRATION 0001_initial_nexus (UP) ###"
[2026-09-21 14:42:23.565 -0400] [32mINFO[39m:
    [35mevent[39m: "database_migration"
    [35mmessage[39m: "> Migrating files:"
[2026-09-21 14:42:23.565 -0400] [32mINFO[39m:
    [35mevent[39m: "database_migration"
    [35mmessage[39m: "> - 0001_initial_nexus"
[2026-09-21 14:42:23.565 -0400] [32mINFO[39m:
    [35mevent[39m: "database_migration"
    [35mmessage[39m: "> - 0002_owner_scope_constraints"
[2026-09-21 14:42:23.565 -0400] [32mINFO[39m:
    [35mevent[39m: "database_migration"
    [35mmessage[39m: "> - 0003_asset_references"
[2026-09-21 14:42:23.565 -0400] [32mINFO[39m:
    [35mevent[39m: "database_migration"
    [35mmessage[39m: "> - 0004_chronicle_job_deduplication"
[2026-09-21 14:42:23.565 -0400] [32mINFO[39m:
    [35mevent[39m: "database_migration"
    [35mmessage[39m: "> - 0005_story_engine"
[2026-09-21 14:42:23.565 -0400] [32mINFO[39m:
    [35mevent[39m: "database_migration"
    [35mmessage[39m: "> - 0006_typed_story_orchestration"
[2026-09-21 14:42:23.565 -0400] [32mINFO[39m:
    [35mevent[39m: "database_migration"
    [35mmessage[39m: "> - 0007_semantic_chronicle"
[2026-09-21 14:42:23.565 -0400] [32mINFO[39m:
    [35mevent[39m: "database_migration"
    [35mmessage[39m: "> - 0008_world_library"
[2026-09-21 14:42:23.565 -0400] [32mINFO[39m:
    [35mevent[39m: "database_migration"
    [35mmessage[39m: "> - 0009_illustration_pipeline"
[2026-09-21 14:42:23.565 -0400] [32mINFO[39m:
    [35mevent[39m: "database_migration"
    [35mmessage[39m: "> - 0010_provider_profile_defaults"
[2026-09-21 14:42:23.565 -0400] [32mINFO[39m:
    [35mevent[39m: "database_migration"
    [35mmessage[39m: "> - 0011_embedding_model_default"
[2026-09-21 14:42:23.565 -0400] [32mINFO[39m:
    [35mevent[39m: "database_migration"
    [35mmessage[39m: "> - 0012_dynamic_chronicle"
[2026-09-21 14:42:23.565 -0400] [32mINFO[39m:
    [35mevent[39m: "database_migration"
    [35mmessage[39m: "> - 0013_campaign_story_length"
[2026-09-21 14:42:23.565 -0400] [32mINFO[39m:
    [35mevent[39m: "database_migration"
    [35mmessage[39m: "> - 0014_generation_progress"
[2026-09-21 14:42:23.565 -0400] [32mINFO[39m:
    [35mevent[39m: "database_migration"
    [35mmessage[39m: "> - 0015_campaign_cost_events"
[2026-09-21 14:42:23.565 -0400] [32mINFO[39m:
    [35mevent[39m: "database_migration"
    [35mmessage[39m: "> - 0016_provider_request_timeout"
[2026-09-21 14:42:23.565 -0400] [32mINFO[39m:
    [35mevent[39m: "database_migration"
    [35mmessage[39m: "> - 0017_campaign_characters"
[2026-09-21 14:42:23.565 -0400] [32mINFO[39m:
    [35mevent[39m: "database_migration"
    [35mmessage[39m: "> - 0018_initial_state_snapshot"
[2026-09-21 14:42:23.565 -0400] [32mINFO[39m:
    [35mevent[39m: "database_migration"
    [35mmessage[39m: "> - 0019_multi_tenant_hardening"
[2026-09-21 14:42:23.565 -0400] [32mINFO[39m:
    [35mevent[39m: "database_migration"
    [35mmessage[39m: "> - 0020_user_settings"
[2026-09-21 14:42:23.565 -0400] [32mINFO[39m:
    [35mevent[39m: "database_migration"
    [35mmessage[39m: "> - 0021_world_version_deletion"
[2026-09-21 14:42:23.565 -0400] [32mINFO[39m:
    [35mevent[39m: "database_migration"
    [35mmessage[39m: "> - 0022_campaign_state_revisions"
[2026-09-21 14:42:23.565 -0400] [32mINFO[39m:
    [35mevent[39m: "database_migration"
    [35mmessage[39m: "> - 0023_durable_generation_replacement"
[2026-09-21 14:42:23.565 -0400] [32mINFO[39m:
    [35mevent[39m: "database_migration"
    [35mmessage[39m: "> - 0024_structured_canonical_facts"
[2026-09-21 14:42:23.565 -0400] [32mINFO[39m:
    [35mevent[39m: "database_migration"
    [35mmessage[39m: "> - 0025_asset_reference_lifecycle"
[2026-09-21 14:42:23.565 -0400] [32mINFO[39m:
    [35mevent[39m: "database_migration"
    [35mmessage[39m: "> - 0026_campaign_world_transfers"
[2026-09-21 14:42:23.565 -0400] [32mINFO[39m:
    [35mevent[39m: "database_migration"
    [35mmessage[39m: "> - 0027_turn_intent_provider_role"
[2026-09-21 14:42:23.565 -0400] [32mINFO[39m:
    [35mevent[39m: "database_migration"
    [35mmessage[39m: "> - 0028_turn_input_modes"
[2026-09-21 14:42:23.565 -0400] [32mINFO[39m:
    [35mevent[39m: "database_migration"
    [35mmessage[39m: "> - 0029_durable_image_provider_jobs"
[2026-09-21 14:42:23.565 -0400] [32mINFO[39m:
    [35mevent[39m: "database_migration"
    [35mmessage[39m: "> - 0030_world_cover_image_jobs"
[2026-09-21 14:42:23.565 -0400] [32mINFO[39m:
    [35mevent[39m: "database_migration"
    [35mmessage[39m: "> - 0031_context_aware_image_library"
[2026-09-21 14:42:23.565 -0400] [32mINFO[39m:
    [35mevent[39m: "database_migration"
    [35mmessage[39m: "> - 0032_sogni_sdk_provider"
[2026-09-21 14:42:23.565 -0400] [32mINFO[39m:
    [35mevent[39m: "database_migration"
    [35mmessage[39m: "> - 0033_segmented_turn_illustrations"
[2026-09-21 14:42:23.565 -0400] [32mINFO[39m:
    [35mevent[39m: "database_migration"
    [35mmessage[39m: "> - 0034_campaign_illustration_refinement_instructions"
[2026-09-21 14:42:23.565 -0400] [32mINFO[39m:
    [35mevent[39m: "database_migration"
    [35mmessage[39m: "> - 0035_campaign_illustration_refinement_prompt"
[2026-09-21 14:42:23.565 -0400] [32mINFO[39m:
    [35mevent[39m: "database_migration"
    [35mmessage[39m: "> - 0036_structured_character_profiles"
[2026-09-21 14:42:23.565 -0400] [32mINFO[39m:
    [35mevent[39m: "database_migration"
    [35mmessage[39m: "> - 0037_prompt_library"
[2026-09-21 14:42:23.565 -0400] [32mINFO[39m:
    [35mevent[39m: "database_migration"
    [35mmessage[39m: "> - 0038_prompt_library_hardening"
[2026-09-21 14:42:23.565 -0400] [32mINFO[39m:
    [35mevent[39m: "database_migration"
    [35mmessage[39m: "> - 0039_chronicle_entity_identity"
[2026-09-21 14:42:23.565 -0400] [32mINFO[39m:
    [35mevent[39m: "database_migration"
    [35mmessage[39m: "> - 0040_streaming_illustration_pipeline"
[2026-09-21 14:42:23.565 -0400] [32mINFO[39m:
    [35mevent[39m: "database_migration"
    [35mmessage[39m: "> - 0041_allow_streaming_asset_contexts"
[2026-09-21 14:42:23.565 -0400] [32mINFO[39m:
    [35mevent[39m: "database_migration"
    [35mmessage[39m: "> - 0042_json_illustration_refinement_prompt"
[2026-09-21 14:42:23.565 -0400] [32mINFO[39m:
    [35mevent[39m: "database_migration"
    [35mmessage[39m: "> - 0043_world_generation_progress"
[2026-09-21 14:42:23.565 -0400] [32mINFO[39m:
    [35mevent[39m: "database_migration"
    [35mmessage[39m: "> - 0044_api_admission_control"
[2026-09-21 14:42:23.565 -0400] [32mINFO[39m:
    [35mevent[39m: "database_migration"
    [35mmessage[39m: "> - 0045_archive_previews"
[2026-09-21 14:42:23.565 -0400] [32mINFO[39m:
    [35mevent[39m: "database_migration"
    [35mmessage[39m: "> - 0046_archive_preview_superseded"
[2026-09-21 14:42:23.565 -0400] [32mINFO[39m:
    [35mevent[39m: "database_migration"
    [35mmessage[39m: "> - 0047_full_campaign_state_corrections"
[2026-09-21 14:42:23.565 -0400] [32mINFO[39m:
    [35mevent[39m: "database_migration"
    [35mmessage[39m: "> - 0048_cascade_streaming_image_jobs"
[2026-09-21 14:42:23.565 -0400] [32mINFO[39m:
    [35mevent[39m: "database_migration"
    [35mmessage[39m: "> - 0049_cancelled_generation_jobs"
[2026-09-21 14:42:23.565 -0400] [32mINFO[39m:
    [35mevent[39m: "database_migration"
    [35mmessage[39m: "> - 0050_cancel_provisional_illustration_children"
[2026-09-21 14:42:23.565 -0400] [32mINFO[39m:
    [35mevent[39m: "database_migration"
    [35mmessage[39m: "> - 0051_preserve_replacement_turn_provenance"
[2026-09-21 14:42:23.565 -0400] [32mINFO[39m:
    [35mevent[39m: "database_migration"
    [35mmessage[39m: "> - 0052_generation_job_notifications"
[2026-09-21 14:42:23.566 -0400] [32mINFO[39m:
    [35mevent[39m: "database_migration"
    [35mmessage[39m: "### MIGRATION 0001_initial_nexus (UP) ###"
[2026-09-21 14:42:23.603 -0400] [32mINFO[39m:
    [35mevent[39m: "database_migration"
    [35mmessage[39m: "### MIGRATION 0002_owner_scope_constraints (UP) ###"
[2026-09-21 14:42:23.607 -0400] [32mINFO[39m:
    [35mevent[39m: "database_migration"
    [35mmessage[39m: "### MIGRATION 0003_asset_references (UP) ###"
[2026-09-21 14:42:23.609 -0400] [32mINFO[39m:
    [35mevent[39m: "database_migration"
    [35mmessage[39m: "### MIGRATION 0004_chronicle_job_deduplication (UP) ###"
[2026-09-21 14:42:23.610 -0400] [32mINFO[39m:
    [35mevent[39m: "database_migration"
    [35mmessage[39m: "### MIGRATION 0005_story_engine (UP) ###"
[2026-09-21 14:42:23.619 -0400] [32mINFO[39m:
    [35mevent[39m: "database_migration"
    [35mmessage[39m: "### MIGRATION 0006_typed_story_orchestration (UP) ###"
[2026-09-21 14:42:23.621 -0400] [32mINFO[39m:
    [35mevent[39m: "database_migration"
    [35mmessage[39m: "### MIGRATION 0007_semantic_chronicle (UP) ###"
[2026-09-21 14:42:23.625 -0400] [32mINFO[39m:
    [35mevent[39m: "database_migration"
    [35mmessage[39m: "### MIGRATION 0008_world_library (UP) ###"
[2026-09-21 14:42:23.630 -0400] [32mINFO[39m:
    [35mevent[39m: "database_migration"
    [35mmessage[39m: "### MIGRATION 0009_illustration_pipeline (UP) ###"
[2026-09-21 14:42:23.636 -0400] [32mINFO[39m:
    [35mevent[39m: "database_migration"
    [35mmessage[39m: "### MIGRATION 0010_provider_profile_defaults (UP) ###"
[2026-09-21 14:42:23.638 -0400] [32mINFO[39m:
    [35mevent[39m: "database_migration"
    [35mmessage[39m: "### MIGRATION 0011_embedding_model_default (UP) ###"
[2026-09-21 14:42:23.640 -0400] [32mINFO[39m:
    [35mevent[39m: "database_migration"
    [35mmessage[39m: "### MIGRATION 0012_dynamic_chronicle (UP) ###"
[2026-09-21 14:42:23.642 -0400] [32mINFO[39m:
    [35mevent[39m: "database_migration"
    [35mmessage[39m: "### MIGRATION 0013_campaign_story_length (UP) ###"
[2026-09-21 14:42:23.643 -0400] [32mINFO[39m:
    [35mevent[39m: "database_migration"
    [35mmessage[39m: "### MIGRATION 0014_generation_progress (UP) ###"
[2026-09-21 14:42:23.645 -0400] [32mINFO[39m:
    [35mevent[39m: "database_migration"
    [35mmessage[39m: "### MIGRATION 0015_campaign_cost_events (UP) ###"
[2026-09-21 14:42:23.650 -0400] [32mINFO[39m:
    [35mevent[39m: "database_migration"
    [35mmessage[39m: "### MIGRATION 0016_provider_request_timeout (UP) ###"
[2026-09-21 14:42:23.651 -0400] [32mINFO[39m:
    [35mevent[39m: "database_migration"
    [35mmessage[39m: "### MIGRATION 0017_campaign_characters (UP) ###"
[2026-09-21 14:42:23.653 -0400] [32mINFO[39m:
    [35mevent[39m: "database_migration"
    [35mmessage[39m: "### MIGRATION 0018_initial_state_snapshot (UP) ###"
[2026-09-21 14:42:23.654 -0400] [32mINFO[39m:
    [35mevent[39m: "database_migration"
    [35mmessage[39m: "### MIGRATION 0019_multi_tenant_hardening (UP) ###"
[2026-09-21 14:42:23.660 -0400] [32mINFO[39m:
    [35mevent[39m: "database_migration"
    [35mmessage[39m: "### MIGRATION 0020_user_settings (UP) ###"
[2026-09-21 14:42:23.661 -0400] [32mINFO[39m:
    [35mevent[39m: "database_migration"
    [35mmessage[39m: "### MIGRATION 0021_world_version_deletion (UP) ###"
[2026-09-21 14:42:23.665 -0400] [32mINFO[39m:
    [35mevent[39m: "database_migration"
    [35mmessage[39m: "### MIGRATION 0022_campaign_state_revisions (UP) ###"
[2026-09-21 14:42:23.667 -0400] [32mINFO[39m:
    [35mevent[39m: "database_migration"
    [35mmessage[39m: "### MIGRATION 0023_durable_generation_replacement (UP) ###"
[2026-09-21 14:42:23.671 -0400] [32mINFO[39m:
    [35mevent[39m: "database_migration"
    [35mmessage[39m: "### MIGRATION 0024_structured_canonical_facts (UP) ###"
[2026-09-21 14:42:23.674 -0400] [32mINFO[39m:
    [35mevent[39m: "database_migration"
    [35mmessage[39m: "### MIGRATION 0025_asset_reference_lifecycle (UP) ###"
[2026-09-21 14:42:23.677 -0400] [32mINFO[39m:
    [35mevent[39m: "database_migration"
    [35mmessage[39m: "### MIGRATION 0026_campaign_world_transfers (UP) ###"
[2026-09-21 14:42:23.680 -0400] [32mINFO[39m:
    [35mevent[39m: "database_migration"
    [35mmessage[39m: "### MIGRATION 0027_turn_intent_provider_role (UP) ###"
[2026-09-21 14:42:23.681 -0400] [32mINFO[39m:
    [35mevent[39m: "database_migration"
    [35mmessage[39m: "### MIGRATION 0028_turn_input_modes (UP) ###"
[2026-09-21 14:42:23.686 -0400] [32mINFO[39m:
    [35mevent[39m: "database_migration"
    [35mmessage[39m: "### MIGRATION 0029_durable_image_provider_jobs (UP) ###"
[2026-09-21 14:42:23.690 -0400] [32mINFO[39m:
    [35mevent[39m: "database_migration"
    [35mmessage[39m: "### MIGRATION 0030_world_cover_image_jobs (UP) ###"
[2026-09-21 14:42:23.695 -0400] [32mINFO[39m:
    [35mevent[39m: "database_migration"
    [35mmessage[39m: "### MIGRATION 0031_context_aware_image_library (UP) ###"
[2026-09-21 14:42:23.709 -0400] [32mINFO[39m:
    [35mevent[39m: "database_migration"
    [35mmessage[39m: "### MIGRATION 0032_sogni_sdk_provider (UP) ###"
[2026-09-21 14:42:23.711 -0400] [32mINFO[39m:
    [35mevent[39m: "database_migration"
    [35mmessage[39m: "### MIGRATION 0033_segmented_turn_illustrations (UP) ###"
[2026-09-21 14:42:23.724 -0400] [32mINFO[39m:
    [35mevent[39m: "database_migration"
    [35mmessage[39m: "### MIGRATION 0034_campaign_illustration_refinement_instructions (UP) ###"
[2026-09-21 14:42:23.725 -0400] [32mINFO[39m:
    [35mevent[39m: "database_migration"
    [35mmessage[39m: "### MIGRATION 0035_campaign_illustration_refinement_prompt (UP) ###"
[2026-09-21 14:42:23.727 -0400] [32mINFO[39m:
    [35mevent[39m: "database_migration"
    [35mmessage[39m: "### MIGRATION 0036_structured_character_profiles (UP) ###"
[2026-09-21 14:42:23.730 -0400] [32mINFO[39m:
    [35mevent[39m: "database_migration"
    [35mmessage[39m: "### MIGRATION 0037_prompt_library (UP) ###"
[2026-09-21 14:42:23.733 -0400] [32mINFO[39m:
    [35mevent[39m: "database_migration"
    [35mmessage[39m: "### MIGRATION 0038_prompt_library_hardening (UP) ###"
[2026-09-21 14:42:23.735 -0400] [32mINFO[39m:
    [35mevent[39m: "database_migration"
    [35mmessage[39m: "### MIGRATION 0039_chronicle_entity_identity (UP) ###"
[2026-09-21 14:42:23.737 -0400] [32mINFO[39m:
    [35mevent[39m: "database_migration"
    [35mmessage[39m: "### MIGRATION 0040_streaming_illustration_pipeline (UP) ###"
[2026-09-21 14:42:23.741 -0400] [32mINFO[39m:
    [35mevent[39m: "database_migration"
    [35mmessage[39m: "### MIGRATION 0041_allow_streaming_asset_contexts (UP) ###"
[2026-09-21 14:42:23.743 -0400] [32mINFO[39m:
    [35mevent[39m: "database_migration"
    [35mmessage[39m: "### MIGRATION 0042_json_illustration_refinement_prompt (UP) ###"
[2026-09-21 14:42:23.744 -0400] [32mINFO[39m:
    [35mevent[39m: "database_migration"
    [35mmessage[39m: "### MIGRATION 0043_world_generation_progress (UP) ###"
[2026-09-21 14:42:23.747 -0400] [32mINFO[39m:
    [35mevent[39m: "database_migration"
    [35mmessage[39m: "### MIGRATION 0044_api_admission_control (UP) ###"
[2026-09-21 14:42:23.750 -0400] [32mINFO[39m:
    [35mevent[39m: "database_migration"
    [35mmessage[39m: "### MIGRATION 0045_archive_previews (UP) ###"
[2026-09-21 14:42:23.753 -0400] [32mINFO[39m:
    [35mevent[39m: "database_migration"
    [35mmessage[39m: "### MIGRATION 0046_archive_preview_superseded (UP) ###"
[2026-09-21 14:42:23.754 -0400] [32mINFO[39m:
    [35mevent[39m: "database_migration"
    [35mmessage[39m: "### MIGRATION 0047_full_campaign_state_corrections (UP) ###"
[2026-09-21 14:42:23.757 -0400] [32mINFO[39m:
    [35mevent[39m: "database_migration"
    [35mmessage[39m: "### MIGRATION 0048_cascade_streaming_image_jobs (UP) ###"
[2026-09-21 14:42:23.759 -0400] [32mINFO[39m:
    [35mevent[39m: "database_migration"
    [35mmessage[39m: "### MIGRATION 0049_cancelled_generation_jobs (UP) ###"
[2026-09-21 14:42:23.760 -0400] [32mINFO[39m:
    [35mevent[39m: "database_migration"
    [35mmessage[39m: "### MIGRATION 0050_cancel_provisional_illustration_children (UP) ###"
[2026-09-21 14:42:23.761 -0400] [32mINFO[39m:
    [35mevent[39m: "database_migration"
    [35mmessage[39m: "### MIGRATION 0051_preserve_replacement_turn_provenance (UP) ###"
[2026-09-21 14:42:23.763 -0400] [32mINFO[39m:
    [35mevent[39m: "database_migration"
    [35mmessage[39m: "### MIGRATION 0052_generation_job_notifications (UP) ###"
[2026-09-21 14:42:23.935 -0400] [32mINFO[39m:
    [35mevent[39m: "database_migration"
    [35mmessage[39m: "> Migrating files:"
[2026-09-21 14:42:23.935 -0400] [32mINFO[39m:
    [35mevent[39m: "database_migration"
    [35mmessage[39m: "> - 0053_durable_asset_portable_operations"
[2026-09-21 14:42:23.935 -0400] [32mINFO[39m:
    [35mevent[39m: "database_migration"
    [35mmessage[39m: "> - 0054_private_filesystem_authority"
[2026-09-21 14:42:23.935 -0400] [32mINFO[39m:
    [35mevent[39m: "database_migration"
    [35mmessage[39m: "> - 0055_private_portable_repository_guards"
[2026-09-21 14:42:23.935 -0400] [32mINFO[39m:
    [35mevent[39m: "database_migration"
    [35mmessage[39m: "> - 0056_private_filesystem_current_clock"
[2026-09-21 14:42:23.935 -0400] [32mINFO[39m:
    [35mevent[39m: "database_migration"
    [35mmessage[39m: "> - 0057_finalized_asset_delivery_authority"
[2026-09-21 14:42:23.935 -0400] [32mINFO[39m:
    [35mevent[39m: "database_migration"
    [35mmessage[39m: "> - 0058_secure_storage_lifecycle"
[2026-09-21 14:42:23.935 -0400] [32mINFO[39m:
    [35mevent[39m: "database_migration"
    [35mmessage[39m: "> - 0059_secure_storage_target_intent"
[2026-09-21 14:42:23.935 -0400] [32mINFO[39m:
    [35mevent[39m: "database_migration"
    [35mmessage[39m: "> - 0060_asset_publication_identities"
[2026-09-21 14:42:23.935 -0400] [32mINFO[39m:
    [35mevent[39m: "database_migration"
    [35mmessage[39m: "> - 0061_portable_import_composition"
[2026-09-21 14:42:23.935 -0400] [32mINFO[39m:
    [35mevent[39m: "database_migration"
    [35mmessage[39m: "> - 0062_portable_import_asset_publications"
[2026-09-21 14:42:23.935 -0400] [32mINFO[39m:
    [35mevent[39m: "database_migration"
    [35mmessage[39m: "> - 0063_portable_legacy_story_asset_publications"
[2026-09-21 14:42:23.935 -0400] [32mINFO[39m:
    [35mevent[39m: "database_migration"
    [35mmessage[39m: "> - 0064_normalized_asset_publication_requests"
[2026-09-21 14:42:23.935 -0400] [32mINFO[39m:
    [35mevent[39m: "database_migration"
    [35mmessage[39m: "> - 0065_illustration_asset_publications"
[2026-09-21 14:42:23.935 -0400] [32mINFO[39m:
    [35mevent[39m: "database_migration"
    [35mmessage[39m: "> - 0066_portable_normalized_asset_publications"
[2026-09-21 14:42:23.935 -0400] [32mINFO[39m:
    [35mevent[39m: "database_migration"
    [35mmessage[39m: "> - 0067_asset_metadata_backfill_executor"
[2026-09-21 14:42:23.935 -0400] [32mINFO[39m:
    [35mevent[39m: "database_migration"
    [35mmessage[39m: "> - 0068_portable_legacy_story_create_world"
[2026-09-21 14:42:23.935 -0400] [32mINFO[39m:
    [35mevent[39m: "database_migration"
    [35mmessage[39m: "> - 0069_import_progress_status"
[2026-09-21 14:42:23.935 -0400] [32mINFO[39m:
    [35mevent[39m: "database_migration"
    [35mmessage[39m: "> - 0070_turn_narration_corrections"
[2026-09-21 14:42:23.935 -0400] [32mINFO[39m:
    [35mevent[39m: "database_migration"
    [35mmessage[39m: "> - 0071_world_share_links"
[2026-09-21 14:42:23.935 -0400] [32mINFO[39m:
    [35mevent[39m: "database_migration"
    [35mmessage[39m: "> - 0072_chronicle_memory_chunks"
[2026-09-21 14:42:23.935 -0400] [32mINFO[39m:
    [35mevent[39m: "database_migration"
    [35mmessage[39m: "> - 0073_chronicle_chunk_job_fencing"
[2026-09-21 14:42:23.935 -0400] [32mINFO[39m:
    [35mevent[39m: "database_migration"
    [35mmessage[39m: "> - 0074_chronicle_retrieval_observability"
[2026-09-21 14:42:23.935 -0400] [32mINFO[39m:
    [35mevent[39m: "database_migration"
    [35mmessage[39m: "> - 0075_chronicle_query_embedding_cache"
[2026-09-21 14:42:23.935 -0400] [32mINFO[39m:
    [35mevent[39m: "database_migration"
    [35mmessage[39m: "> - 0076_chronicle_chunk_skip_reasons"
[2026-09-21 14:42:23.935 -0400] [32mINFO[39m:
    [35mevent[39m: "database_migration"
    [35mmessage[39m: "> - 0077_chronicle_chunk_processed_signature"
[2026-09-21 14:42:23.935 -0400] [32mINFO[39m:
    [35mevent[39m: "database_migration"
    [35mmessage[39m: "> - 0078_system_archive_jobs"
[2026-09-21 14:42:23.935 -0400] [32mINFO[39m:
    [35mevent[39m: "database_migration"
    [35mmessage[39m: "> - 0079_resumable_system_archive_uploads"
[2026-09-21 14:42:23.935 -0400] [32mINFO[39m:
    [35mevent[39m: "database_migration"
    [35mmessage[39m: "> - 0080_published_asset_derivative_reservations"
[2026-09-21 14:42:23.935 -0400] [32mINFO[39m:
    [35mevent[39m: "database_migration"
    [35mmessage[39m: "> - 0081_campaign_story_context_budget"
[2026-09-21 14:42:23.935 -0400] [32mINFO[39m:
    [35mevent[39m: "database_migration"
    [35mmessage[39m: "> - 0082_turn_zero_state_correction_facts"
[2026-09-21 14:42:23.935 -0400] [32mINFO[39m:
    [35mevent[39m: "database_migration"
    [35mmessage[39m: "> - 0083_cleaned_campaign_export_deletion"
[2026-09-21 14:42:23.935 -0400] [32mINFO[39m:
    [35mevent[39m: "database_migration"
    [35mmessage[39m: "> - 0084_generation_authority_identity"
[2026-09-21 14:42:23.935 -0400] [32mINFO[39m:
    [35mevent[39m: "database_migration"
    [35mmessage[39m: "> - 0085_prompt_override_compatibility_acknowledgements"
[2026-09-21 14:42:23.935 -0400] [32mINFO[39m:
    [35mevent[39m: "database_migration"
    [35mmessage[39m: "> - 0086_prompt_override_protocol_acknowledgements"
[2026-09-21 14:42:23.935 -0400] [32mINFO[39m:
    [35mevent[39m: "database_migration"
    [35mmessage[39m: "> - 0087_chronicle_query_cache_access_sequence"
[2026-09-21 14:42:23.935 -0400] [32mINFO[39m:
    [35mevent[39m: "database_migration"
    [35mmessage[39m: "> - 0088_expand_campaign_story_context_budget"
[2026-09-21 14:42:23.935 -0400] [32mINFO[39m:
    [35mevent[39m: "database_migration"
    [35mmessage[39m: "> - 0089_authoring_jobs"
[2026-09-21 14:42:23.935 -0400] [32mINFO[39m:
    [35mevent[39m: "database_migration"
    [35mmessage[39m: "> - 0090_authoring_apply_review_selection"
[2026-09-21 14:42:23.935 -0400] [32mINFO[39m:
    [35mevent[39m: "database_migration"
    [35mmessage[39m: "> - 0091_story_source_authoring"
[2026-09-21 14:42:23.935 -0400] [32mINFO[39m:
    [35mevent[39m: "database_migration"
    [35mmessage[39m: "> - 0092_source_synthesis_review_fence"
[2026-09-21 14:42:23.935 -0400] [32mINFO[39m:
    [35mevent[39m: "database_migration"
    [35mmessage[39m: "> - 0093_portable_source_material_authority_paths"
[2026-09-21 14:42:23.935 -0400] [32mINFO[39m:
    [35mevent[39m: "database_migration"
    [35mmessage[39m: "> - 0094_story_generation_policy"
[2026-09-21 14:42:23.935 -0400] [32mINFO[39m:
    [35mevent[39m: "database_migration"
    [35mmessage[39m: "> - 0095_story_memory_capability_enrollment"
[2026-09-21 14:42:23.935 -0400] [32mINFO[39m:
    [35mevent[39m: "database_migration"
    [35mmessage[39m: "> - 0096_campaign_memory_defaults"
[2026-09-21 14:42:23.935 -0400] [32mINFO[39m:
    [35mevent[39m: "database_migration"
    [35mmessage[39m: "> - 0097_provider_text_selection"
[2026-09-21 14:42:23.935 -0400] [32mINFO[39m:
    [35mevent[39m: "database_migration"
    [35mmessage[39m: "> - 0098_illustration_text_execution_snapshot"
[2026-09-21 14:42:23.935 -0400] [32mINFO[39m:
    [35mevent[39m: "database_migration"
    [35mmessage[39m: "> - 0099_worker_text_plan_protocol_fences"
[2026-09-21 14:42:23.935 -0400] [32mINFO[39m:
    [35mevent[39m: "database_migration"
    [35mmessage[39m: "> - 0100_prepared_text_physical_attempts"
[2026-09-21 14:42:23.935 -0400] [32mINFO[39m:
    [35mevent[39m: "database_migration"
    [35mmessage[39m: "> - 0101_durable_campaign_physical_attempt_costs"
[2026-09-21 14:42:23.936 -0400] [32mINFO[39m:
    [35mevent[39m: "database_migration"
    [35mmessage[39m: "### MIGRATION 0053_durable_asset_portable_operations (UP) ###"
[2026-09-21 14:42:23.956 -0400] [32mINFO[39m:
    [35mevent[39m: "database_migration"
    [35mmessage[39m: "### MIGRATION 0054_private_filesystem_authority (UP) ###"
[2026-09-21 14:42:23.964 -0400] [32mINFO[39m:
    [35mevent[39m: "database_migration"
    [35mmessage[39m: "### MIGRATION 0055_private_portable_repository_guards (UP) ###"
[2026-09-21 14:42:23.967 -0400] [32mINFO[39m:
    [35mevent[39m: "database_migration"
    [35mmessage[39m: "### MIGRATION 0056_private_filesystem_current_clock (UP) ###"
[2026-09-21 14:42:23.969 -0400] [32mINFO[39m:
    [35mevent[39m: "database_migration"
    [35mmessage[39m: "### MIGRATION 0057_finalized_asset_delivery_authority (UP) ###"
[2026-09-21 14:42:23.975 -0400] [32mINFO[39m:
    [35mevent[39m: "database_migration"
    [35mmessage[39m: "### MIGRATION 0058_secure_storage_lifecycle (UP) ###"
[2026-09-21 14:42:23.977 -0400] [32mINFO[39m:
    [35mevent[39m: "database_migration"
    [35mmessage[39m: "### MIGRATION 0059_secure_storage_target_intent (UP) ###"
[2026-09-21 14:42:23.980 -0400] [32mINFO[39m:
    [35mevent[39m: "database_migration"
    [35mmessage[39m: "### MIGRATION 0060_asset_publication_identities (UP) ###"
[2026-09-21 14:42:23.983 -0400] [32mINFO[39m:
    [35mevent[39m: "database_migration"
    [35mmessage[39m: "### MIGRATION 0061_portable_import_composition (UP) ###"
[2026-09-21 14:42:23.987 -0400] [32mINFO[39m:
    [35mevent[39m: "database_migration"
    [35mmessage[39m: "### MIGRATION 0062_portable_import_asset_publications (UP) ###"
[2026-09-21 14:42:23.992 -0400] [32mINFO[39m:
    [35mevent[39m: "database_migration"
    [35mmessage[39m: "### MIGRATION 0063_portable_legacy_story_asset_publications (UP) ###"
[2026-09-21 14:42:23.994 -0400] [32mINFO[39m:
    [35mevent[39m: "database_migration"
    [35mmessage[39m: "### MIGRATION 0064_normalized_asset_publication_requests (UP) ###"
[2026-09-21 14:42:24.006 -0400] [32mINFO[39m:
    [35mevent[39m: "database_migration"
    [35mmessage[39m: "### MIGRATION 0065_illustration_asset_publications (UP) ###"
[2026-09-21 14:42:24.010 -0400] [32mINFO[39m:
    [35mevent[39m: "database_migration"
    [35mmessage[39m: "### MIGRATION 0066_portable_normalized_asset_publications (UP) ###"
[2026-09-21 14:42:24.018 -0400] [32mINFO[39m:
    [35mevent[39m: "database_migration"
    [35mmessage[39m: "### MIGRATION 0067_asset_metadata_backfill_executor (UP) ###"
[2026-09-21 14:42:24.021 -0400] [32mINFO[39m:
    [35mevent[39m: "database_migration"
    [35mmessage[39m: "### MIGRATION 0068_portable_legacy_story_create_world (UP) ###"
[2026-09-21 14:42:24.022 -0400] [32mINFO[39m:
    [35mevent[39m: "database_migration"
    [35mmessage[39m: "### MIGRATION 0069_import_progress_status (UP) ###"
[2026-09-21 14:42:24.025 -0400] [32mINFO[39m:
    [35mevent[39m: "database_migration"
    [35mmessage[39m: "### MIGRATION 0070_turn_narration_corrections (UP) ###"
[2026-09-21 14:42:24.028 -0400] [32mINFO[39m:
    [35mevent[39m: "database_migration"
    [35mmessage[39m: "### MIGRATION 0071_world_share_links (UP) ###"
[2026-09-21 14:42:24.030 -0400] [32mINFO[39m:
    [35mevent[39m: "database_migration"
    [35mmessage[39m: "### MIGRATION 0072_chronicle_memory_chunks (UP) ###"
[2026-09-21 14:42:24.039 -0400] [32mINFO[39m:
    [35mevent[39m: "database_migration"
    [35mmessage[39m: "### MIGRATION 0073_chronicle_chunk_job_fencing (UP) ###"
[2026-09-21 14:42:24.041 -0400] [32mINFO[39m:
    [35mevent[39m: "database_migration"
    [35mmessage[39m: "### MIGRATION 0074_chronicle_retrieval_observability (UP) ###"
[2026-09-21 14:42:24.046 -0400] [32mINFO[39m:
    [35mevent[39m: "database_migration"
    [35mmessage[39m: "### MIGRATION 0075_chronicle_query_embedding_cache (UP) ###"
[2026-09-21 14:42:24.049 -0400] [32mINFO[39m:
    [35mevent[39m: "database_migration"
    [35mmessage[39m: "### MIGRATION 0076_chronicle_chunk_skip_reasons (UP) ###"
[2026-09-21 14:42:24.050 -0400] [32mINFO[39m:
    [35mevent[39m: "database_migration"
    [35mmessage[39m: "### MIGRATION 0077_chronicle_chunk_processed_signature (UP) ###"
[2026-09-21 14:42:24.052 -0400] [32mINFO[39m:
    [35mevent[39m: "database_migration"
    [35mmessage[39m: "### MIGRATION 0078_system_archive_jobs (UP) ###"
[2026-09-21 14:42:24.062 -0400] [32mINFO[39m:
    [35mevent[39m: "database_migration"
    [35mmessage[39m: "### MIGRATION 0079_resumable_system_archive_uploads (UP) ###"
[2026-09-21 14:42:24.068 -0400] [32mINFO[39m:
    [35mevent[39m: "database_migration"
    [35mmessage[39m: "### MIGRATION 0080_published_asset_derivative_reservations (UP) ###"
[2026-09-21 14:42:24.069 -0400] [32mINFO[39m:
    [35mevent[39m: "database_migration"
    [35mmessage[39m: "### MIGRATION 0081_campaign_story_context_budget (UP) ###"
[2026-09-21 14:42:24.071 -0400] [32mINFO[39m:
    [35mevent[39m: "database_migration"
    [35mmessage[39m: "### MIGRATION 0082_turn_zero_state_correction_facts (UP) ###"
[2026-09-21 14:42:24.072 -0400] [32mINFO[39m:
    [35mevent[39m: "database_migration"
    [35mmessage[39m: "### MIGRATION 0083_cleaned_campaign_export_deletion (UP) ###"
[2026-09-21 14:42:24.074 -0400] [32mINFO[39m:
    [35mevent[39m: "database_migration"
    [35mmessage[39m: "### MIGRATION 0084_generation_authority_identity (UP) ###"
[2026-09-21 14:42:24.075 -0400] [32mINFO[39m:
    [35mevent[39m: "database_migration"
    [35mmessage[39m: "### MIGRATION 0085_prompt_override_compatibility_acknowledgements (UP) ###"
[2026-09-21 14:42:24.077 -0400] [32mINFO[39m:
    [35mevent[39m: "database_migration"
    [35mmessage[39m: "### MIGRATION 0086_prompt_override_protocol_acknowledgements (UP) ###"
[2026-09-21 14:42:24.078 -0400] [32mINFO[39m:
    [35mevent[39m: "database_migration"
    [35mmessage[39m: "### MIGRATION 0087_chronicle_query_cache_access_sequence (UP) ###"
[2026-09-21 14:42:24.080 -0400] [32mINFO[39m:
    [35mevent[39m: "database_migration"
    [35mmessage[39m: "### MIGRATION 0088_expand_campaign_story_context_budget (UP) ###"
[2026-09-21 14:42:24.082 -0400] [32mINFO[39m:
    [35mevent[39m: "database_migration"
    [35mmessage[39m: "### MIGRATION 0089_authoring_jobs (UP) ###"
[2026-09-21 14:42:24.087 -0400] [32mINFO[39m:
    [35mevent[39m: "database_migration"
    [35mmessage[39m: "### MIGRATION 0090_authoring_apply_review_selection (UP) ###"
[2026-09-21 14:42:24.088 -0400] [32mINFO[39m:
    [35mevent[39m: "database_migration"
    [35mmessage[39m: "### MIGRATION 0091_story_source_authoring (UP) ###"
[2026-09-21 14:42:24.090 -0400] [32mINFO[39m:
    [35mevent[39m: "database_migration"
    [35mmessage[39m: "### MIGRATION 0092_source_synthesis_review_fence (UP) ###"
[2026-09-21 14:42:24.091 -0400] [32mINFO[39m:
    [35mevent[39m: "database_migration"
    [35mmessage[39m: "### MIGRATION 0093_portable_source_material_authority_paths (UP) ###"
[2026-09-21 14:42:24.093 -0400] [32mINFO[39m:
    [35mevent[39m: "database_migration"
    [35mmessage[39m: "### MIGRATION 0094_story_generation_policy (UP) ###"
[2026-09-21 14:42:24.095 -0400] [32mINFO[39m:
    [35mevent[39m: "database_migration"
    [35mmessage[39m: "### MIGRATION 0095_story_memory_capability_enrollment (UP) ###"
[2026-09-21 14:42:24.097 -0400] [32mINFO[39m:
    [35mevent[39m: "database_migration"
    [35mmessage[39m: "### MIGRATION 0096_campaign_memory_defaults (UP) ###"
[2026-09-21 14:42:24.098 -0400] [32mINFO[39m:
    [35mevent[39m: "database_migration"
    [35mmessage[39m: "### MIGRATION 0097_provider_text_selection (UP) ###"
[2026-09-21 14:42:24.100 -0400] [32mINFO[39m:
    [35mevent[39m: "database_migration"
    [35mmessage[39m: "### MIGRATION 0098_illustration_text_execution_snapshot (UP) ###"
[2026-09-21 14:42:24.101 -0400] [32mINFO[39m:
    [35mevent[39m: "database_migration"
    [35mmessage[39m: "### MIGRATION 0099_worker_text_plan_protocol_fences (UP) ###"
[2026-09-21 14:42:24.106 -0400] [32mINFO[39m:
    [35mevent[39m: "database_migration"
    [35mmessage[39m: "### MIGRATION 0100_prepared_text_physical_attempts (UP) ###"
[2026-09-21 14:42:24.110 -0400] [32mINFO[39m:
    [35mevent[39m: "database_migration"
    [35mmessage[39m: "### MIGRATION 0101_durable_campaign_physical_attempt_costs (UP) ###"
[2026-09-21 14:42:24.421 -0400] [32mINFO[39m:
    [35mevent[39m: "database_migration"
    [35mmessage[39m: "> Migrating files:"
[2026-09-21 14:42:24.421 -0400] [32mINFO[39m:
    [35mevent[39m: "database_migration"
    [35mmessage[39m: "> - 9999_runner_policy.maintenance"
[2026-09-21 14:42:24.422 -0400] [32mINFO[39m:
    [35mevent[39m: "database_migration"
    [35mmessage[39m: "### MIGRATION 9999_runner_policy.maintenance (UP) ###"
[2026-09-21 14:42:24.608 -0400] [32mINFO[39m:
    [35mevent[39m: "database_migration"
    [35mmessage[39m: "> Migrating files:"
[2026-09-21 14:42:24.608 -0400] [32mINFO[39m:
    [35mevent[39m: "database_migration"
    [35mmessage[39m: "> - 0001_concurrent_replica"
[2026-09-21 14:42:24.609 -0400] [32mINFO[39m:
    [35mevent[39m: "database_migration"
    [35mmessage[39m: "### MIGRATION 0001_concurrent_replica (UP) ###"
[2026-09-21 14:42:24.742 -0400] [32mINFO[39m:
    [35mevent[39m: "database_migration"
    [35mmessage[39m: "> Migrating files:"
[2026-09-21 14:42:24.742 -0400] [32mINFO[39m:
    [35mevent[39m: "database_migration"
    [35mmessage[39m: "> - 0001_initial_nexus"
[2026-09-21 14:42:24.742 -0400] [32mINFO[39m:
    [35mevent[39m: "database_migration"
    [35mmessage[39m: "> - 0002_owner_scope_constraints"
[2026-09-21 14:42:24.742 -0400] [32mINFO[39m:
    [35mevent[39m: "database_migration"
    [35mmessage[39m: "> - 0003_asset_references"
[2026-09-21 14:42:24.742 -0400] [32mINFO[39m:
    [35mevent[39m: "database_migration"
    [35mmessage[39m: "> - 0004_chronicle_job_deduplication"
[2026-09-21 14:42:24.742 -0400] [32mINFO[39m:
    [35mevent[39m: "database_migration"
    [35mmessage[39m: "> - 0005_story_engine"
[2026-09-21 14:42:24.742 -0400] [32mINFO[39m:
    [35mevent[39m: "database_migration"
    [35mmessage[39m: "> - 0006_typed_story_orchestration"
[2026-09-21 14:42:24.742 -0400] [32mINFO[39m:
    [35mevent[39m: "database_migration"
    [35mmessage[39m: "> - 0007_semantic_chronicle"
[2026-09-21 14:42:24.742 -0400] [32mINFO[39m:
    [35mevent[39m: "database_migration"
    [35mmessage[39m: "> - 0008_world_library"
[2026-09-21 14:42:24.742 -0400] [32mINFO[39m:
    [35mevent[39m: "database_migration"
    [35mmessage[39m: "> - 0009_illustration_pipeline"
[2026-09-21 14:42:24.742 -0400] [32mINFO[39m:
    [35mevent[39m: "database_migration"
    [35mmessage[39m: "> - 0010_provider_profile_defaults"
[2026-09-21 14:42:24.742 -0400] [32mINFO[39m:
    [35mevent[39m: "database_migration"
    [35mmessage[39m: "> - 0011_embedding_model_default"
[2026-09-21 14:42:24.742 -0400] [32mINFO[39m:
    [35mevent[39m: "database_migration"
    [35mmessage[39m: "> - 0012_dynamic_chronicle"
[2026-09-21 14:42:24.742 -0400] [32mINFO[39m:
    [35mevent[39m: "database_migration"
    [35mmessage[39m: "> - 0013_campaign_story_length"
[2026-09-21 14:42:24.742 -0400] [32mINFO[39m:
    [35mevent[39m: "database_migration"
    [35mmessage[39m: "> - 0014_generation_progress"
[2026-09-21 14:42:24.742 -0400] [32mINFO[39m:
    [35mevent[39m: "database_migration"
    [35mmessage[39m: "> - 0015_campaign_cost_events"
[2026-09-21 14:42:24.742 -0400] [32mINFO[39m:
    [35mevent[39m: "database_migration"
    [35mmessage[39m: "> - 0016_provider_request_timeout"
[2026-09-21 14:42:24.743 -0400] [32mINFO[39m:
    [35mevent[39m: "database_migration"
    [35mmessage[39m: "### MIGRATION 0001_initial_nexus (UP) ###"
[2026-09-21 14:42:24.762 -0400] [32mINFO[39m:
    [35mevent[39m: "database_migration"
    [35mmessage[39m: "### MIGRATION 0002_owner_scope_constraints (UP) ###"
[2026-09-21 14:42:24.766 -0400] [32mINFO[39m:
    [35mevent[39m: "database_migration"
    [35mmessage[39m: "### MIGRATION 0003_asset_references (UP) ###"
[2026-09-21 14:42:24.769 -0400] [32mINFO[39m:
    [35mevent[39m: "database_migration"
    [35mmessage[39m: "### MIGRATION 0004_chronicle_job_deduplication (UP) ###"
[2026-09-21 14:42:24.770 -0400] [32mINFO[39m:
    [35mevent[39m: "database_migration"
    [35mmessage[39m: "### MIGRATION 0005_story_engine (UP) ###"
[2026-09-21 14:42:24.777 -0400] [32mINFO[39m:
    [35mevent[39m: "database_migration"
    [35mmessage[39m: "### MIGRATION 0006_typed_story_orchestration (UP) ###"
[2026-09-21 14:42:24.780 -0400] [32mINFO[39m:
    [35mevent[39m: "database_migration"
    [35mmessage[39m: "### MIGRATION 0007_semantic_chronicle (UP) ###"
[2026-09-21 14:42:24.784 -0400] [32mINFO[39m:
    [35mevent[39m: "database_migration"
    [35mmessage[39m: "### MIGRATION 0008_world_library (UP) ###"
[2026-09-21 14:42:24.788 -0400] [32mINFO[39m:
    [35mevent[39m: "database_migration"
    [35mmessage[39m: "### MIGRATION 0009_illustration_pipeline (UP) ###"
[2026-09-21 14:42:24.794 -0400] [32mINFO[39m:
    [35mevent[39m: "database_migration"
    [35mmessage[39m: "### MIGRATION 0010_provider_profile_defaults (UP) ###"
[2026-09-21 14:42:24.797 -0400] [32mINFO[39m:
    [35mevent[39m: "database_migration"
    [35mmessage[39m: "### MIGRATION 0011_embedding_model_default (UP) ###"
[2026-09-21 14:42:24.798 -0400] [32mINFO[39m:
    [35mevent[39m: "database_migration"
    [35mmessage[39m: "### MIGRATION 0012_dynamic_chronicle (UP) ###"
[2026-09-21 14:42:24.800 -0400] [32mINFO[39m:
    [35mevent[39m: "database_migration"
    [35mmessage[39m: "### MIGRATION 0013_campaign_story_length (UP) ###"
[2026-09-21 14:42:24.802 -0400] [32mINFO[39m:
    [35mevent[39m: "database_migration"
    [35mmessage[39m: "### MIGRATION 0014_generation_progress (UP) ###"
[2026-09-21 14:42:24.804 -0400] [32mINFO[39m:
    [35mevent[39m: "database_migration"
    [35mmessage[39m: "### MIGRATION 0015_campaign_cost_events (UP) ###"
[2026-09-21 14:42:24.808 -0400] [32mINFO[39m:
    [35mevent[39m: "database_migration"
    [35mmessage[39m: "### MIGRATION 0016_provider_request_timeout (UP) ###"
[2026-09-21 14:42:24.885 -0400] [32mINFO[39m:
    [35mevent[39m: "database_migration"
    [35mmessage[39m: "> Migrating files:"
[2026-09-21 14:42:24.885 -0400] [32mINFO[39m:
    [35mevent[39m: "database_migration"
    [35mmessage[39m: "> - 0017_campaign_characters"
[2026-09-21 14:42:24.885 -0400] [32mINFO[39m:
    [35mevent[39m: "database_migration"
    [35mmessage[39m: "> - 0018_initial_state_snapshot"
[2026-09-21 14:42:24.885 -0400] [32mINFO[39m:
    [35mevent[39m: "database_migration"
    [35mmessage[39m: "> - 0019_multi_tenant_hardening"
[2026-09-21 14:42:24.885 -0400] [32mINFO[39m:
    [35mevent[39m: "database_migration"
    [35mmessage[39m: "> - 0020_user_settings"
[2026-09-21 14:42:24.885 -0400] [32mINFO[39m:
    [35mevent[39m: "database_migration"
    [35mmessage[39m: "> - 0021_world_version_deletion"
[2026-09-21 14:42:24.885 -0400] [32mINFO[39m:
    [35mevent[39m: "database_migration"
    [35mmessage[39m: "> - 0022_campaign_state_revisions"
[2026-09-21 14:42:24.885 -0400] [32mINFO[39m:
    [35mevent[39m: "database_migration"
    [35mmessage[39m: "> - 0023_durable_generation_replacement"
[2026-09-21 14:42:24.885 -0400] [32mINFO[39m:
    [35mevent[39m: "database_migration"
    [35mmessage[39m: "> - 0024_structured_canonical_facts"
[2026-09-21 14:42:24.885 -0400] [32mINFO[39m:
    [35mevent[39m: "database_migration"
    [35mmessage[39m: "> - 0025_asset_reference_lifecycle"
[2026-09-21 14:42:24.885 -0400] [32mINFO[39m:
    [35mevent[39m: "database_migration"
    [35mmessage[39m: "> - 0026_campaign_world_transfers"
[2026-09-21 14:42:24.885 -0400] [32mINFO[39m:
    [35mevent[39m: "database_migration"
    [35mmessage[39m: "> - 0027_turn_intent_provider_role"
[2026-09-21 14:42:24.885 -0400] [32mINFO[39m:
    [35mevent[39m: "database_migration"
    [35mmessage[39m: "> - 0028_turn_input_modes"
[2026-09-21 14:42:24.885 -0400] [32mINFO[39m:
    [35mevent[39m: "database_migration"
    [35mmessage[39m: "> - 0029_durable_image_provider_jobs"
[2026-09-21 14:42:24.885 -0400] [32mINFO[39m:
    [35mevent[39m: "database_migration"
    [35mmessage[39m: "> - 0030_world_cover_image_jobs"
[2026-09-21 14:42:24.885 -0400] [32mINFO[39m:
    [35mevent[39m: "database_migration"
    [35mmessage[39m: "> - 0031_context_aware_image_library"
[2026-09-21 14:42:24.885 -0400] [32mINFO[39m:
    [35mevent[39m: "database_migration"
    [35mmessage[39m: "> - 0032_sogni_sdk_provider"
[2026-09-21 14:42:24.885 -0400] [32mINFO[39m:
    [35mevent[39m: "database_migration"
    [35mmessage[39m: "> - 0033_segmented_turn_illustrations"
[2026-09-21 14:42:24.885 -0400] [32mINFO[39m:
    [35mevent[39m: "database_migration"
    [35mmessage[39m: "> - 0034_campaign_illustration_refinement_instructions"
[2026-09-21 14:42:24.885 -0400] [32mINFO[39m:
    [35mevent[39m: "database_migration"
    [35mmessage[39m: "> - 0035_campaign_illustration_refinement_prompt"
[2026-09-21 14:42:24.885 -0400] [32mINFO[39m:
    [35mevent[39m: "database_migration"
    [35mmessage[39m: "> - 0036_structured_character_profiles"
[2026-09-21 14:42:24.885 -0400] [32mINFO[39m:
    [35mevent[39m: "database_migration"
    [35mmessage[39m: "> - 0037_prompt_library"
[2026-09-21 14:42:24.885 -0400] [32mINFO[39m:
    [35mevent[39m: "database_migration"
    [35mmessage[39m: "> - 0038_prompt_library_hardening"
[2026-09-21 14:42:24.885 -0400] [32mINFO[39m:
    [35mevent[39m: "database_migration"
    [35mmessage[39m: "> - 0039_chronicle_entity_identity"
[2026-09-21 14:42:24.885 -0400] [32mINFO[39m:
    [35mevent[39m: "database_migration"
    [35mmessage[39m: "> - 0040_streaming_illustration_pipeline"
[2026-09-21 14:42:24.885 -0400] [32mINFO[39m:
    [35mevent[39m: "database_migration"
    [35mmessage[39m: "> - 0041_allow_streaming_asset_contexts"
[2026-09-21 14:42:24.885 -0400] [32mINFO[39m:
    [35mevent[39m: "database_migration"
    [35mmessage[39m: "> - 0042_json_illustration_refinement_prompt"
[2026-09-21 14:42:24.885 -0400] [32mINFO[39m:
    [35mevent[39m: "database_migration"
    [35mmessage[39m: "> - 0043_world_generation_progress"
[2026-09-21 14:42:24.885 -0400] [32mINFO[39m:
    [35mevent[39m: "database_migration"
    [35mmessage[39m: "> - 0044_api_admission_control"
[2026-09-21 14:42:24.885 -0400] [32mINFO[39m:
    [35mevent[39m: "database_migration"
    [35mmessage[39m: "> - 0045_archive_previews"
[2026-09-21 14:42:24.885 -0400] [32mINFO[39m:
    [35mevent[39m: "database_migration"
    [35mmessage[39m: "> - 0046_archive_preview_superseded"
[2026-09-21 14:42:24.885 -0400] [32mINFO[39m:
    [35mevent[39m: "database_migration"
    [35mmessage[39m: "> - 0047_full_campaign_state_corrections"
[2026-09-21 14:42:24.885 -0400] [32mINFO[39m:
    [35mevent[39m: "database_migration"
    [35mmessage[39m: "> - 0048_cascade_streaming_image_jobs"
[2026-09-21 14:42:24.885 -0400] [32mINFO[39m:
    [35mevent[39m: "database_migration"
    [35mmessage[39m: "> - 0049_cancelled_generation_jobs"
[2026-09-21 14:42:24.885 -0400] [32mINFO[39m:
    [35mevent[39m: "database_migration"
    [35mmessage[39m: "> - 0050_cancel_provisional_illustration_children"
[2026-09-21 14:42:24.885 -0400] [32mINFO[39m:
    [35mevent[39m: "database_migration"
    [35mmessage[39m: "> - 0051_preserve_replacement_turn_provenance"
[2026-09-21 14:42:24.885 -0400] [32mINFO[39m:
    [35mevent[39m: "database_migration"
    [35mmessage[39m: "> - 0052_generation_job_notifications"
[2026-09-21 14:42:24.885 -0400] [32mINFO[39m:
    [35mevent[39m: "database_migration"
    [35mmessage[39m: "> - 0053_durable_asset_portable_operations"
[2026-09-21 14:42:24.885 -0400] [32mINFO[39m:
    [35mevent[39m: "database_migration"
    [35mmessage[39m: "> - 0054_private_filesystem_authority"
[2026-09-21 14:42:24.885 -0400] [32mINFO[39m:
    [35mevent[39m: "database_migration"
    [35mmessage[39m: "> - 0055_private_portable_repository_guards"
[2026-09-21 14:42:24.885 -0400] [32mINFO[39m:
    [35mevent[39m: "database_migration"
    [35mmessage[39m: "> - 0056_private_filesystem_current_clock"
[2026-09-21 14:42:24.885 -0400] [32mINFO[39m:
    [35mevent[39m: "database_migration"
    [35mmessage[39m: "> - 0057_finalized_asset_delivery_authority"
[2026-09-21 14:42:24.885 -0400] [32mINFO[39m:
    [35mevent[39m: "database_migration"
    [35mmessage[39m: "> - 0058_secure_storage_lifecycle"
[2026-09-21 14:42:24.885 -0400] [32mINFO[39m:
    [35mevent[39m: "database_migration"
    [35mmessage[39m: "> - 0059_secure_storage_target_intent"
[2026-09-21 14:42:24.885 -0400] [32mINFO[39m:
    [35mevent[39m: "database_migration"
    [35mmessage[39m: "> - 0060_asset_publication_identities"
[2026-09-21 14:42:24.885 -0400] [32mINFO[39m:
    [35mevent[39m: "database_migration"
    [35mmessage[39m: "> - 0061_portable_import_composition"
[2026-09-21 14:42:24.885 -0400] [32mINFO[39m:
    [35mevent[39m: "database_migration"
    [35mmessage[39m: "> - 0062_portable_import_asset_publications"
[2026-09-21 14:42:24.885 -0400] [32mINFO[39m:
    [35mevent[39m: "database_migration"
    [35mmessage[39m: "> - 0063_portable_legacy_story_asset_publications"
[2026-09-21 14:42:24.885 -0400] [32mINFO[39m:
    [35mevent[39m: "database_migration"
    [35mmessage[39m: "> - 0064_normalized_asset_publication_requests"
[2026-09-21 14:42:24.885 -0400] [32mINFO[39m:
    [35mevent[39m: "database_migration"
    [35mmessage[39m: "> - 0065_illustration_asset_publications"
[2026-09-21 14:42:24.885 -0400] [32mINFO[39m:
    [35mevent[39m: "database_migration"
    [35mmessage[39m: "> - 0066_portable_normalized_asset_publications"
[2026-09-21 14:42:24.886 -0400] [32mINFO[39m:
    [35mevent[39m: "database_migration"
    [35mmessage[39m: "> - 0067_asset_metadata_backfill_executor"
[2026-09-21 14:42:24.886 -0400] [32mINFO[39m:
    [35mevent[39m: "database_migration"
    [35mmessage[39m: "> - 0068_portable_legacy_story_create_world"
[2026-09-21 14:42:24.886 -0400] [32mINFO[39m:
    [35mevent[39m: "database_migration"
    [35mmessage[39m: "> - 0069_import_progress_status"
[2026-09-21 14:42:24.886 -0400] [32mINFO[39m:
    [35mevent[39m: "database_migration"
    [35mmessage[39m: "> - 0070_turn_narration_corrections"
[2026-09-21 14:42:24.886 -0400] [32mINFO[39m:
    [35mevent[39m: "database_migration"
    [35mmessage[39m: "> - 0071_world_share_links"
[2026-09-21 14:42:24.886 -0400] [32mINFO[39m:
    [35mevent[39m: "database_migration"
    [35mmessage[39m: "> - 0072_chronicle_memory_chunks"
[2026-09-21 14:42:24.886 -0400] [32mINFO[39m:
    [35mevent[39m: "database_migration"
    [35mmessage[39m: "> - 0073_chronicle_chunk_job_fencing"
[2026-09-21 14:42:24.886 -0400] [32mINFO[39m:
    [35mevent[39m: "database_migration"
    [35mmessage[39m: "> - 0074_chronicle_retrieval_observability"
[2026-09-21 14:42:24.886 -0400] [32mINFO[39m:
    [35mevent[39m: "database_migration"
    [35mmessage[39m: "> - 0075_chronicle_query_embedding_cache"
[2026-09-21 14:42:24.886 -0400] [32mINFO[39m:
    [35mevent[39m: "database_migration"
    [35mmessage[39m: "> - 0076_chronicle_chunk_skip_reasons"
[2026-09-21 14:42:24.886 -0400] [32mINFO[39m:
    [35mevent[39m: "database_migration"
    [35mmessage[39m: "> - 0077_chronicle_chunk_processed_signature"
[2026-09-21 14:42:24.886 -0400] [32mINFO[39m:
    [35mevent[39m: "database_migration"
    [35mmessage[39m: "> - 0078_system_archive_jobs"
[2026-09-21 14:42:24.886 -0400] [32mINFO[39m:
    [35mevent[39m: "database_migration"
    [35mmessage[39m: "> - 0079_resumable_system_archive_uploads"
[2026-09-21 14:42:24.886 -0400] [32mINFO[39m:
    [35mevent[39m: "database_migration"
    [35mmessage[39m: "> - 0080_published_asset_derivative_reservations"
[2026-09-21 14:42:24.886 -0400] [32mINFO[39m:
    [35mevent[39m: "database_migration"
    [35mmessage[39m: "> - 0081_campaign_story_context_budget"
[2026-09-21 14:42:24.886 -0400] [32mINFO[39m:
    [35mevent[39m: "database_migration"
    [35mmessage[39m: "> - 0082_turn_zero_state_correction_facts"
[2026-09-21 14:42:24.886 -0400] [32mINFO[39m:
    [35mevent[39m: "database_migration"
    [35mmessage[39m: "> - 0083_cleaned_campaign_export_deletion"
[2026-09-21 14:42:24.886 -0400] [32mINFO[39m:
    [35mevent[39m: "database_migration"
    [35mmessage[39m: "> - 0084_generation_authority_identity"
[2026-09-21 14:42:24.886 -0400] [32mINFO[39m:
    [35mevent[39m: "database_migration"
    [35mmessage[39m: "> - 0085_prompt_override_compatibility_acknowledgements"
[2026-09-21 14:42:24.886 -0400] [32mINFO[39m:
    [35mevent[39m: "database_migration"
    [35mmessage[39m: "> - 0086_prompt_override_protocol_acknowledgements"
[2026-09-21 14:42:24.886 -0400] [32mINFO[39m:
    [35mevent[39m: "database_migration"
    [35mmessage[39m: "> - 0087_chronicle_query_cache_access_sequence"
[2026-09-21 14:42:24.886 -0400] [32mINFO[39m:
    [35mevent[39m: "database_migration"
    [35mmessage[39m: "> - 0088_expand_campaign_story_context_budget"
[2026-09-21 14:42:24.886 -0400] [32mINFO[39m:
    [35mevent[39m: "database_migration"
    [35mmessage[39m: "> - 0089_authoring_jobs"
[2026-09-21 14:42:24.886 -0400] [32mINFO[39m:
    [35mevent[39m: "database_migration"
    [35mmessage[39m: "> - 0090_authoring_apply_review_selection"
[2026-09-21 14:42:24.886 -0400] [32mINFO[39m:
    [35mevent[39m: "database_migration"
    [35mmessage[39m: "> - 0091_story_source_authoring"
[2026-09-21 14:42:24.886 -0400] [32mINFO[39m:
    [35mevent[39m: "database_migration"
    [35mmessage[39m: "> - 0092_source_synthesis_review_fence"
[2026-09-21 14:42:24.886 -0400] [32mINFO[39m:
    [35mevent[39m: "database_migration"
    [35mmessage[39m: "> - 0093_portable_source_material_authority_paths"
[2026-09-21 14:42:24.886 -0400] [32mINFO[39m:
    [35mevent[39m: "database_migration"
    [35mmessage[39m: "> - 0094_story_generation_policy"
[2026-09-21 14:42:24.886 -0400] [32mINFO[39m:
    [35mevent[39m: "database_migration"
    [35mmessage[39m: "> - 0095_story_memory_capability_enrollment"
[2026-09-21 14:42:24.886 -0400] [32mINFO[39m:
    [35mevent[39m: "database_migration"
    [35mmessage[39m: "> - 0096_campaign_memory_defaults"
[2026-09-21 14:42:24.886 -0400] [32mINFO[39m:
    [35mevent[39m: "database_migration"
    [35mmessage[39m: "> - 0097_provider_text_selection"
[2026-09-21 14:42:24.886 -0400] [32mINFO[39m:
    [35mevent[39m: "database_migration"
    [35mmessage[39m: "> - 0098_illustration_text_execution_snapshot"
[2026-09-21 14:42:24.886 -0400] [32mINFO[39m:
    [35mevent[39m: "database_migration"
    [35mmessage[39m: "> - 0099_worker_text_plan_protocol_fences"
[2026-09-21 14:42:24.886 -0400] [32mINFO[39m:
    [35mevent[39m: "database_migration"
    [35mmessage[39m: "> - 0100_prepared_text_physical_attempts"
[2026-09-21 14:42:24.886 -0400] [32mINFO[39m:
    [35mevent[39m: "database_migration"
    [35mmessage[39m: "> - 0101_durable_campaign_physical_attempt_costs"
[2026-09-21 14:42:24.886 -0400] [32mINFO[39m:
    [35mevent[39m: "database_migration"
    [35mmessage[39m: "### MIGRATION 0017_campaign_characters (UP) ###"
[2026-09-21 14:42:24.889 -0400] [32mINFO[39m:
    [35mevent[39m: "database_migration"
    [35mmessage[39m: "### MIGRATION 0018_initial_state_snapshot (UP) ###"
[2026-09-21 14:42:24.890 -0400] [32mINFO[39m:
    [35mevent[39m: "database_migration"
    [35mmessage[39m: "### MIGRATION 0019_multi_tenant_hardening (UP) ###"
[2026-09-21 14:42:24.897 -0400] [32mINFO[39m:
    [35mevent[39m: "database_migration"
    [35mmessage[39m: "### MIGRATION 0020_user_settings (UP) ###"
[2026-09-21 14:42:24.898 -0400] [32mINFO[39m:
    [35mevent[39m: "database_migration"
    [35mmessage[39m: "### MIGRATION 0021_world_version_deletion (UP) ###"
[2026-09-21 14:42:24.903 -0400] [32mINFO[39m:
    [35mevent[39m: "database_migration"
    [35mmessage[39m: "### MIGRATION 0022_campaign_state_revisions (UP) ###"
[2026-09-21 14:42:24.906 -0400] [32mINFO[39m:
    [35mevent[39m: "database_migration"
    [35mmessage[39m: "### MIGRATION 0023_durable_generation_replacement (UP) ###"
[2026-09-21 14:42:24.909 -0400] [32mINFO[39m:
    [35mevent[39m: "database_migration"
    [35mmessage[39m: "### MIGRATION 0024_structured_canonical_facts (UP) ###"
[2026-09-21 14:42:24.912 -0400] [32mINFO[39m:
    [35mevent[39m: "database_migration"
    [35mmessage[39m: "### MIGRATION 0025_asset_reference_lifecycle (UP) ###"
[2026-09-21 14:42:24.915 -0400] [32mINFO[39m:
    [35mevent[39m: "database_migration"
    [35mmessage[39m: "### MIGRATION 0026_campaign_world_transfers (UP) ###"
[2026-09-21 14:42:24.918 -0400] [32mINFO[39m:
    [35mevent[39m: "database_migration"
    [35mmessage[39m: "### MIGRATION 0027_turn_intent_provider_role (UP) ###"
[2026-09-21 14:42:24.920 -0400] [32mINFO[39m:
    [35mevent[39m: "database_migration"
    [35mmessage[39m: "### MIGRATION 0028_turn_input_modes (UP) ###"
[2026-09-21 14:42:24.924 -0400] [32mINFO[39m:
    [35mevent[39m: "database_migration"
    [35mmessage[39m: "### MIGRATION 0029_durable_image_provider_jobs (UP) ###"
[2026-09-21 14:42:24.928 -0400] [32mINFO[39m:
    [35mevent[39m: "database_migration"
    [35mmessage[39m: "### MIGRATION 0030_world_cover_image_jobs (UP) ###"
[2026-09-21 14:42:24.932 -0400] [32mINFO[39m:
    [35mevent[39m: "database_migration"
    [35mmessage[39m: "### MIGRATION 0031_context_aware_image_library (UP) ###"
[2026-09-21 14:42:24.945 -0400] [32mINFO[39m:
    [35mevent[39m: "database_migration"
    [35mmessage[39m: "### MIGRATION 0032_sogni_sdk_provider (UP) ###"
[2026-09-21 14:42:24.946 -0400] [32mINFO[39m:
    [35mevent[39m: "database_migration"
    [35mmessage[39m: "### MIGRATION 0033_segmented_turn_illustrations (UP) ###"
[2026-09-21 14:42:24.959 -0400] [32mINFO[39m:
    [35mevent[39m: "database_migration"
    [35mmessage[39m: "### MIGRATION 0034_campaign_illustration_refinement_instructions (UP) ###"
[2026-09-21 14:42:24.961 -0400] [32mINFO[39m:
    [35mevent[39m: "database_migration"
    [35mmessage[39m: "### MIGRATION 0035_campaign_illustration_refinement_prompt (UP) ###"
[2026-09-21 14:42:24.962 -0400] [32mINFO[39m:
    [35mevent[39m: "database_migration"
    [35mmessage[39m: "### MIGRATION 0036_structured_character_profiles (UP) ###"
[2026-09-21 14:42:24.965 -0400] [32mINFO[39m:
    [35mevent[39m: "database_migration"
    [35mmessage[39m: "### MIGRATION 0037_prompt_library (UP) ###"
[2026-09-21 14:42:24.968 -0400] [32mINFO[39m:
    [35mevent[39m: "database_migration"
    [35mmessage[39m: "### MIGRATION 0038_prompt_library_hardening (UP) ###"
[2026-09-21 14:42:24.970 -0400] [32mINFO[39m:
    [35mevent[39m: "database_migration"
    [35mmessage[39m: "### MIGRATION 0039_chronicle_entity_identity (UP) ###"
[2026-09-21 14:42:24.972 -0400] [32mINFO[39m:
    [35mevent[39m: "database_migration"
    [35mmessage[39m: "### MIGRATION 0040_streaming_illustration_pipeline (UP) ###"
[2026-09-21 14:42:24.977 -0400] [32mINFO[39m:
    [35mevent[39m: "database_migration"
    [35mmessage[39m: "### MIGRATION 0041_allow_streaming_asset_contexts (UP) ###"
[2026-09-21 14:42:24.978 -0400] [32mINFO[39m:
    [35mevent[39m: "database_migration"
    [35mmessage[39m: "### MIGRATION 0042_json_illustration_refinement_prompt (UP) ###"
[2026-09-21 14:42:24.980 -0400] [32mINFO[39m:
    [35mevent[39m: "database_migration"
    [35mmessage[39m: "### MIGRATION 0043_world_generation_progress (UP) ###"
[2026-09-21 14:42:24.982 -0400] [32mINFO[39m:
    [35mevent[39m: "database_migration"
    [35mmessage[39m: "### MIGRATION 0044_api_admission_control (UP) ###"
[2026-09-21 14:42:24.985 -0400] [32mINFO[39m:
    [35mevent[39m: "database_migration"
    [35mmessage[39m: "### MIGRATION 0045_archive_previews (UP) ###"
[2026-09-21 14:42:24.988 -0400] [32mINFO[39m:
    [35mevent[39m: "database_migration"
    [35mmessage[39m: "### MIGRATION 0046_archive_preview_superseded (UP) ###"
[2026-09-21 14:42:24.989 -0400] [32mINFO[39m:
    [35mevent[39m: "database_migration"
    [35mmessage[39m: "### MIGRATION 0047_full_campaign_state_corrections (UP) ###"
[2026-09-21 14:42:24.992 -0400] [32mINFO[39m:
    [35mevent[39m: "database_migration"
    [35mmessage[39m: "### MIGRATION 0048_cascade_streaming_image_jobs (UP) ###"
[2026-09-21 14:42:24.994 -0400] [32mINFO[39m:
    [35mevent[39m: "database_migration"
    [35mmessage[39m: "### MIGRATION 0049_cancelled_generation_jobs (UP) ###"
[2026-09-21 14:42:24.996 -0400] [32mINFO[39m:
    [35mevent[39m: "database_migration"
    [35mmessage[39m: "### MIGRATION 0050_cancel_provisional_illustration_children (UP) ###"
[2026-09-21 14:42:24.997 -0400] [32mINFO[39m:
    [35mevent[39m: "database_migration"
    [35mmessage[39m: "### MIGRATION 0051_preserve_replacement_turn_provenance (UP) ###"
[2026-09-21 14:42:24.999 -0400] [32mINFO[39m:
    [35mevent[39m: "database_migration"
    [35mmessage[39m: "### MIGRATION 0052_generation_job_notifications (UP) ###"
[2026-09-21 14:42:25.000 -0400] [32mINFO[39m:
    [35mevent[39m: "database_migration"
    [35mmessage[39m: "### MIGRATION 0053_durable_asset_portable_operations (UP) ###"
[2026-09-21 14:42:25.019 -0400] [32mINFO[39m:
    [35mevent[39m: "database_migration"
    [35mmessage[39m: "### MIGRATION 0054_private_filesystem_authority (UP) ###"
[2026-09-21 14:42:25.028 -0400] [32mINFO[39m:
    [35mevent[39m: "database_migration"
    [35mmessage[39m: "### MIGRATION 0055_private_portable_repository_guards (UP) ###"
[2026-09-21 14:42:25.031 -0400] [32mINFO[39m:
    [35mevent[39m: "database_migration"
    [35mmessage[39m: "### MIGRATION 0056_private_filesystem_current_clock (UP) ###"
[2026-09-21 14:42:25.032 -0400] [32mINFO[39m:
    [35mevent[39m: "database_migration"
    [35mmessage[39m: "### MIGRATION 0057_finalized_asset_delivery_authority (UP) ###"
[2026-09-21 14:42:25.039 -0400] [32mINFO[39m:
    [35mevent[39m: "database_migration"
    [35mmessage[39m: "### MIGRATION 0058_secure_storage_lifecycle (UP) ###"
[2026-09-21 14:42:25.042 -0400] [32mINFO[39m:
    [35mevent[39m: "database_migration"
    [35mmessage[39m: "### MIGRATION 0059_secure_storage_target_intent (UP) ###"
[2026-09-21 14:42:25.045 -0400] [32mINFO[39m:
    [35mevent[39m: "database_migration"
    [35mmessage[39m: "### MIGRATION 0060_asset_publication_identities (UP) ###"
[2026-09-21 14:42:25.049 -0400] [32mINFO[39m:
    [35mevent[39m: "database_migration"
    [35mmessage[39m: "### MIGRATION 0061_portable_import_composition (UP) ###"
[2026-09-21 14:42:25.054 -0400] [32mINFO[39m:
    [35mevent[39m: "database_migration"
    [35mmessage[39m: "### MIGRATION 0062_portable_import_asset_publications (UP) ###"
[2026-09-21 14:42:25.058 -0400] [32mINFO[39m:
    [35mevent[39m: "database_migration"
    [35mmessage[39m: "### MIGRATION 0063_portable_legacy_story_asset_publications (UP) ###"
[2026-09-21 14:42:25.060 -0400] [32mINFO[39m:
    [35mevent[39m: "database_migration"
    [35mmessage[39m: "### MIGRATION 0064_normalized_asset_publication_requests (UP) ###"
[2026-09-21 14:42:25.075 -0400] [32mINFO[39m:
    [35mevent[39m: "database_migration"
    [35mmessage[39m: "### MIGRATION 0065_illustration_asset_publications (UP) ###"
[2026-09-21 14:42:25.078 -0400] [32mINFO[39m:
    [35mevent[39m: "database_migration"
    [35mmessage[39m: "### MIGRATION 0066_portable_normalized_asset_publications (UP) ###"
[2026-09-21 14:42:25.087 -0400] [32mINFO[39m:
    [35mevent[39m: "database_migration"
    [35mmessage[39m: "### MIGRATION 0067_asset_metadata_backfill_executor (UP) ###"
[2026-09-21 14:42:25.089 -0400] [32mINFO[39m:
    [35mevent[39m: "database_migration"
    [35mmessage[39m: "### MIGRATION 0068_portable_legacy_story_create_world (UP) ###"
[2026-09-21 14:42:25.091 -0400] [32mINFO[39m:
    [35mevent[39m: "database_migration"
    [35mmessage[39m: "### MIGRATION 0069_import_progress_status (UP) ###"
[2026-09-21 14:42:25.093 -0400] [32mINFO[39m:
    [35mevent[39m: "database_migration"
    [35mmessage[39m: "### MIGRATION 0070_turn_narration_corrections (UP) ###"
[2026-09-21 14:42:25.097 -0400] [32mINFO[39m:
    [35mevent[39m: "database_migration"
    [35mmessage[39m: "### MIGRATION 0071_world_share_links (UP) ###"
[2026-09-21 14:42:25.099 -0400] [32mINFO[39m:
    [35mevent[39m: "database_migration"
    [35mmessage[39m: "### MIGRATION 0072_chronicle_memory_chunks (UP) ###"
[2026-09-21 14:42:25.110 -0400] [32mINFO[39m:
    [35mevent[39m: "database_migration"
    [35mmessage[39m: "### MIGRATION 0073_chronicle_chunk_job_fencing (UP) ###"
[2026-09-21 14:42:25.112 -0400] [32mINFO[39m:
    [35mevent[39m: "database_migration"
    [35mmessage[39m: "### MIGRATION 0074_chronicle_retrieval_observability (UP) ###"
[2026-09-21 14:42:25.117 -0400] [32mINFO[39m:
    [35mevent[39m: "database_migration"
    [35mmessage[39m: "### MIGRATION 0075_chronicle_query_embedding_cache (UP) ###"
[2026-09-21 14:42:25.121 -0400] [32mINFO[39m:
    [35mevent[39m: "database_migration"
    [35mmessage[39m: "### MIGRATION 0076_chronicle_chunk_skip_reasons (UP) ###"
[2026-09-21 14:42:25.122 -0400] [32mINFO[39m:
    [35mevent[39m: "database_migration"
    [35mmessage[39m: "### MIGRATION 0077_chronicle_chunk_processed_signature (UP) ###"
[2026-09-21 14:42:25.123 -0400] [32mINFO[39m:
    [35mevent[39m: "database_migration"
    [35mmessage[39m: "### MIGRATION 0078_system_archive_jobs (UP) ###"
[2026-09-21 14:42:25.134 -0400] [32mINFO[39m:
    [35mevent[39m: "database_migration"
    [35mmessage[39m: "### MIGRATION 0079_resumable_system_archive_uploads (UP) ###"
[2026-09-21 14:42:25.140 -0400] [32mINFO[39m:
    [35mevent[39m: "database_migration"
    [35mmessage[39m: "### MIGRATION 0080_published_asset_derivative_reservations (UP) ###"
[2026-09-21 14:42:25.142 -0400] [32mINFO[39m:
    [35mevent[39m: "database_migration"
    [35mmessage[39m: "### MIGRATION 0081_campaign_story_context_budget (UP) ###"
[2026-09-21 14:42:25.143 -0400] [32mINFO[39m:
    [35mevent[39m: "database_migration"
    [35mmessage[39m: "### MIGRATION 0082_turn_zero_state_correction_facts (UP) ###"
[2026-09-21 14:42:25.145 -0400] [32mINFO[39m:
    [35mevent[39m: "database_migration"
    [35mmessage[39m: "### MIGRATION 0083_cleaned_campaign_export_deletion (UP) ###"
[2026-09-21 14:42:25.146 -0400] [32mINFO[39m:
    [35mevent[39m: "database_migration"
    [35mmessage[39m: "### MIGRATION 0084_generation_authority_identity (UP) ###"
[2026-09-21 14:42:25.148 -0400] [32mINFO[39m:
    [35mevent[39m: "database_migration"
    [35mmessage[39m: "### MIGRATION 0085_prompt_override_compatibility_acknowledgements (UP) ###"
[2026-09-21 14:42:25.149 -0400] [32mINFO[39m:
    [35mevent[39m: "database_migration"
    [35mmessage[39m: "### MIGRATION 0086_prompt_override_protocol_acknowledgements (UP) ###"
[2026-09-21 14:42:25.151 -0400] [32mINFO[39m:
    [35mevent[39m: "database_migration"
    [35mmessage[39m: "### MIGRATION 0087_chronicle_query_cache_access_sequence (UP) ###"
[2026-09-21 14:42:25.153 -0400] [32mINFO[39m:
    [35mevent[39m: "database_migration"
    [35mmessage[39m: "### MIGRATION 0088_expand_campaign_story_context_budget (UP) ###"
[2026-09-21 14:42:25.154 -0400] [32mINFO[39m:
    [35mevent[39m: "database_migration"
    [35mmessage[39m: "### MIGRATION 0089_authoring_jobs (UP) ###"
[2026-09-21 14:42:25.159 -0400] [32mINFO[39m:
    [35mevent[39m: "database_migration"
    [35mmessage[39m: "### MIGRATION 0090_authoring_apply_review_selection (UP) ###"
[2026-09-21 14:42:25.160 -0400] [32mINFO[39m:
    [35mevent[39m: "database_migration"
    [35mmessage[39m: "### MIGRATION 0091_story_source_authoring (UP) ###"
[2026-09-21 14:42:25.162 -0400] [32mINFO[39m:
    [35mevent[39m: "database_migration"
    [35mmessage[39m: "### MIGRATION 0092_source_synthesis_review_fence (UP) ###"
[2026-09-21 14:42:25.163 -0400] [32mINFO[39m:
    [35mevent[39m: "database_migration"
    [35mmessage[39m: "### MIGRATION 0093_portable_source_material_authority_paths (UP) ###"
[2026-09-21 14:42:25.165 -0400] [32mINFO[39m:
    [35mevent[39m: "database_migration"
    [35mmessage[39m: "### MIGRATION 0094_story_generation_policy (UP) ###"
[2026-09-21 14:42:25.167 -0400] [32mINFO[39m:
    [35mevent[39m: "database_migration"
    [35mmessage[39m: "### MIGRATION 0095_story_memory_capability_enrollment (UP) ###"
[2026-09-21 14:42:25.169 -0400] [32mINFO[39m:
    [35mevent[39m: "database_migration"
    [35mmessage[39m: "### MIGRATION 0096_campaign_memory_defaults (UP) ###"
[2026-09-21 14:42:25.171 -0400] [32mINFO[39m:
    [35mevent[39m: "database_migration"
    [35mmessage[39m: "### MIGRATION 0097_provider_text_selection (UP) ###"
[2026-09-21 14:42:25.172 -0400] [32mINFO[39m:
    [35mevent[39m: "database_migration"
    [35mmessage[39m: "### MIGRATION 0098_illustration_text_execution_snapshot (UP) ###"
[2026-09-21 14:42:25.173 -0400] [32mINFO[39m:
    [35mevent[39m: "database_migration"
    [35mmessage[39m: "### MIGRATION 0099_worker_text_plan_protocol_fences (UP) ###"
[2026-09-21 14:42:25.178 -0400] [32mINFO[39m:
    [35mevent[39m: "database_migration"
    [35mmessage[39m: "### MIGRATION 0100_prepared_text_physical_attempts (UP) ###"
[2026-09-21 14:42:25.181 -0400] [32mINFO[39m:
    [35mevent[39m: "database_migration"
    [35mmessage[39m: "### MIGRATION 0101_durable_campaign_physical_attempt_costs (UP) ###"
[2026-09-21 14:42:25.326 -0400] [32mINFO[39m:
    [35mevent[39m: "database_migration"
    [35mmessage[39m: "> Migrating files:"
[2026-09-21 14:42:25.326 -0400] [32mINFO[39m:
    [35mevent[39m: "database_migration"
    [35mmessage[39m: "> - 0001_initial_nexus"
[2026-09-21 14:42:25.326 -0400] [32mINFO[39m:
    [35mevent[39m: "database_migration"
    [35mmessage[39m: "> - 0002_owner_scope_constraints"
[2026-09-21 14:42:25.326 -0400] [32mINFO[39m:
    [35mevent[39m: "database_migration"
    [35mmessage[39m: "> - 0003_asset_references"
[2026-09-21 14:42:25.326 -0400] [32mINFO[39m:
    [35mevent[39m: "database_migration"
    [35mmessage[39m: "> - 0004_chronicle_job_deduplication"
[2026-09-21 14:42:25.326 -0400] [32mINFO[39m:
    [35mevent[39m: "database_migration"
    [35mmessage[39m: "> - 0005_story_engine"
[2026-09-21 14:42:25.326 -0400] [32mINFO[39m:
    [35mevent[39m: "database_migration"
    [35mmessage[39m: "> - 0006_typed_story_orchestration"
[2026-09-21 14:42:25.326 -0400] [32mINFO[39m:
    [35mevent[39m: "database_migration"
    [35mmessage[39m: "> - 0007_semantic_chronicle"
[2026-09-21 14:42:25.326 -0400] [32mINFO[39m:
    [35mevent[39m: "database_migration"
    [35mmessage[39m: "> - 0008_world_library"
[2026-09-21 14:42:25.326 -0400] [32mINFO[39m:
    [35mevent[39m: "database_migration"
    [35mmessage[39m: "> - 0009_illustration_pipeline"
[2026-09-21 14:42:25.326 -0400] [32mINFO[39m:
    [35mevent[39m: "database_migration"
    [35mmessage[39m: "> - 0010_provider_profile_defaults"
[2026-09-21 14:42:25.327 -0400] [32mINFO[39m:
    [35mevent[39m: "database_migration"
    [35mmessage[39m: "> - 0011_embedding_model_default"
[2026-09-21 14:42:25.327 -0400] [32mINFO[39m:
    [35mevent[39m: "database_migration"
    [35mmessage[39m: "> - 0012_dynamic_chronicle"
[2026-09-21 14:42:25.327 -0400] [32mINFO[39m:
    [35mevent[39m: "database_migration"
    [35mmessage[39m: "> - 0013_campaign_story_length"
[2026-09-21 14:42:25.327 -0400] [32mINFO[39m:
    [35mevent[39m: "database_migration"
    [35mmessage[39m: "> - 0014_generation_progress"
[2026-09-21 14:42:25.327 -0400] [32mINFO[39m:
    [35mevent[39m: "database_migration"
    [35mmessage[39m: "> - 0015_campaign_cost_events"
[2026-09-21 14:42:25.327 -0400] [32mINFO[39m:
    [35mevent[39m: "database_migration"
    [35mmessage[39m: "> - 0016_provider_request_timeout"
[2026-09-21 14:42:25.327 -0400] [32mINFO[39m:
    [35mevent[39m: "database_migration"
    [35mmessage[39m: "> - 0017_campaign_characters"
[2026-09-21 14:42:25.327 -0400] [32mINFO[39m:
    [35mevent[39m: "database_migration"
    [35mmessage[39m: "> - 0018_initial_state_snapshot"
[2026-09-21 14:42:25.327 -0400] [32mINFO[39m:
    [35mevent[39m: "database_migration"
    [35mmessage[39m: "> - 0019_multi_tenant_hardening"
[2026-09-21 14:42:25.327 -0400] [32mINFO[39m:
    [35mevent[39m: "database_migration"
    [35mmessage[39m: "> - 0020_user_settings"
[2026-09-21 14:42:25.327 -0400] [32mINFO[39m:
    [35mevent[39m: "database_migration"
    [35mmessage[39m: "> - 0021_world_version_deletion"
[2026-09-21 14:42:25.327 -0400] [32mINFO[39m:
    [35mevent[39m: "database_migration"
    [35mmessage[39m: "> - 0022_campaign_state_revisions"
[2026-09-21 14:42:25.327 -0400] [32mINFO[39m:
    [35mevent[39m: "database_migration"
    [35mmessage[39m: "> - 0023_durable_generation_replacement"
[2026-09-21 14:42:25.327 -0400] [32mINFO[39m:
    [35mevent[39m: "database_migration"
    [35mmessage[39m: "> - 0024_structured_canonical_facts"
[2026-09-21 14:42:25.327 -0400] [32mINFO[39m:
    [35mevent[39m: "database_migration"
    [35mmessage[39m: "> - 0025_asset_reference_lifecycle"
[2026-09-21 14:42:25.327 -0400] [32mINFO[39m:
    [35mevent[39m: "database_migration"
    [35mmessage[39m: "> - 0026_campaign_world_transfers"
[2026-09-21 14:42:25.327 -0400] [32mINFO[39m:
    [35mevent[39m: "database_migration"
    [35mmessage[39m: "> - 0027_turn_intent_provider_role"
[2026-09-21 14:42:25.327 -0400] [32mINFO[39m:
    [35mevent[39m: "database_migration"
    [35mmessage[39m: "> - 0028_turn_input_modes"
[2026-09-21 14:42:25.327 -0400] [32mINFO[39m:
    [35mevent[39m: "database_migration"
    [35mmessage[39m: "> - 0029_durable_image_provider_jobs"
[2026-09-21 14:42:25.327 -0400] [32mINFO[39m:
    [35mevent[39m: "database_migration"
    [35mmessage[39m: "> - 0030_world_cover_image_jobs"
[2026-09-21 14:42:25.327 -0400] [32mINFO[39m:
    [35mevent[39m: "database_migration"
    [35mmessage[39m: "> - 0031_context_aware_image_library"
[2026-09-21 14:42:25.327 -0400] [32mINFO[39m:
    [35mevent[39m: "database_migration"
    [35mmessage[39m: "> - 0032_sogni_sdk_provider"
[2026-09-21 14:42:25.327 -0400] [32mINFO[39m:
    [35mevent[39m: "database_migration"
    [35mmessage[39m: "> - 0033_segmented_turn_illustrations"
[2026-09-21 14:42:25.327 -0400] [32mINFO[39m:
    [35mevent[39m: "database_migration"
    [35mmessage[39m: "> - 0034_campaign_illustration_refinement_instructions"
[2026-09-21 14:42:25.327 -0400] [32mINFO[39m:
    [35mevent[39m: "database_migration"
    [35mmessage[39m: "> - 0035_campaign_illustration_refinement_prompt"
[2026-09-21 14:42:25.327 -0400] [32mINFO[39m:
    [35mevent[39m: "database_migration"
    [35mmessage[39m: "### MIGRATION 0001_initial_nexus (UP) ###"
[2026-09-21 14:42:25.348 -0400] [32mINFO[39m:
    [35mevent[39m: "database_migration"
    [35mmessage[39m: "### MIGRATION 0002_owner_scope_constraints (UP) ###"
[2026-09-21 14:42:25.352 -0400] [32mINFO[39m:
    [35mevent[39m: "database_migration"
    [35mmessage[39m: "### MIGRATION 0003_asset_references (UP) ###"
[2026-09-21 14:42:25.354 -0400] [32mINFO[39m:
    [35mevent[39m: "database_migration"
    [35mmessage[39m: "### MIGRATION 0004_chronicle_job_deduplication (UP) ###"
[2026-09-21 14:42:25.356 -0400] [32mINFO[39m:
    [35mevent[39m: "database_migration"
    [35mmessage[39m: "### MIGRATION 0005_story_engine (UP) ###"
[2026-09-21 14:42:25.363 -0400] [32mINFO[39m:
    [35mevent[39m: "database_migration"
    [35mmessage[39m: "### MIGRATION 0006_typed_story_orchestration (UP) ###"
[2026-09-21 14:42:25.365 -0400] [32mINFO[39m:
    [35mevent[39m: "database_migration"
    [35mmessage[39m: "### MIGRATION 0007_semantic_chronicle (UP) ###"
[2026-09-21 14:42:25.369 -0400] [32mINFO[39m:
    [35mevent[39m: "database_migration"
    [35mmessage[39m: "### MIGRATION 0008_world_library (UP) ###"
[2026-09-21 14:42:25.373 -0400] [32mINFO[39m:
    [35mevent[39m: "database_migration"
    [35mmessage[39m: "### MIGRATION 0009_illustration_pipeline (UP) ###"
[2026-09-21 14:42:25.378 -0400] [32mINFO[39m:
    [35mevent[39m: "database_migration"
    [35mmessage[39m: "### MIGRATION 0010_provider_profile_defaults (UP) ###"
[2026-09-21 14:42:25.381 -0400] [32mINFO[39m:
    [35mevent[39m: "database_migration"
    [35mmessage[39m: "### MIGRATION 0011_embedding_model_default (UP) ###"
[2026-09-21 14:42:25.382 -0400] [32mINFO[39m:
    [35mevent[39m: "database_migration"
    [35mmessage[39m: "### MIGRATION 0012_dynamic_chronicle (UP) ###"
[2026-09-21 14:42:25.384 -0400] [32mINFO[39m:
    [35mevent[39m: "database_migration"
    [35mmessage[39m: "### MIGRATION 0013_campaign_story_length (UP) ###"
[2026-09-21 14:42:25.385 -0400] [32mINFO[39m:
    [35mevent[39m: "database_migration"
    [35mmessage[39m: "### MIGRATION 0014_generation_progress (UP) ###"
[2026-09-21 14:42:25.387 -0400] [32mINFO[39m:
    [35mevent[39m: "database_migration"
    [35mmessage[39m: "### MIGRATION 0015_campaign_cost_events (UP) ###"
[2026-09-21 14:42:25.391 -0400] [32mINFO[39m:
    [35mevent[39m: "database_migration"
    [35mmessage[39m: "### MIGRATION 0016_provider_request_timeout (UP) ###"
[2026-09-21 14:42:25.393 -0400] [32mINFO[39m:
    [35mevent[39m: "database_migration"
    [35mmessage[39m: "### MIGRATION 0017_campaign_characters (UP) ###"
[2026-09-21 14:42:25.394 -0400] [32mINFO[39m:
    [35mevent[39m: "database_migration"
    [35mmessage[39m: "### MIGRATION 0018_initial_state_snapshot (UP) ###"
[2026-09-21 14:42:25.396 -0400] [32mINFO[39m:
    [35mevent[39m: "database_migration"
    [35mmessage[39m: "### MIGRATION 0019_multi_tenant_hardening (UP) ###"
[2026-09-21 14:42:25.401 -0400] [32mINFO[39m:
    [35mevent[39m: "database_migration"
    [35mmessage[39m: "### MIGRATION 0020_user_settings (UP) ###"
[2026-09-21 14:42:25.402 -0400] [32mINFO[39m:
    [35mevent[39m: "database_migration"
    [35mmessage[39m: "### MIGRATION 0021_world_version_deletion (UP) ###"
[2026-09-21 14:42:25.406 -0400] [32mINFO[39m:
    [35mevent[39m: "database_migration"
    [35mmessage[39m: "### MIGRATION 0022_campaign_state_revisions (UP) ###"
[2026-09-21 14:42:25.408 -0400] [32mINFO[39m:
    [35mevent[39m: "database_migration"
    [35mmessage[39m: "### MIGRATION 0023_durable_generation_replacement (UP) ###"
[2026-09-21 14:42:25.411 -0400] [32mINFO[39m:
    [35mevent[39m: "database_migration"
    [35mmessage[39m: "### MIGRATION 0024_structured_canonical_facts (UP) ###"
[2026-09-21 14:42:25.415 -0400] [32mINFO[39m:
    [35mevent[39m: "database_migration"
    [35mmessage[39m: "### MIGRATION 0025_asset_reference_lifecycle (UP) ###"
[2026-09-21 14:42:25.417 -0400] [32mINFO[39m:
    [35mevent[39m: "database_migration"
    [35mmessage[39m: "### MIGRATION 0026_campaign_world_transfers (UP) ###"
[2026-09-21 14:42:25.420 -0400] [32mINFO[39m:
    [35mevent[39m: "database_migration"
    [35mmessage[39m: "### MIGRATION 0027_turn_intent_provider_role (UP) ###"
[2026-09-21 14:42:25.421 -0400] [32mINFO[39m:
    [35mevent[39m: "database_migration"
    [35mmessage[39m: "### MIGRATION 0028_turn_input_modes (UP) ###"
[2026-09-21 14:42:25.425 -0400] [32mINFO[39m:
    [35mevent[39m: "database_migration"
    [35mmessage[39m: "### MIGRATION 0029_durable_image_provider_jobs (UP) ###"
[2026-09-21 14:42:25.429 -0400] [32mINFO[39m:
    [35mevent[39m: "database_migration"
    [35mmessage[39m: "### MIGRATION 0030_world_cover_image_jobs (UP) ###"
[2026-09-21 14:42:25.432 -0400] [32mINFO[39m:
    [35mevent[39m: "database_migration"
    [35mmessage[39m: "### MIGRATION 0031_context_aware_image_library (UP) ###"
[2026-09-21 14:42:25.445 -0400] [32mINFO[39m:
    [35mevent[39m: "database_migration"
    [35mmessage[39m: "### MIGRATION 0032_sogni_sdk_provider (UP) ###"
[2026-09-21 14:42:25.446 -0400] [32mINFO[39m:
    [35mevent[39m: "database_migration"
    [35mmessage[39m: "### MIGRATION 0033_segmented_turn_illustrations (UP) ###"
[2026-09-21 14:42:25.458 -0400] [32mINFO[39m:
    [35mevent[39m: "database_migration"
    [35mmessage[39m: "### MIGRATION 0034_campaign_illustration_refinement_instructions (UP) ###"
[2026-09-21 14:42:25.459 -0400] [32mINFO[39m:
    [35mevent[39m: "database_migration"
    [35mmessage[39m: "### MIGRATION 0035_campaign_illustration_refinement_prompt (UP) ###"
[2026-09-21 14:42:25.528 -0400] [32mINFO[39m:
    [35mevent[39m: "database_migration"
    [35mmessage[39m: "> Migrating files:"
[2026-09-21 14:42:25.528 -0400] [32mINFO[39m:
    [35mevent[39m: "database_migration"
    [35mmessage[39m: "> - 0036_structured_character_profiles"
[2026-09-21 14:42:25.528 -0400] [32mINFO[39m:
    [35mevent[39m: "database_migration"
    [35mmessage[39m: "> - 0037_prompt_library"
[2026-09-21 14:42:25.528 -0400] [32mINFO[39m:
    [35mevent[39m: "database_migration"
    [35mmessage[39m: "> - 0038_prompt_library_hardening"
[2026-09-21 14:42:25.528 -0400] [32mINFO[39m:
    [35mevent[39m: "database_migration"
    [35mmessage[39m: "> - 0039_chronicle_entity_identity"
[2026-09-21 14:42:25.528 -0400] [32mINFO[39m:
    [35mevent[39m: "database_migration"
    [35mmessage[39m: "> - 0040_streaming_illustration_pipeline"
[2026-09-21 14:42:25.528 -0400] [32mINFO[39m:
    [35mevent[39m: "database_migration"
    [35mmessage[39m: "> - 0041_allow_streaming_asset_contexts"
[2026-09-21 14:42:25.528 -0400] [32mINFO[39m:
    [35mevent[39m: "database_migration"
    [35mmessage[39m: "> - 0042_json_illustration_refinement_prompt"
[2026-09-21 14:42:25.528 -0400] [32mINFO[39m:
    [35mevent[39m: "database_migration"
    [35mmessage[39m: "> - 0043_world_generation_progress"
[2026-09-21 14:42:25.528 -0400] [32mINFO[39m:
    [35mevent[39m: "database_migration"
    [35mmessage[39m: "> - 0044_api_admission_control"
[2026-09-21 14:42:25.528 -0400] [32mINFO[39m:
    [35mevent[39m: "database_migration"
    [35mmessage[39m: "> - 0045_archive_previews"
[2026-09-21 14:42:25.528 -0400] [32mINFO[39m:
    [35mevent[39m: "database_migration"
    [35mmessage[39m: "> - 0046_archive_preview_superseded"
[2026-09-21 14:42:25.528 -0400] [32mINFO[39m:
    [35mevent[39m: "database_migration"
    [35mmessage[39m: "> - 0047_full_campaign_state_corrections"
[2026-09-21 14:42:25.528 -0400] [32mINFO[39m:
    [35mevent[39m: "database_migration"
    [35mmessage[39m: "> - 0048_cascade_streaming_image_jobs"
[2026-09-21 14:42:25.528 -0400] [32mINFO[39m:
    [35mevent[39m: "database_migration"
    [35mmessage[39m: "> - 0049_cancelled_generation_jobs"
[2026-09-21 14:42:25.528 -0400] [32mINFO[39m:
    [35mevent[39m: "database_migration"
    [35mmessage[39m: "> - 0050_cancel_provisional_illustration_children"
[2026-09-21 14:42:25.528 -0400] [32mINFO[39m:
    [35mevent[39m: "database_migration"
    [35mmessage[39m: "> - 0051_preserve_replacement_turn_provenance"
[2026-09-21 14:42:25.528 -0400] [32mINFO[39m:
    [35mevent[39m: "database_migration"
    [35mmessage[39m: "> - 0052_generation_job_notifications"
[2026-09-21 14:42:25.528 -0400] [32mINFO[39m:
    [35mevent[39m: "database_migration"
    [35mmessage[39m: "> - 0053_durable_asset_portable_operations"
[2026-09-21 14:42:25.528 -0400] [32mINFO[39m:
    [35mevent[39m: "database_migration"
    [35mmessage[39m: "> - 0054_private_filesystem_authority"
[2026-09-21 14:42:25.528 -0400] [32mINFO[39m:
    [35mevent[39m: "database_migration"
    [35mmessage[39m: "> - 0055_private_portable_repository_guards"
[2026-09-21 14:42:25.528 -0400] [32mINFO[39m:
    [35mevent[39m: "database_migration"
    [35mmessage[39m: "> - 0056_private_filesystem_current_clock"
[2026-09-21 14:42:25.528 -0400] [32mINFO[39m:
    [35mevent[39m: "database_migration"
    [35mmessage[39m: "> - 0057_finalized_asset_delivery_authority"
[2026-09-21 14:42:25.528 -0400] [32mINFO[39m:
    [35mevent[39m: "database_migration"
    [35mmessage[39m: "> - 0058_secure_storage_lifecycle"
[2026-09-21 14:42:25.528 -0400] [32mINFO[39m:
    [35mevent[39m: "database_migration"
    [35mmessage[39m: "> - 0059_secure_storage_target_intent"
[2026-09-21 14:42:25.528 -0400] [32mINFO[39m:
    [35mevent[39m: "database_migration"
    [35mmessage[39m: "> - 0060_asset_publication_identities"
[2026-09-21 14:42:25.528 -0400] [32mINFO[39m:
    [35mevent[39m: "database_migration"
    [35mmessage[39m: "> - 0061_portable_import_composition"
[2026-09-21 14:42:25.528 -0400] [32mINFO[39m:
    [35mevent[39m: "database_migration"
    [35mmessage[39m: "> - 0062_portable_import_asset_publications"
[2026-09-21 14:42:25.528 -0400] [32mINFO[39m:
    [35mevent[39m: "database_migration"
    [35mmessage[39m: "> - 0063_portable_legacy_story_asset_publications"
[2026-09-21 14:42:25.528 -0400] [32mINFO[39m:
    [35mevent[39m: "database_migration"
    [35mmessage[39m: "> - 0064_normalized_asset_publication_requests"
[2026-09-21 14:42:25.528 -0400] [32mINFO[39m:
    [35mevent[39m: "database_migration"
    [35mmessage[39m: "> - 0065_illustration_asset_publications"
[2026-09-21 14:42:25.528 -0400] [32mINFO[39m:
    [35mevent[39m: "database_migration"
    [35mmessage[39m: "> - 0066_portable_normalized_asset_publications"
[2026-09-21 14:42:25.528 -0400] [32mINFO[39m:
    [35mevent[39m: "database_migration"
    [35mmessage[39m: "> - 0067_asset_metadata_backfill_executor"
[2026-09-21 14:42:25.528 -0400] [32mINFO[39m:
    [35mevent[39m: "database_migration"
    [35mmessage[39m: "> - 0068_portable_legacy_story_create_world"
[2026-09-21 14:42:25.528 -0400] [32mINFO[39m:
    [35mevent[39m: "database_migration"
    [35mmessage[39m: "> - 0069_import_progress_status"
[2026-09-21 14:42:25.528 -0400] [32mINFO[39m:
    [35mevent[39m: "database_migration"
    [35mmessage[39m: "> - 0070_turn_narration_corrections"
[2026-09-21 14:42:25.528 -0400] [32mINFO[39m:
    [35mevent[39m: "database_migration"
    [35mmessage[39m: "> - 0071_world_share_links"
[2026-09-21 14:42:25.528 -0400] [32mINFO[39m:
    [35mevent[39m: "database_migration"
    [35mmessage[39m: "> - 0072_chronicle_memory_chunks"
[2026-09-21 14:42:25.528 -0400] [32mINFO[39m:
    [35mevent[39m: "database_migration"
    [35mmessage[39m: "> - 0073_chronicle_chunk_job_fencing"
[2026-09-21 14:42:25.528 -0400] [32mINFO[39m:
    [35mevent[39m: "database_migration"
    [35mmessage[39m: "> - 0074_chronicle_retrieval_observability"
[2026-09-21 14:42:25.528 -0400] [32mINFO[39m:
    [35mevent[39m: "database_migration"
    [35mmessage[39m: "> - 0075_chronicle_query_embedding_cache"
[2026-09-21 14:42:25.528 -0400] [32mINFO[39m:
    [35mevent[39m: "database_migration"
    [35mmessage[39m: "> - 0076_chronicle_chunk_skip_reasons"
[2026-09-21 14:42:25.528 -0400] [32mINFO[39m:
    [35mevent[39m: "database_migration"
    [35mmessage[39m: "> - 0077_chronicle_chunk_processed_signature"
[2026-09-21 14:42:25.528 -0400] [32mINFO[39m:
    [35mevent[39m: "database_migration"
    [35mmessage[39m: "> - 0078_system_archive_jobs"
[2026-09-21 14:42:25.528 -0400] [32mINFO[39m:
    [35mevent[39m: "database_migration"
    [35mmessage[39m: "> - 0079_resumable_system_archive_uploads"
[2026-09-21 14:42:25.528 -0400] [32mINFO[39m:
    [35mevent[39m: "database_migration"
    [35mmessage[39m: "> - 0080_published_asset_derivative_reservations"
[2026-09-21 14:42:25.528 -0400] [32mINFO[39m:
    [35mevent[39m: "database_migration"
    [35mmessage[39m: "> - 0081_campaign_story_context_budget"
[2026-09-21 14:42:25.528 -0400] [32mINFO[39m:
    [35mevent[39m: "database_migration"
    [35mmessage[39m: "> - 0082_turn_zero_state_correction_facts"
[2026-09-21 14:42:25.528 -0400] [32mINFO[39m:
    [35mevent[39m: "database_migration"
    [35mmessage[39m: "> - 0083_cleaned_campaign_export_deletion"
[2026-09-21 14:42:25.528 -0400] [32mINFO[39m:
    [35mevent[39m: "database_migration"
    [35mmessage[39m: "> - 0084_generation_authority_identity"
[2026-09-21 14:42:25.528 -0400] [32mINFO[39m:
    [35mevent[39m: "database_migration"
    [35mmessage[39m: "> - 0085_prompt_override_compatibility_acknowledgements"
[2026-09-21 14:42:25.528 -0400] [32mINFO[39m:
    [35mevent[39m: "database_migration"
    [35mmessage[39m: "> - 0086_prompt_override_protocol_acknowledgements"
[2026-09-21 14:42:25.528 -0400] [32mINFO[39m:
    [35mevent[39m: "database_migration"
    [35mmessage[39m: "> - 0087_chronicle_query_cache_access_sequence"
[2026-09-21 14:42:25.528 -0400] [32mINFO[39m:
    [35mevent[39m: "database_migration"
    [35mmessage[39m: "> - 0088_expand_campaign_story_context_budget"
[2026-09-21 14:42:25.528 -0400] [32mINFO[39m:
    [35mevent[39m: "database_migration"
    [35mmessage[39m: "> - 0089_authoring_jobs"
[2026-09-21 14:42:25.528 -0400] [32mINFO[39m:
    [35mevent[39m: "database_migration"
    [35mmessage[39m: "> - 0090_authoring_apply_review_selection"
[2026-09-21 14:42:25.528 -0400] [32mINFO[39m:
    [35mevent[39m: "database_migration"
    [35mmessage[39m: "> - 0091_story_source_authoring"
[2026-09-21 14:42:25.528 -0400] [32mINFO[39m:
    [35mevent[39m: "database_migration"
    [35mmessage[39m: "> - 0092_source_synthesis_review_fence"
[2026-09-21 14:42:25.528 -0400] [32mINFO[39m:
    [35mevent[39m: "database_migration"
    [35mmessage[39m: "> - 0093_portable_source_material_authority_paths"
[2026-09-21 14:42:25.528 -0400] [32mINFO[39m:
    [35mevent[39m: "database_migration"
    [35mmessage[39m: "> - 0094_story_generation_policy"
[2026-09-21 14:42:25.528 -0400] [32mINFO[39m:
    [35mevent[39m: "database_migration"
    [35mmessage[39m: "> - 0095_story_memory_capability_enrollment"
[2026-09-21 14:42:25.528 -0400] [32mINFO[39m:
    [35mevent[39m: "database_migration"
    [35mmessage[39m: "> - 0096_campaign_memory_defaults"
[2026-09-21 14:42:25.528 -0400] [32mINFO[39m:
    [35mevent[39m: "database_migration"
    [35mmessage[39m: "> - 0097_provider_text_selection"
[2026-09-21 14:42:25.528 -0400] [32mINFO[39m:
    [35mevent[39m: "database_migration"
    [35mmessage[39m: "> - 0098_illustration_text_execution_snapshot"
[2026-09-21 14:42:25.528 -0400] [32mINFO[39m:
    [35mevent[39m: "database_migration"
    [35mmessage[39m: "> - 0099_worker_text_plan_protocol_fences"
[2026-09-21 14:42:25.528 -0400] [32mINFO[39m:
    [35mevent[39m: "database_migration"
    [35mmessage[39m: "> - 0100_prepared_text_physical_attempts"
[2026-09-21 14:42:25.528 -0400] [32mINFO[39m:
    [35mevent[39m: "database_migration"
    [35mmessage[39m: "> - 0101_durable_campaign_physical_attempt_costs"
[2026-09-21 14:42:25.529 -0400] [32mINFO[39m:
    [35mevent[39m: "database_migration"
    [35mmessage[39m: "### MIGRATION 0036_structured_character_profiles (UP) ###"
[2026-09-21 14:42:25.534 -0400] [32mINFO[39m:
    [35mevent[39m: "database_migration"
    [35mmessage[39m: "### MIGRATION 0037_prompt_library (UP) ###"
[2026-09-21 14:42:25.538 -0400] [32mINFO[39m:
    [35mevent[39m: "database_migration"
    [35mmessage[39m: "### MIGRATION 0038_prompt_library_hardening (UP) ###"
[2026-09-21 14:42:25.540 -0400] [32mINFO[39m:
    [35mevent[39m: "database_migration"
    [35mmessage[39m: "### MIGRATION 0039_chronicle_entity_identity (UP) ###"
[2026-09-21 14:42:25.542 -0400] [32mINFO[39m:
    [35mevent[39m: "database_migration"
    [35mmessage[39m: "### MIGRATION 0040_streaming_illustration_pipeline (UP) ###"
[2026-09-21 14:42:25.547 -0400] [32mINFO[39m:
    [35mevent[39m: "database_migration"
    [35mmessage[39m: "### MIGRATION 0041_allow_streaming_asset_contexts (UP) ###"
[2026-09-21 14:42:25.548 -0400] [32mINFO[39m:
    [35mevent[39m: "database_migration"
    [35mmessage[39m: "### MIGRATION 0042_json_illustration_refinement_prompt (UP) ###"
[2026-09-21 14:42:25.549 -0400] [32mINFO[39m:
    [35mevent[39m: "database_migration"
    [35mmessage[39m: "### MIGRATION 0043_world_generation_progress (UP) ###"
[2026-09-21 14:42:25.552 -0400] [32mINFO[39m:
    [35mevent[39m: "database_migration"
    [35mmessage[39m: "### MIGRATION 0044_api_admission_control (UP) ###"
[2026-09-21 14:42:25.555 -0400] [32mINFO[39m:
    [35mevent[39m: "database_migration"
    [35mmessage[39m: "### MIGRATION 0045_archive_previews (UP) ###"
[2026-09-21 14:42:25.558 -0400] [32mINFO[39m:
    [35mevent[39m: "database_migration"
    [35mmessage[39m: "### MIGRATION 0046_archive_preview_superseded (UP) ###"
[2026-09-21 14:42:25.559 -0400] [32mINFO[39m:
    [35mevent[39m: "database_migration"
    [35mmessage[39m: "### MIGRATION 0047_full_campaign_state_corrections (UP) ###"
[2026-09-21 14:42:25.562 -0400] [32mINFO[39m:
    [35mevent[39m: "database_migration"
    [35mmessage[39m: "### MIGRATION 0048_cascade_streaming_image_jobs (UP) ###"
[2026-09-21 14:42:25.564 -0400] [32mINFO[39m:
    [35mevent[39m: "database_migration"
    [35mmessage[39m: "### MIGRATION 0049_cancelled_generation_jobs (UP) ###"
[2026-09-21 14:42:25.566 -0400] [32mINFO[39m:
    [35mevent[39m: "database_migration"
    [35mmessage[39m: "### MIGRATION 0050_cancel_provisional_illustration_children (UP) ###"
[2026-09-21 14:42:25.567 -0400] [32mINFO[39m:
    [35mevent[39m: "database_migration"
    [35mmessage[39m: "### MIGRATION 0051_preserve_replacement_turn_provenance (UP) ###"
[2026-09-21 14:42:25.569 -0400] [32mINFO[39m:
    [35mevent[39m: "database_migration"
    [35mmessage[39m: "### MIGRATION 0052_generation_job_notifications (UP) ###"
[2026-09-21 14:42:25.570 -0400] [32mINFO[39m:
    [35mevent[39m: "database_migration"
    [35mmessage[39m: "### MIGRATION 0053_durable_asset_portable_operations (UP) ###"
[2026-09-21 14:42:25.586 -0400] [32mINFO[39m:
    [35mevent[39m: "database_migration"
    [35mmessage[39m: "### MIGRATION 0054_private_filesystem_authority (UP) ###"
[2026-09-21 14:42:25.594 -0400] [32mINFO[39m:
    [35mevent[39m: "database_migration"
    [35mmessage[39m: "### MIGRATION 0055_private_portable_repository_guards (UP) ###"
[2026-09-21 14:42:25.597 -0400] [32mINFO[39m:
    [35mevent[39m: "database_migration"
    [35mmessage[39m: "### MIGRATION 0056_private_filesystem_current_clock (UP) ###"
[2026-09-21 14:42:25.598 -0400] [32mINFO[39m:
    [35mevent[39m: "database_migration"
    [35mmessage[39m: "### MIGRATION 0057_finalized_asset_delivery_authority (UP) ###"
[2026-09-21 14:42:25.604 -0400] [32mINFO[39m:
    [35mevent[39m: "database_migration"
    [35mmessage[39m: "### MIGRATION 0058_secure_storage_lifecycle (UP) ###"
[2026-09-21 14:42:25.607 -0400] [32mINFO[39m:
    [35mevent[39m: "database_migration"
    [35mmessage[39m: "### MIGRATION 0059_secure_storage_target_intent (UP) ###"
[2026-09-21 14:42:25.609 -0400] [32mINFO[39m:
    [35mevent[39m: "database_migration"
    [35mmessage[39m: "### MIGRATION 0060_asset_publication_identities (UP) ###"
[2026-09-21 14:42:25.613 -0400] [32mINFO[39m:
    [35mevent[39m: "database_migration"
    [35mmessage[39m: "### MIGRATION 0061_portable_import_composition (UP) ###"
[2026-09-21 14:42:25.617 -0400] [32mINFO[39m:
    [35mevent[39m: "database_migration"
    [35mmessage[39m: "### MIGRATION 0062_portable_import_asset_publications (UP) ###"
[2026-09-21 14:42:25.621 -0400] [32mINFO[39m:
    [35mevent[39m: "database_migration"
    [35mmessage[39m: "### MIGRATION 0063_portable_legacy_story_asset_publications (UP) ###"
[2026-09-21 14:42:25.622 -0400] [32mINFO[39m:
    [35mevent[39m: "database_migration"
    [35mmessage[39m: "### MIGRATION 0064_normalized_asset_publication_requests (UP) ###"
[2026-09-21 14:42:25.635 -0400] [32mINFO[39m:
    [35mevent[39m: "database_migration"
    [35mmessage[39m: "### MIGRATION 0065_illustration_asset_publications (UP) ###"
[2026-09-21 14:42:25.638 -0400] [32mINFO[39m:
    [35mevent[39m: "database_migration"
    [35mmessage[39m: "### MIGRATION 0066_portable_normalized_asset_publications (UP) ###"
[2026-09-21 14:42:25.646 -0400] [32mINFO[39m:
    [35mevent[39m: "database_migration"
    [35mmessage[39m: "### MIGRATION 0067_asset_metadata_backfill_executor (UP) ###"
[2026-09-21 14:42:25.649 -0400] [32mINFO[39m:
    [35mevent[39m: "database_migration"
    [35mmessage[39m: "### MIGRATION 0068_portable_legacy_story_create_world (UP) ###"
[2026-09-21 14:42:25.650 -0400] [32mINFO[39m:
    [35mevent[39m: "database_migration"
    [35mmessage[39m: "### MIGRATION 0069_import_progress_status (UP) ###"
[2026-09-21 14:42:25.653 -0400] [32mINFO[39m:
    [35mevent[39m: "database_migration"
    [35mmessage[39m: "### MIGRATION 0070_turn_narration_corrections (UP) ###"
[2026-09-21 14:42:25.656 -0400] [32mINFO[39m:
    [35mevent[39m: "database_migration"
    [35mmessage[39m: "### MIGRATION 0071_world_share_links (UP) ###"
[2026-09-21 14:42:25.658 -0400] [32mINFO[39m:
    [35mevent[39m: "database_migration"
    [35mmessage[39m: "### MIGRATION 0072_chronicle_memory_chunks (UP) ###"
[2026-09-21 14:42:25.667 -0400] [32mINFO[39m:
    [35mevent[39m: "database_migration"
    [35mmessage[39m: "### MIGRATION 0073_chronicle_chunk_job_fencing (UP) ###"
[2026-09-21 14:42:25.669 -0400] [32mINFO[39m:
    [35mevent[39m: "database_migration"
    [35mmessage[39m: "### MIGRATION 0074_chronicle_retrieval_observability (UP) ###"
[2026-09-21 14:42:25.673 -0400] [32mINFO[39m:
    [35mevent[39m: "database_migration"
    [35mmessage[39m: "### MIGRATION 0075_chronicle_query_embedding_cache (UP) ###"
[2026-09-21 14:42:25.676 -0400] [32mINFO[39m:
    [35mevent[39m: "database_migration"
    [35mmessage[39m: "### MIGRATION 0076_chronicle_chunk_skip_reasons (UP) ###"
[2026-09-21 14:42:25.677 -0400] [32mINFO[39m:
    [35mevent[39m: "database_migration"
    [35mmessage[39m: "### MIGRATION 0077_chronicle_chunk_processed_signature (UP) ###"
[2026-09-21 14:42:25.679 -0400] [32mINFO[39m:
    [35mevent[39m: "database_migration"
    [35mmessage[39m: "### MIGRATION 0078_system_archive_jobs (UP) ###"
[2026-09-21 14:42:25.688 -0400] [32mINFO[39m:
    [35mevent[39m: "database_migration"
    [35mmessage[39m: "### MIGRATION 0079_resumable_system_archive_uploads (UP) ###"
[2026-09-21 14:42:25.693 -0400] [32mINFO[39m:
    [35mevent[39m: "database_migration"
    [35mmessage[39m: "### MIGRATION 0080_published_asset_derivative_reservations (UP) ###"
[2026-09-21 14:42:25.695 -0400] [32mINFO[39m:
    [35mevent[39m: "database_migration"
    [35mmessage[39m: "### MIGRATION 0081_campaign_story_context_budget (UP) ###"
[2026-09-21 14:42:25.696 -0400] [32mINFO[39m:
    [35mevent[39m: "database_migration"
    [35mmessage[39m: "### MIGRATION 0082_turn_zero_state_correction_facts (UP) ###"
[2026-09-21 14:42:25.698 -0400] [32mINFO[39m:
    [35mevent[39m: "database_migration"
    [35mmessage[39m: "### MIGRATION 0083_cleaned_campaign_export_deletion (UP) ###"
[2026-09-21 14:42:25.699 -0400] [32mINFO[39m:
    [35mevent[39m: "database_migration"
    [35mmessage[39m: "### MIGRATION 0084_generation_authority_identity (UP) ###"
[2026-09-21 14:42:25.700 -0400] [32mINFO[39m:
    [35mevent[39m: "database_migration"
    [35mmessage[39m: "### MIGRATION 0085_prompt_override_compatibility_acknowledgements (UP) ###"
[2026-09-21 14:42:25.702 -0400] [32mINFO[39m:
    [35mevent[39m: "database_migration"
    [35mmessage[39m: "### MIGRATION 0086_prompt_override_protocol_acknowledgements (UP) ###"
[2026-09-21 14:42:25.703 -0400] [32mINFO[39m:
    [35mevent[39m: "database_migration"
    [35mmessage[39m: "### MIGRATION 0087_chronicle_query_cache_access_sequence (UP) ###"
[2026-09-21 14:42:25.705 -0400] [32mINFO[39m:
    [35mevent[39m: "database_migration"
    [35mmessage[39m: "### MIGRATION 0088_expand_campaign_story_context_budget (UP) ###"
[2026-09-21 14:42:25.706 -0400] [32mINFO[39m:
    [35mevent[39m: "database_migration"
    [35mmessage[39m: "### MIGRATION 0089_authoring_jobs (UP) ###"
[2026-09-21 14:42:25.711 -0400] [32mINFO[39m:
    [35mevent[39m: "database_migration"
    [35mmessage[39m: "### MIGRATION 0090_authoring_apply_review_selection (UP) ###"
[2026-09-21 14:42:25.712 -0400] [32mINFO[39m:
    [35mevent[39m: "database_migration"
    [35mmessage[39m: "### MIGRATION 0091_story_source_authoring (UP) ###"
[2026-09-21 14:42:25.714 -0400] [32mINFO[39m:
    [35mevent[39m: "database_migration"
    [35mmessage[39m: "### MIGRATION 0092_source_synthesis_review_fence (UP) ###"
[2026-09-21 14:42:25.715 -0400] [32mINFO[39m:
    [35mevent[39m: "database_migration"
    [35mmessage[39m: "### MIGRATION 0093_portable_source_material_authority_paths (UP) ###"
[2026-09-21 14:42:25.716 -0400] [32mINFO[39m:
    [35mevent[39m: "database_migration"
    [35mmessage[39m: "### MIGRATION 0094_story_generation_policy (UP) ###"
[2026-09-21 14:42:25.718 -0400] [32mINFO[39m:
    [35mevent[39m: "database_migration"
    [35mmessage[39m: "### MIGRATION 0095_story_memory_capability_enrollment (UP) ###"
[2026-09-21 14:42:25.720 -0400] [32mINFO[39m:
    [35mevent[39m: "database_migration"
    [35mmessage[39m: "### MIGRATION 0096_campaign_memory_defaults (UP) ###"
[2026-09-21 14:42:25.722 -0400] [32mINFO[39m:
    [35mevent[39m: "database_migration"
    [35mmessage[39m: "### MIGRATION 0097_provider_text_selection (UP) ###"
[2026-09-21 14:42:25.723 -0400] [32mINFO[39m:
    [35mevent[39m: "database_migration"
    [35mmessage[39m: "### MIGRATION 0098_illustration_text_execution_snapshot (UP) ###"
[2026-09-21 14:42:25.725 -0400] [32mINFO[39m:
    [35mevent[39m: "database_migration"
    [35mmessage[39m: "### MIGRATION 0099_worker_text_plan_protocol_fences (UP) ###"
[2026-09-21 14:42:25.729 -0400] [32mINFO[39m:
    [35mevent[39m: "database_migration"
    [35mmessage[39m: "### MIGRATION 0100_prepared_text_physical_attempts (UP) ###"
[2026-09-21 14:42:25.732 -0400] [32mINFO[39m:
    [35mevent[39m: "database_migration"
    [35mmessage[39m: "### MIGRATION 0101_durable_campaign_physical_attempt_costs (UP) ###"
[2026-09-21 14:42:25.982 -0400] [32mINFO[39m:
    [35mevent[39m: "database_migration"
    [35mmessage[39m: "> Migrating files:"
[2026-09-21 14:42:25.982 -0400] [32mINFO[39m:
    [35mevent[39m: "database_migration"
    [35mmessage[39m: "> - 0001_initial_nexus"
[2026-09-21 14:42:25.982 -0400] [32mINFO[39m:
    [35mevent[39m: "database_migration"
    [35mmessage[39m: "> - 0002_owner_scope_constraints"
[2026-09-21 14:42:25.982 -0400] [32mINFO[39m:
    [35mevent[39m: "database_migration"
    [35mmessage[39m: "> - 0003_asset_references"
[2026-09-21 14:42:25.982 -0400] [32mINFO[39m:
    [35mevent[39m: "database_migration"
    [35mmessage[39m: "> - 0004_chronicle_job_deduplication"
[2026-09-21 14:42:25.982 -0400] [32mINFO[39m:
    [35mevent[39m: "database_migration"
    [35mmessage[39m: "> - 0005_story_engine"
[2026-09-21 14:42:25.982 -0400] [32mINFO[39m:
    [35mevent[39m: "database_migration"
    [35mmessage[39m: "> - 0006_typed_story_orchestration"
[2026-09-21 14:42:25.982 -0400] [32mINFO[39m:
    [35mevent[39m: "database_migration"
    [35mmessage[39m: "> - 0007_semantic_chronicle"
[2026-09-21 14:42:25.982 -0400] [32mINFO[39m:
    [35mevent[39m: "database_migration"
    [35mmessage[39m: "> - 0008_world_library"
[2026-09-21 14:42:25.982 -0400] [32mINFO[39m:
    [35mevent[39m: "database_migration"
    [35mmessage[39m: "> - 0009_illustration_pipeline"
[2026-09-21 14:42:25.982 -0400] [32mINFO[39m:
    [35mevent[39m: "database_migration"
    [35mmessage[39m: "> - 0010_provider_profile_defaults"
[2026-09-21 14:42:25.982 -0400] [32mINFO[39m:
    [35mevent[39m: "database_migration"
    [35mmessage[39m: "> - 0011_embedding_model_default"
[2026-09-21 14:42:25.982 -0400] [32mINFO[39m:
    [35mevent[39m: "database_migration"
    [35mmessage[39m: "> - 0012_dynamic_chronicle"
[2026-09-21 14:42:25.982 -0400] [32mINFO[39m:
    [35mevent[39m: "database_migration"
    [35mmessage[39m: "> - 0013_campaign_story_length"
[2026-09-21 14:42:25.982 -0400] [32mINFO[39m:
    [35mevent[39m: "database_migration"
    [35mmessage[39m: "> - 0014_generation_progress"
[2026-09-21 14:42:25.982 -0400] [32mINFO[39m:
    [35mevent[39m: "database_migration"
    [35mmessage[39m: "> - 0015_campaign_cost_events"
[2026-09-21 14:42:25.982 -0400] [32mINFO[39m:
    [35mevent[39m: "database_migration"
    [35mmessage[39m: "> - 0016_provider_request_timeout"
[2026-09-21 14:42:25.982 -0400] [32mINFO[39m:
    [35mevent[39m: "database_migration"
    [35mmessage[39m: "> - 0017_campaign_characters"
[2026-09-21 14:42:25.982 -0400] [32mINFO[39m:
    [35mevent[39m: "database_migration"
    [35mmessage[39m: "> - 0018_initial_state_snapshot"
[2026-09-21 14:42:25.982 -0400] [32mINFO[39m:
    [35mevent[39m: "database_migration"
    [35mmessage[39m: "> - 0019_multi_tenant_hardening"
[2026-09-21 14:42:25.982 -0400] [32mINFO[39m:
    [35mevent[39m: "database_migration"
    [35mmessage[39m: "> - 0020_user_settings"
[2026-09-21 14:42:25.982 -0400] [32mINFO[39m:
    [35mevent[39m: "database_migration"
    [35mmessage[39m: "> - 0021_world_version_deletion"
[2026-09-21 14:42:25.982 -0400] [32mINFO[39m:
    [35mevent[39m: "database_migration"
    [35mmessage[39m: "> - 0022_campaign_state_revisions"
[2026-09-21 14:42:25.982 -0400] [32mINFO[39m:
    [35mevent[39m: "database_migration"
    [35mmessage[39m: "> - 0023_durable_generation_replacement"
[2026-09-21 14:42:25.982 -0400] [32mINFO[39m:
    [35mevent[39m: "database_migration"
    [35mmessage[39m: "> - 0024_structured_canonical_facts"
[2026-09-21 14:42:25.982 -0400] [32mINFO[39m:
    [35mevent[39m: "database_migration"
    [35mmessage[39m: "> - 0025_asset_reference_lifecycle"
[2026-09-21 14:42:25.982 -0400] [32mINFO[39m:
    [35mevent[39m: "database_migration"
    [35mmessage[39m: "> - 0026_campaign_world_transfers"
[2026-09-21 14:42:25.982 -0400] [32mINFO[39m:
    [35mevent[39m: "database_migration"
    [35mmessage[39m: "> - 0027_turn_intent_provider_role"
[2026-09-21 14:42:25.982 -0400] [32mINFO[39m:
    [35mevent[39m: "database_migration"
    [35mmessage[39m: "> - 0028_turn_input_modes"
[2026-09-21 14:42:25.982 -0400] [32mINFO[39m:
    [35mevent[39m: "database_migration"
    [35mmessage[39m: "> - 0029_durable_image_provider_jobs"
[2026-09-21 14:42:25.982 -0400] [32mINFO[39m:
    [35mevent[39m: "database_migration"
    [35mmessage[39m: "> - 0030_world_cover_image_jobs"
[2026-09-21 14:42:25.982 -0400] [32mINFO[39m:
    [35mevent[39m: "database_migration"
    [35mmessage[39m: "> - 0031_context_aware_image_library"
[2026-09-21 14:42:25.982 -0400] [32mINFO[39m:
    [35mevent[39m: "database_migration"
    [35mmessage[39m: "> - 0032_sogni_sdk_provider"
[2026-09-21 14:42:25.982 -0400] [32mINFO[39m:
    [35mevent[39m: "database_migration"
    [35mmessage[39m: "> - 0033_segmented_turn_illustrations"
[2026-09-21 14:42:25.982 -0400] [32mINFO[39m:
    [35mevent[39m: "database_migration"
    [35mmessage[39m: "> - 0034_campaign_illustration_refinement_instructions"
[2026-09-21 14:42:25.982 -0400] [32mINFO[39m:
    [35mevent[39m: "database_migration"
    [35mmessage[39m: "> - 0035_campaign_illustration_refinement_prompt"
[2026-09-21 14:42:25.982 -0400] [32mINFO[39m:
    [35mevent[39m: "database_migration"
    [35mmessage[39m: "> - 0036_structured_character_profiles"
[2026-09-21 14:42:25.982 -0400] [32mINFO[39m:
    [35mevent[39m: "database_migration"
    [35mmessage[39m: "> - 0037_prompt_library"
[2026-09-21 14:42:25.982 -0400] [32mINFO[39m:
    [35mevent[39m: "database_migration"
    [35mmessage[39m: "> - 0038_prompt_library_hardening"
[2026-09-21 14:42:25.982 -0400] [32mINFO[39m:
    [35mevent[39m: "database_migration"
    [35mmessage[39m: "> - 0039_chronicle_entity_identity"
[2026-09-21 14:42:25.982 -0400] [32mINFO[39m:
    [35mevent[39m: "database_migration"
    [35mmessage[39m: "> - 0040_streaming_illustration_pipeline"
[2026-09-21 14:42:25.982 -0400] [32mINFO[39m:
    [35mevent[39m: "database_migration"
    [35mmessage[39m: "> - 0041_allow_streaming_asset_contexts"
[2026-09-21 14:42:25.982 -0400] [32mINFO[39m:
    [35mevent[39m: "database_migration"
    [35mmessage[39m: "> - 0042_json_illustration_refinement_prompt"
[2026-09-21 14:42:25.982 -0400] [32mINFO[39m:
    [35mevent[39m: "database_migration"
    [35mmessage[39m: "> - 0043_world_generation_progress"
[2026-09-21 14:42:25.982 -0400] [32mINFO[39m:
    [35mevent[39m: "database_migration"
    [35mmessage[39m: "> - 0044_api_admission_control"
[2026-09-21 14:42:25.982 -0400] [32mINFO[39m:
    [35mevent[39m: "database_migration"
    [35mmessage[39m: "> - 0045_archive_previews"
[2026-09-21 14:42:25.982 -0400] [32mINFO[39m:
    [35mevent[39m: "database_migration"
    [35mmessage[39m: "> - 0046_archive_preview_superseded"
[2026-09-21 14:42:25.982 -0400] [32mINFO[39m:
    [35mevent[39m: "database_migration"
    [35mmessage[39m: "> - 0047_full_campaign_state_corrections"
[2026-09-21 14:42:25.982 -0400] [32mINFO[39m:
    [35mevent[39m: "database_migration"
    [35mmessage[39m: "> - 0048_cascade_streaming_image_jobs"
[2026-09-21 14:42:25.982 -0400] [32mINFO[39m:
    [35mevent[39m: "database_migration"
    [35mmessage[39m: "> - 0049_cancelled_generation_jobs"
[2026-09-21 14:42:25.982 -0400] [32mINFO[39m:
    [35mevent[39m: "database_migration"
    [35mmessage[39m: "> - 0050_cancel_provisional_illustration_children"
[2026-09-21 14:42:25.982 -0400] [32mINFO[39m:
    [35mevent[39m: "database_migration"
    [35mmessage[39m: "> - 0051_preserve_replacement_turn_provenance"
[2026-09-21 14:42:25.982 -0400] [32mINFO[39m:
    [35mevent[39m: "database_migration"
    [35mmessage[39m: "> - 0052_generation_job_notifications"
[2026-09-21 14:42:25.982 -0400] [32mINFO[39m:
    [35mevent[39m: "database_migration"
    [35mmessage[39m: "> - 0053_durable_asset_portable_operations"
[2026-09-21 14:42:25.982 -0400] [32mINFO[39m:
    [35mevent[39m: "database_migration"
    [35mmessage[39m: "> - 0054_private_filesystem_authority"
[2026-09-21 14:42:25.982 -0400] [32mINFO[39m:
    [35mevent[39m: "database_migration"
    [35mmessage[39m: "> - 0055_private_portable_repository_guards"
[2026-09-21 14:42:25.982 -0400] [32mINFO[39m:
    [35mevent[39m: "database_migration"
    [35mmessage[39m: "> - 0056_private_filesystem_current_clock"
[2026-09-21 14:42:25.982 -0400] [32mINFO[39m:
    [35mevent[39m: "database_migration"
    [35mmessage[39m: "> - 0057_finalized_asset_delivery_authority"
[2026-09-21 14:42:25.982 -0400] [32mINFO[39m:
    [35mevent[39m: "database_migration"
    [35mmessage[39m: "> - 0058_secure_storage_lifecycle"
[2026-09-21 14:42:25.982 -0400] [32mINFO[39m:
    [35mevent[39m: "database_migration"
    [35mmessage[39m: "> - 0059_secure_storage_target_intent"
[2026-09-21 14:42:25.982 -0400] [32mINFO[39m:
    [35mevent[39m: "database_migration"
    [35mmessage[39m: "> - 0060_asset_publication_identities"
[2026-09-21 14:42:25.982 -0400] [32mINFO[39m:
    [35mevent[39m: "database_migration"
    [35mmessage[39m: "> - 0061_portable_import_composition"
[2026-09-21 14:42:25.982 -0400] [32mINFO[39m:
    [35mevent[39m: "database_migration"
    [35mmessage[39m: "> - 0062_portable_import_asset_publications"
[2026-09-21 14:42:25.982 -0400] [32mINFO[39m:
    [35mevent[39m: "database_migration"
    [35mmessage[39m: "> - 0063_portable_legacy_story_asset_publications"
[2026-09-21 14:42:25.982 -0400] [32mINFO[39m:
    [35mevent[39m: "database_migration"
    [35mmessage[39m: "> - 0064_normalized_asset_publication_requests"
[2026-09-21 14:42:25.982 -0400] [32mINFO[39m:
    [35mevent[39m: "database_migration"
    [35mmessage[39m: "> - 0065_illustration_asset_publications"
[2026-09-21 14:42:25.982 -0400] [32mINFO[39m:
    [35mevent[39m: "database_migration"
    [35mmessage[39m: "> - 0066_portable_normalized_asset_publications"
[2026-09-21 14:42:25.982 -0400] [32mINFO[39m:
    [35mevent[39m: "database_migration"
    [35mmessage[39m: "> - 0067_asset_metadata_backfill_executor"
[2026-09-21 14:42:25.982 -0400] [32mINFO[39m:
    [35mevent[39m: "database_migration"
    [35mmessage[39m: "> - 0068_portable_legacy_story_create_world"
[2026-09-21 14:42:25.982 -0400] [32mINFO[39m:
    [35mevent[39m: "database_migration"
    [35mmessage[39m: "> - 0069_import_progress_status"
[2026-09-21 14:42:25.982 -0400] [32mINFO[39m:
    [35mevent[39m: "database_migration"
    [35mmessage[39m: "> - 0070_turn_narration_corrections"
[2026-09-21 14:42:25.982 -0400] [32mINFO[39m:
    [35mevent[39m: "database_migration"
    [35mmessage[39m: "> - 0071_world_share_links"
[2026-09-21 14:42:25.983 -0400] [32mINFO[39m:
    [35mevent[39m: "database_migration"
    [35mmessage[39m: "### MIGRATION 0001_initial_nexus (UP) ###"
[2026-09-21 14:42:26.005 -0400] [32mINFO[39m:
    [35mevent[39m: "database_migration"
    [35mmessage[39m: "### MIGRATION 0002_owner_scope_constraints (UP) ###"
[2026-09-21 14:42:26.010 -0400] [32mINFO[39m:
    [35mevent[39m: "database_migration"
    [35mmessage[39m: "### MIGRATION 0003_asset_references (UP) ###"
[2026-09-21 14:42:26.012 -0400] [32mINFO[39m:
    [35mevent[39m: "database_migration"
    [35mmessage[39m: "### MIGRATION 0004_chronicle_job_deduplication (UP) ###"
[2026-09-21 14:42:26.014 -0400] [32mINFO[39m:
    [35mevent[39m: "database_migration"
    [35mmessage[39m: "### MIGRATION 0005_story_engine (UP) ###"
[2026-09-21 14:42:26.021 -0400] [32mINFO[39m:
    [35mevent[39m: "database_migration"
    [35mmessage[39m: "### MIGRATION 0006_typed_story_orchestration (UP) ###"
[2026-09-21 14:42:26.023 -0400] [32mINFO[39m:
    [35mevent[39m: "database_migration"
    [35mmessage[39m: "### MIGRATION 0007_semantic_chronicle (UP) ###"
[2026-09-21 14:42:26.027 -0400] [32mINFO[39m:
    [35mevent[39m: "database_migration"
    [35mmessage[39m: "### MIGRATION 0008_world_library (UP) ###"
[2026-09-21 14:42:26.031 -0400] [32mINFO[39m:
    [35mevent[39m: "database_migration"
    [35mmessage[39m: "### MIGRATION 0009_illustration_pipeline (UP) ###"
[2026-09-21 14:42:26.036 -0400] [32mINFO[39m:
    [35mevent[39m: "database_migration"
    [35mmessage[39m: "### MIGRATION 0010_provider_profile_defaults (UP) ###"
[2026-09-21 14:42:26.038 -0400] [32mINFO[39m:
    [35mevent[39m: "database_migration"
    [35mmessage[39m: "### MIGRATION 0011_embedding_model_default (UP) ###"
[2026-09-21 14:42:26.040 -0400] [32mINFO[39m:
    [35mevent[39m: "database_migration"
    [35mmessage[39m: "### MIGRATION 0012_dynamic_chronicle (UP) ###"
[2026-09-21 14:42:26.042 -0400] [32mINFO[39m:
    [35mevent[39m: "database_migration"
    [35mmessage[39m: "### MIGRATION 0013_campaign_story_length (UP) ###"
[2026-09-21 14:42:26.043 -0400] [32mINFO[39m:
    [35mevent[39m: "database_migration"
    [35mmessage[39m: "### MIGRATION 0014_generation_progress (UP) ###"
[2026-09-21 14:42:26.045 -0400] [32mINFO[39m:
    [35mevent[39m: "database_migration"
    [35mmessage[39m: "### MIGRATION 0015_campaign_cost_events (UP) ###"
[2026-09-21 14:42:26.049 -0400] [32mINFO[39m:
    [35mevent[39m: "database_migration"
    [35mmessage[39m: "### MIGRATION 0016_provider_request_timeout (UP) ###"
[2026-09-21 14:42:26.050 -0400] [32mINFO[39m:
    [35mevent[39m: "database_migration"
    [35mmessage[39m: "### MIGRATION 0017_campaign_characters (UP) ###"
[2026-09-21 14:42:26.052 -0400] [32mINFO[39m:
    [35mevent[39m: "database_migration"
    [35mmessage[39m: "### MIGRATION 0018_initial_state_snapshot (UP) ###"
[2026-09-21 14:42:26.053 -0400] [32mINFO[39m:
    [35mevent[39m: "database_migration"
    [35mmessage[39m: "### MIGRATION 0019_multi_tenant_hardening (UP) ###"
[2026-09-21 14:42:26.059 -0400] [32mINFO[39m:
    [35mevent[39m: "database_migration"
    [35mmessage[39m: "### MIGRATION 0020_user_settings (UP) ###"
[2026-09-21 14:42:26.060 -0400] [32mINFO[39m:
    [35mevent[39m: "database_migration"
    [35mmessage[39m: "### MIGRATION 0021_world_version_deletion (UP) ###"
[2026-09-21 14:42:26.064 -0400] [32mINFO[39m:
    [35mevent[39m: "database_migration"
    [35mmessage[39m: "### MIGRATION 0022_campaign_state_revisions (UP) ###"
[2026-09-21 14:42:26.066 -0400] [32mINFO[39m:
    [35mevent[39m: "database_migration"
    [35mmessage[39m: "### MIGRATION 0023_durable_generation_replacement (UP) ###"
[2026-09-21 14:42:26.070 -0400] [32mINFO[39m:
    [35mevent[39m: "database_migration"
    [35mmessage[39m: "### MIGRATION 0024_structured_canonical_facts (UP) ###"
[2026-09-21 14:42:26.074 -0400] [32mINFO[39m:
    [35mevent[39m: "database_migration"
    [35mmessage[39m: "### MIGRATION 0025_asset_reference_lifecycle (UP) ###"
[2026-09-21 14:42:26.076 -0400] [32mINFO[39m:
    [35mevent[39m: "database_migration"
    [35mmessage[39m: "### MIGRATION 0026_campaign_world_transfers (UP) ###"
[2026-09-21 14:42:26.079 -0400] [32mINFO[39m:
    [35mevent[39m: "database_migration"
    [35mmessage[39m: "### MIGRATION 0027_turn_intent_provider_role (UP) ###"
[2026-09-21 14:42:26.080 -0400] [32mINFO[39m:
    [35mevent[39m: "database_migration"
    [35mmessage[39m: "### MIGRATION 0028_turn_input_modes (UP) ###"
[2026-09-21 14:42:26.084 -0400] [32mINFO[39m:
    [35mevent[39m: "database_migration"
    [35mmessage[39m: "### MIGRATION 0029_durable_image_provider_jobs (UP) ###"
[2026-09-21 14:42:26.088 -0400] [32mINFO[39m:
    [35mevent[39m: "database_migration"
    [35mmessage[39m: "### MIGRATION 0030_world_cover_image_jobs (UP) ###"
[2026-09-21 14:42:26.091 -0400] [32mINFO[39m:
    [35mevent[39m: "database_migration"
    [35mmessage[39m: "### MIGRATION 0031_context_aware_image_library (UP) ###"
[2026-09-21 14:42:26.104 -0400] [32mINFO[39m:
    [35mevent[39m: "database_migration"
    [35mmessage[39m: "### MIGRATION 0032_sogni_sdk_provider (UP) ###"
[2026-09-21 14:42:26.106 -0400] [32mINFO[39m:
    [35mevent[39m: "database_migration"
    [35mmessage[39m: "### MIGRATION 0033_segmented_turn_illustrations (UP) ###"
[2026-09-21 14:42:26.117 -0400] [32mINFO[39m:
    [35mevent[39m: "database_migration"
    [35mmessage[39m: "### MIGRATION 0034_campaign_illustration_refinement_instructions (UP) ###"
[2026-09-21 14:42:26.119 -0400] [32mINFO[39m:
    [35mevent[39m: "database_migration"
    [35mmessage[39m: "### MIGRATION 0035_campaign_illustration_refinement_prompt (UP) ###"
[2026-09-21 14:42:26.120 -0400] [32mINFO[39m:
    [35mevent[39m: "database_migration"
    [35mmessage[39m: "### MIGRATION 0036_structured_character_profiles (UP) ###"
[2026-09-21 14:42:26.123 -0400] [32mINFO[39m:
    [35mevent[39m: "database_migration"
    [35mmessage[39m: "### MIGRATION 0037_prompt_library (UP) ###"
[2026-09-21 14:42:26.126 -0400] [32mINFO[39m:
    [35mevent[39m: "database_migration"
    [35mmessage[39m: "### MIGRATION 0038_prompt_library_hardening (UP) ###"
[2026-09-21 14:42:26.128 -0400] [32mINFO[39m:
    [35mevent[39m: "database_migration"
    [35mmessage[39m: "### MIGRATION 0039_chronicle_entity_identity (UP) ###"
[2026-09-21 14:42:26.130 -0400] [32mINFO[39m:
    [35mevent[39m: "database_migration"
    [35mmessage[39m: "### MIGRATION 0040_streaming_illustration_pipeline (UP) ###"
[2026-09-21 14:42:26.134 -0400] [32mINFO[39m:
    [35mevent[39m: "database_migration"
    [35mmessage[39m: "### MIGRATION 0041_allow_streaming_asset_contexts (UP) ###"
[2026-09-21 14:42:26.135 -0400] [32mINFO[39m:
    [35mevent[39m: "database_migration"
    [35mmessage[39m: "### MIGRATION 0042_json_illustration_refinement_prompt (UP) ###"
[2026-09-21 14:42:26.137 -0400] [32mINFO[39m:
    [35mevent[39m: "database_migration"
    [35mmessage[39m: "### MIGRATION 0043_world_generation_progress (UP) ###"
[2026-09-21 14:42:26.139 -0400] [32mINFO[39m:
    [35mevent[39m: "database_migration"
    [35mmessage[39m: "### MIGRATION 0044_api_admission_control (UP) ###"
[2026-09-21 14:42:26.142 -0400] [32mINFO[39m:
    [35mevent[39m: "database_migration"
    [35mmessage[39m: "### MIGRATION 0045_archive_previews (UP) ###"
[2026-09-21 14:42:26.145 -0400] [32mINFO[39m:
    [35mevent[39m: "database_migration"
    [35mmessage[39m: "### MIGRATION 0046_archive_preview_superseded (UP) ###"
[2026-09-21 14:42:26.146 -0400] [32mINFO[39m:
    [35mevent[39m: "database_migration"
    [35mmessage[39m: "### MIGRATION 0047_full_campaign_state_corrections (UP) ###"
[2026-09-21 14:42:26.149 -0400] [32mINFO[39m:
    [35mevent[39m: "database_migration"
    [35mmessage[39m: "### MIGRATION 0048_cascade_streaming_image_jobs (UP) ###"
[2026-09-21 14:42:26.151 -0400] [32mINFO[39m:
    [35mevent[39m: "database_migration"
    [35mmessage[39m: "### MIGRATION 0049_cancelled_generation_jobs (UP) ###"
[2026-09-21 14:42:26.153 -0400] [32mINFO[39m:
    [35mevent[39m: "database_migration"
    [35mmessage[39m: "### MIGRATION 0050_cancel_provisional_illustration_children (UP) ###"
[2026-09-21 14:42:26.154 -0400] [32mINFO[39m:
    [35mevent[39m: "database_migration"
    [35mmessage[39m: "### MIGRATION 0051_preserve_replacement_turn_provenance (UP) ###"
[2026-09-21 14:42:26.155 -0400] [32mINFO[39m:
    [35mevent[39m: "database_migration"
    [35mmessage[39m: "### MIGRATION 0052_generation_job_notifications (UP) ###"
[2026-09-21 14:42:26.157 -0400] [32mINFO[39m:
    [35mevent[39m: "database_migration"
    [35mmessage[39m: "### MIGRATION 0053_durable_asset_portable_operations (UP) ###"
[2026-09-21 14:42:26.173 -0400] [32mINFO[39m:
    [35mevent[39m: "database_migration"
    [35mmessage[39m: "### MIGRATION 0054_private_filesystem_authority (UP) ###"
[2026-09-21 14:42:26.181 -0400] [32mINFO[39m:
    [35mevent[39m: "database_migration"
    [35mmessage[39m: "### MIGRATION 0055_private_portable_repository_guards (UP) ###"
[2026-09-21 14:42:26.183 -0400] [32mINFO[39m:
    [35mevent[39m: "database_migration"
    [35mmessage[39m: "### MIGRATION 0056_private_filesystem_current_clock (UP) ###"
[2026-09-21 14:42:26.185 -0400] [32mINFO[39m:
    [35mevent[39m: "database_migration"
    [35mmessage[39m: "### MIGRATION 0057_finalized_asset_delivery_authority (UP) ###"
[2026-09-21 14:42:26.191 -0400] [32mINFO[39m:
    [35mevent[39m: "database_migration"
    [35mmessage[39m: "### MIGRATION 0058_secure_storage_lifecycle (UP) ###"
[2026-09-21 14:42:26.194 -0400] [32mINFO[39m:
    [35mevent[39m: "database_migration"
    [35mmessage[39m: "### MIGRATION 0059_secure_storage_target_intent (UP) ###"
[2026-09-21 14:42:26.196 -0400] [32mINFO[39m:
    [35mevent[39m: "database_migration"
    [35mmessage[39m: "### MIGRATION 0060_asset_publication_identities (UP) ###"
[2026-09-21 14:42:26.200 -0400] [32mINFO[39m:
    [35mevent[39m: "database_migration"
    [35mmessage[39m: "### MIGRATION 0061_portable_import_composition (UP) ###"
[2026-09-21 14:42:26.204 -0400] [32mINFO[39m:
    [35mevent[39m: "database_migration"
    [35mmessage[39m: "### MIGRATION 0062_portable_import_asset_publications (UP) ###"
[2026-09-21 14:42:26.208 -0400] [32mINFO[39m:
    [35mevent[39m: "database_migration"
    [35mmessage[39m: "### MIGRATION 0063_portable_legacy_story_asset_publications (UP) ###"
[2026-09-21 14:42:26.210 -0400] [32mINFO[39m:
    [35mevent[39m: "database_migration"
    [35mmessage[39m: "### MIGRATION 0064_normalized_asset_publication_requests (UP) ###"
[2026-09-21 14:42:26.222 -0400] [32mINFO[39m:
    [35mevent[39m: "database_migration"
    [35mmessage[39m: "### MIGRATION 0065_illustration_asset_publications (UP) ###"
[2026-09-21 14:42:26.226 -0400] [32mINFO[39m:
    [35mevent[39m: "database_migration"
    [35mmessage[39m: "### MIGRATION 0066_portable_normalized_asset_publications (UP) ###"
[2026-09-21 14:42:26.233 -0400] [32mINFO[39m:
    [35mevent[39m: "database_migration"
    [35mmessage[39m: "### MIGRATION 0067_asset_metadata_backfill_executor (UP) ###"
[2026-09-21 14:42:26.236 -0400] [32mINFO[39m:
    [35mevent[39m: "database_migration"
    [35mmessage[39m: "### MIGRATION 0068_portable_legacy_story_create_world (UP) ###"
[2026-09-21 14:42:26.237 -0400] [32mINFO[39m:
    [35mevent[39m: "database_migration"
    [35mmessage[39m: "### MIGRATION 0069_import_progress_status (UP) ###"
[2026-09-21 14:42:26.239 -0400] [32mINFO[39m:
    [35mevent[39m: "database_migration"
    [35mmessage[39m: "### MIGRATION 0070_turn_narration_corrections (UP) ###"
[2026-09-21 14:42:26.243 -0400] [32mINFO[39m:
    [35mevent[39m: "database_migration"
    [35mmessage[39m: "### MIGRATION 0071_world_share_links (UP) ###"
[2026-09-21 14:42:26.311 -0400] [32mINFO[39m:
    [35mevent[39m: "database_migration"
    [35mmessage[39m: "> Migrating files:"
[2026-09-21 14:42:26.311 -0400] [32mINFO[39m:
    [35mevent[39m: "database_migration"
    [35mmessage[39m: "> - 0072_chronicle_memory_chunks"
[2026-09-21 14:42:26.312 -0400] [32mINFO[39m:
    [35mevent[39m: "database_migration"
    [35mmessage[39m: "### MIGRATION 0072_chronicle_memory_chunks (UP) ###"
[2026-09-21 14:42:26.354 -0400] [32mINFO[39m:
    [35mevent[39m: "database_migration"
    [35mmessage[39m: "> Migrating files:"
[2026-09-21 14:42:26.354 -0400] [32mINFO[39m:
    [35mevent[39m: "database_migration"
    [35mmessage[39m: "> - 0073_chronicle_chunk_job_fencing"
[2026-09-21 14:42:26.355 -0400] [32mINFO[39m:
    [35mevent[39m: "database_migration"
    [35mmessage[39m: "### MIGRATION 0073_chronicle_chunk_job_fencing (UP) ###"
[2026-09-21 14:42:26.664 -0400] [32mINFO[39m:
    [35mevent[39m: "database_migration"
    [35mmessage[39m: "> Migrating files:"
[2026-09-21 14:42:26.664 -0400] [32mINFO[39m:
    [35mevent[39m: "database_migration"
    [35mmessage[39m: "> - 0001_initial_nexus"
[2026-09-21 14:42:26.664 -0400] [32mINFO[39m:
    [35mevent[39m: "database_migration"
    [35mmessage[39m: "> - 0002_owner_scope_constraints"
[2026-09-21 14:42:26.664 -0400] [32mINFO[39m:
    [35mevent[39m: "database_migration"
    [35mmessage[39m: "> - 0003_asset_references"
[2026-09-21 14:42:26.664 -0400] [32mINFO[39m:
    [35mevent[39m: "database_migration"
    [35mmessage[39m: "> - 0004_chronicle_job_deduplication"
[2026-09-21 14:42:26.664 -0400] [32mINFO[39m:
    [35mevent[39m: "database_migration"
    [35mmessage[39m: "> - 0005_story_engine"
[2026-09-21 14:42:26.664 -0400] [32mINFO[39m:
    [35mevent[39m: "database_migration"
    [35mmessage[39m: "> - 0006_typed_story_orchestration"
[2026-09-21 14:42:26.664 -0400] [32mINFO[39m:
    [35mevent[39m: "database_migration"
    [35mmessage[39m: "> - 0007_semantic_chronicle"
[2026-09-21 14:42:26.664 -0400] [32mINFO[39m:
    [35mevent[39m: "database_migration"
    [35mmessage[39m: "> - 0008_world_library"
[2026-09-21 14:42:26.664 -0400] [32mINFO[39m:
    [35mevent[39m: "database_migration"
    [35mmessage[39m: "> - 0009_illustration_pipeline"
[2026-09-21 14:42:26.664 -0400] [32mINFO[39m:
    [35mevent[39m: "database_migration"
    [35mmessage[39m: "> - 0010_provider_profile_defaults"
[2026-09-21 14:42:26.664 -0400] [32mINFO[39m:
    [35mevent[39m: "database_migration"
    [35mmessage[39m: "> - 0011_embedding_model_default"
[2026-09-21 14:42:26.664 -0400] [32mINFO[39m:
    [35mevent[39m: "database_migration"
    [35mmessage[39m: "> - 0012_dynamic_chronicle"
[2026-09-21 14:42:26.664 -0400] [32mINFO[39m:
    [35mevent[39m: "database_migration"
    [35mmessage[39m: "> - 0013_campaign_story_length"
[2026-09-21 14:42:26.664 -0400] [32mINFO[39m:
    [35mevent[39m: "database_migration"
    [35mmessage[39m: "> - 0014_generation_progress"
[2026-09-21 14:42:26.664 -0400] [32mINFO[39m:
    [35mevent[39m: "database_migration"
    [35mmessage[39m: "> - 0015_campaign_cost_events"
[2026-09-21 14:42:26.664 -0400] [32mINFO[39m:
    [35mevent[39m: "database_migration"
    [35mmessage[39m: "> - 0016_provider_request_timeout"
[2026-09-21 14:42:26.664 -0400] [32mINFO[39m:
    [35mevent[39m: "database_migration"
    [35mmessage[39m: "> - 0017_campaign_characters"
[2026-09-21 14:42:26.664 -0400] [32mINFO[39m:
    [35mevent[39m: "database_migration"
    [35mmessage[39m: "> - 0018_initial_state_snapshot"
[2026-09-21 14:42:26.664 -0400] [32mINFO[39m:
    [35mevent[39m: "database_migration"
    [35mmessage[39m: "> - 0019_multi_tenant_hardening"
[2026-09-21 14:42:26.664 -0400] [32mINFO[39m:
    [35mevent[39m: "database_migration"
    [35mmessage[39m: "> - 0020_user_settings"
[2026-09-21 14:42:26.664 -0400] [32mINFO[39m:
    [35mevent[39m: "database_migration"
    [35mmessage[39m: "> - 0021_world_version_deletion"
[2026-09-21 14:42:26.664 -0400] [32mINFO[39m:
    [35mevent[39m: "database_migration"
    [35mmessage[39m: "> - 0022_campaign_state_revisions"
[2026-09-21 14:42:26.664 -0400] [32mINFO[39m:
    [35mevent[39m: "database_migration"
    [35mmessage[39m: "> - 0023_durable_generation_replacement"
[2026-09-21 14:42:26.664 -0400] [32mINFO[39m:
    [35mevent[39m: "database_migration"
    [35mmessage[39m: "> - 0024_structured_canonical_facts"
[2026-09-21 14:42:26.664 -0400] [32mINFO[39m:
    [35mevent[39m: "database_migration"
    [35mmessage[39m: "> - 0025_asset_reference_lifecycle"
[2026-09-21 14:42:26.664 -0400] [32mINFO[39m:
    [35mevent[39m: "database_migration"
    [35mmessage[39m: "> - 0026_campaign_world_transfers"
[2026-09-21 14:42:26.664 -0400] [32mINFO[39m:
    [35mevent[39m: "database_migration"
    [35mmessage[39m: "> - 0027_turn_intent_provider_role"
[2026-09-21 14:42:26.664 -0400] [32mINFO[39m:
    [35mevent[39m: "database_migration"
    [35mmessage[39m: "> - 0028_turn_input_modes"
[2026-09-21 14:42:26.664 -0400] [32mINFO[39m:
    [35mevent[39m: "database_migration"
    [35mmessage[39m: "> - 0029_durable_image_provider_jobs"
[2026-09-21 14:42:26.664 -0400] [32mINFO[39m:
    [35mevent[39m: "database_migration"
    [35mmessage[39m: "> - 0030_world_cover_image_jobs"
[2026-09-21 14:42:26.664 -0400] [32mINFO[39m:
    [35mevent[39m: "database_migration"
    [35mmessage[39m: "> - 0031_context_aware_image_library"
[2026-09-21 14:42:26.664 -0400] [32mINFO[39m:
    [35mevent[39m: "database_migration"
    [35mmessage[39m: "> - 0032_sogni_sdk_provider"
[2026-09-21 14:42:26.664 -0400] [32mINFO[39m:
    [35mevent[39m: "database_migration"
    [35mmessage[39m: "> - 0033_segmented_turn_illustrations"
[2026-09-21 14:42:26.664 -0400] [32mINFO[39m:
    [35mevent[39m: "database_migration"
    [35mmessage[39m: "> - 0034_campaign_illustration_refinement_instructions"
[2026-09-21 14:42:26.664 -0400] [32mINFO[39m:
    [35mevent[39m: "database_migration"
    [35mmessage[39m: "> - 0035_campaign_illustration_refinement_prompt"
[2026-09-21 14:42:26.664 -0400] [32mINFO[39m:
    [35mevent[39m: "database_migration"
    [35mmessage[39m: "> - 0036_structured_character_profiles"
[2026-09-21 14:42:26.664 -0400] [32mINFO[39m:
    [35mevent[39m: "database_migration"
    [35mmessage[39m: "> - 0037_prompt_library"
[2026-09-21 14:42:26.664 -0400] [32mINFO[39m:
    [35mevent[39m: "database_migration"
    [35mmessage[39m: "> - 0038_prompt_library_hardening"
[2026-09-21 14:42:26.664 -0400] [32mINFO[39m:
    [35mevent[39m: "database_migration"
    [35mmessage[39m: "> - 0039_chronicle_entity_identity"
[2026-09-21 14:42:26.664 -0400] [32mINFO[39m:
    [35mevent[39m: "database_migration"
    [35mmessage[39m: "> - 0040_streaming_illustration_pipeline"
[2026-09-21 14:42:26.664 -0400] [32mINFO[39m:
    [35mevent[39m: "database_migration"
    [35mmessage[39m: "> - 0041_allow_streaming_asset_contexts"
[2026-09-21 14:42:26.664 -0400] [32mINFO[39m:
    [35mevent[39m: "database_migration"
    [35mmessage[39m: "> - 0042_json_illustration_refinement_prompt"
[2026-09-21 14:42:26.664 -0400] [32mINFO[39m:
    [35mevent[39m: "database_migration"
    [35mmessage[39m: "> - 0043_world_generation_progress"
[2026-09-21 14:42:26.664 -0400] [32mINFO[39m:
    [35mevent[39m: "database_migration"
    [35mmessage[39m: "> - 0044_api_admission_control"
[2026-09-21 14:42:26.664 -0400] [32mINFO[39m:
    [35mevent[39m: "database_migration"
    [35mmessage[39m: "> - 0045_archive_previews"
[2026-09-21 14:42:26.664 -0400] [32mINFO[39m:
    [35mevent[39m: "database_migration"
    [35mmessage[39m: "> - 0046_archive_preview_superseded"
[2026-09-21 14:42:26.664 -0400] [32mINFO[39m:
    [35mevent[39m: "database_migration"
    [35mmessage[39m: "> - 0047_full_campaign_state_corrections"
[2026-09-21 14:42:26.664 -0400] [32mINFO[39m:
    [35mevent[39m: "database_migration"
    [35mmessage[39m: "> - 0048_cascade_streaming_image_jobs"
[2026-09-21 14:42:26.664 -0400] [32mINFO[39m:
    [35mevent[39m: "database_migration"
    [35mmessage[39m: "> - 0049_cancelled_generation_jobs"
[2026-09-21 14:42:26.664 -0400] [32mINFO[39m:
    [35mevent[39m: "database_migration"
    [35mmessage[39m: "> - 0050_cancel_provisional_illustration_children"
[2026-09-21 14:42:26.664 -0400] [32mINFO[39m:
    [35mevent[39m: "database_migration"
    [35mmessage[39m: "> - 0051_preserve_replacement_turn_provenance"
[2026-09-21 14:42:26.664 -0400] [32mINFO[39m:
    [35mevent[39m: "database_migration"
    [35mmessage[39m: "> - 0052_generation_job_notifications"
[2026-09-21 14:42:26.664 -0400] [32mINFO[39m:
    [35mevent[39m: "database_migration"
    [35mmessage[39m: "> - 0053_durable_asset_portable_operations"
[2026-09-21 14:42:26.664 -0400] [32mINFO[39m:
    [35mevent[39m: "database_migration"
    [35mmessage[39m: "> - 0054_private_filesystem_authority"
[2026-09-21 14:42:26.664 -0400] [32mINFO[39m:
    [35mevent[39m: "database_migration"
    [35mmessage[39m: "> - 0055_private_portable_repository_guards"
[2026-09-21 14:42:26.664 -0400] [32mINFO[39m:
    [35mevent[39m: "database_migration"
    [35mmessage[39m: "> - 0056_private_filesystem_current_clock"
[2026-09-21 14:42:26.664 -0400] [32mINFO[39m:
    [35mevent[39m: "database_migration"
    [35mmessage[39m: "> - 0057_finalized_asset_delivery_authority"
[2026-09-21 14:42:26.664 -0400] [32mINFO[39m:
    [35mevent[39m: "database_migration"
    [35mmessage[39m: "> - 0058_secure_storage_lifecycle"
[2026-09-21 14:42:26.664 -0400] [32mINFO[39m:
    [35mevent[39m: "database_migration"
    [35mmessage[39m: "> - 0059_secure_storage_target_intent"
[2026-09-21 14:42:26.664 -0400] [32mINFO[39m:
    [35mevent[39m: "database_migration"
    [35mmessage[39m: "> - 0060_asset_publication_identities"
[2026-09-21 14:42:26.664 -0400] [32mINFO[39m:
    [35mevent[39m: "database_migration"
    [35mmessage[39m: "> - 0061_portable_import_composition"
[2026-09-21 14:42:26.664 -0400] [32mINFO[39m:
    [35mevent[39m: "database_migration"
    [35mmessage[39m: "> - 0062_portable_import_asset_publications"
[2026-09-21 14:42:26.664 -0400] [32mINFO[39m:
    [35mevent[39m: "database_migration"
    [35mmessage[39m: "> - 0063_portable_legacy_story_asset_publications"
[2026-09-21 14:42:26.664 -0400] [32mINFO[39m:
    [35mevent[39m: "database_migration"
    [35mmessage[39m: "> - 0064_normalized_asset_publication_requests"
[2026-09-21 14:42:26.664 -0400] [32mINFO[39m:
    [35mevent[39m: "database_migration"
    [35mmessage[39m: "> - 0065_illustration_asset_publications"
[2026-09-21 14:42:26.664 -0400] [32mINFO[39m:
    [35mevent[39m: "database_migration"
    [35mmessage[39m: "> - 0066_portable_normalized_asset_publications"
[2026-09-21 14:42:26.664 -0400] [32mINFO[39m:
    [35mevent[39m: "database_migration"
    [35mmessage[39m: "> - 0067_asset_metadata_backfill_executor"
[2026-09-21 14:42:26.664 -0400] [32mINFO[39m:
    [35mevent[39m: "database_migration"
    [35mmessage[39m: "> - 0068_portable_legacy_story_create_world"
[2026-09-21 14:42:26.664 -0400] [32mINFO[39m:
    [35mevent[39m: "database_migration"
    [35mmessage[39m: "> - 0069_import_progress_status"
[2026-09-21 14:42:26.664 -0400] [32mINFO[39m:
    [35mevent[39m: "database_migration"
    [35mmessage[39m: "> - 0070_turn_narration_corrections"
[2026-09-21 14:42:26.664 -0400] [32mINFO[39m:
    [35mevent[39m: "database_migration"
    [35mmessage[39m: "> - 0071_world_share_links"
[2026-09-21 14:42:26.664 -0400] [32mINFO[39m:
    [35mevent[39m: "database_migration"
    [35mmessage[39m: "> - 0072_chronicle_memory_chunks"
[2026-09-21 14:42:26.664 -0400] [32mINFO[39m:
    [35mevent[39m: "database_migration"
    [35mmessage[39m: "> - 0073_chronicle_chunk_job_fencing"
[2026-09-21 14:42:26.664 -0400] [32mINFO[39m:
    [35mevent[39m: "database_migration"
    [35mmessage[39m: "> - 0074_chronicle_retrieval_observability"
[2026-09-21 14:42:26.664 -0400] [32mINFO[39m:
    [35mevent[39m: "database_migration"
    [35mmessage[39m: "> - 0075_chronicle_query_embedding_cache"
[2026-09-21 14:42:26.665 -0400] [32mINFO[39m:
    [35mevent[39m: "database_migration"
    [35mmessage[39m: "### MIGRATION 0001_initial_nexus (UP) ###"
[2026-09-21 14:42:26.689 -0400] [32mINFO[39m:
    [35mevent[39m: "database_migration"
    [35mmessage[39m: "### MIGRATION 0002_owner_scope_constraints (UP) ###"
[2026-09-21 14:42:26.693 -0400] [32mINFO[39m:
    [35mevent[39m: "database_migration"
    [35mmessage[39m: "### MIGRATION 0003_asset_references (UP) ###"
[2026-09-21 14:42:26.695 -0400] [32mINFO[39m:
    [35mevent[39m: "database_migration"
    [35mmessage[39m: "### MIGRATION 0004_chronicle_job_deduplication (UP) ###"
[2026-09-21 14:42:26.697 -0400] [32mINFO[39m:
    [35mevent[39m: "database_migration"
    [35mmessage[39m: "### MIGRATION 0005_story_engine (UP) ###"
[2026-09-21 14:42:26.704 -0400] [32mINFO[39m:
    [35mevent[39m: "database_migration"
    [35mmessage[39m: "### MIGRATION 0006_typed_story_orchestration (UP) ###"
[2026-09-21 14:42:26.706 -0400] [32mINFO[39m:
    [35mevent[39m: "database_migration"
    [35mmessage[39m: "### MIGRATION 0007_semantic_chronicle (UP) ###"
[2026-09-21 14:42:26.710 -0400] [32mINFO[39m:
    [35mevent[39m: "database_migration"
    [35mmessage[39m: "### MIGRATION 0008_world_library (UP) ###"
[2026-09-21 14:42:26.714 -0400] [32mINFO[39m:
    [35mevent[39m: "database_migration"
    [35mmessage[39m: "### MIGRATION 0009_illustration_pipeline (UP) ###"
[2026-09-21 14:42:26.719 -0400] [32mINFO[39m:
    [35mevent[39m: "database_migration"
    [35mmessage[39m: "### MIGRATION 0010_provider_profile_defaults (UP) ###"
[2026-09-21 14:42:26.721 -0400] [32mINFO[39m:
    [35mevent[39m: "database_migration"
    [35mmessage[39m: "### MIGRATION 0011_embedding_model_default (UP) ###"
[2026-09-21 14:42:26.723 -0400] [32mINFO[39m:
    [35mevent[39m: "database_migration"
    [35mmessage[39m: "### MIGRATION 0012_dynamic_chronicle (UP) ###"
[2026-09-21 14:42:26.725 -0400] [32mINFO[39m:
    [35mevent[39m: "database_migration"
    [35mmessage[39m: "### MIGRATION 0013_campaign_story_length (UP) ###"
[2026-09-21 14:42:26.726 -0400] [32mINFO[39m:
    [35mevent[39m: "database_migration"
    [35mmessage[39m: "### MIGRATION 0014_generation_progress (UP) ###"
[2026-09-21 14:42:26.728 -0400] [32mINFO[39m:
    [35mevent[39m: "database_migration"
    [35mmessage[39m: "### MIGRATION 0015_campaign_cost_events (UP) ###"
[2026-09-21 14:42:26.732 -0400] [32mINFO[39m:
    [35mevent[39m: "database_migration"
    [35mmessage[39m: "### MIGRATION 0016_provider_request_timeout (UP) ###"
[2026-09-21 14:42:26.733 -0400] [32mINFO[39m:
    [35mevent[39m: "database_migration"
    [35mmessage[39m: "### MIGRATION 0017_campaign_characters (UP) ###"
[2026-09-21 14:42:26.735 -0400] [32mINFO[39m:
    [35mevent[39m: "database_migration"
    [35mmessage[39m: "### MIGRATION 0018_initial_state_snapshot (UP) ###"
[2026-09-21 14:42:26.736 -0400] [32mINFO[39m:
    [35mevent[39m: "database_migration"
    [35mmessage[39m: "### MIGRATION 0019_multi_tenant_hardening (UP) ###"
[2026-09-21 14:42:26.741 -0400] [32mINFO[39m:
    [35mevent[39m: "database_migration"
    [35mmessage[39m: "### MIGRATION 0020_user_settings (UP) ###"
[2026-09-21 14:42:26.743 -0400] [32mINFO[39m:
    [35mevent[39m: "database_migration"
    [35mmessage[39m: "### MIGRATION 0021_world_version_deletion (UP) ###"
[2026-09-21 14:42:26.746 -0400] [32mINFO[39m:
    [35mevent[39m: "database_migration"
    [35mmessage[39m: "### MIGRATION 0022_campaign_state_revisions (UP) ###"
[2026-09-21 14:42:26.749 -0400] [32mINFO[39m:
    [35mevent[39m: "database_migration"
    [35mmessage[39m: "### MIGRATION 0023_durable_generation_replacement (UP) ###"
[2026-09-21 14:42:26.752 -0400] [32mINFO[39m:
    [35mevent[39m: "database_migration"
    [35mmessage[39m: "### MIGRATION 0024_structured_canonical_facts (UP) ###"
[2026-09-21 14:42:26.755 -0400] [32mINFO[39m:
    [35mevent[39m: "database_migration"
    [35mmessage[39m: "### MIGRATION 0025_asset_reference_lifecycle (UP) ###"
[2026-09-21 14:42:26.757 -0400] [32mINFO[39m:
    [35mevent[39m: "database_migration"
    [35mmessage[39m: "### MIGRATION 0026_campaign_world_transfers (UP) ###"
[2026-09-21 14:42:26.760 -0400] [32mINFO[39m:
    [35mevent[39m: "database_migration"
    [35mmessage[39m: "### MIGRATION 0027_turn_intent_provider_role (UP) ###"
[2026-09-21 14:42:26.762 -0400] [32mINFO[39m:
    [35mevent[39m: "database_migration"
    [35mmessage[39m: "### MIGRATION 0028_turn_input_modes (UP) ###"
[2026-09-21 14:42:26.766 -0400] [32mINFO[39m:
    [35mevent[39m: "database_migration"
    [35mmessage[39m: "### MIGRATION 0029_durable_image_provider_jobs (UP) ###"
[2026-09-21 14:42:26.769 -0400] [32mINFO[39m:
    [35mevent[39m: "database_migration"
    [35mmessage[39m: "### MIGRATION 0030_world_cover_image_jobs (UP) ###"
[2026-09-21 14:42:26.773 -0400] [32mINFO[39m:
    [35mevent[39m: "database_migration"
    [35mmessage[39m: "### MIGRATION 0031_context_aware_image_library (UP) ###"
[2026-09-21 14:42:26.786 -0400] [32mINFO[39m:
    [35mevent[39m: "database_migration"
    [35mmessage[39m: "### MIGRATION 0032_sogni_sdk_provider (UP) ###"
[2026-09-21 14:42:26.787 -0400] [32mINFO[39m:
    [35mevent[39m: "database_migration"
    [35mmessage[39m: "### MIGRATION 0033_segmented_turn_illustrations (UP) ###"
[2026-09-21 14:42:26.800 -0400] [32mINFO[39m:
    [35mevent[39m: "database_migration"
    [35mmessage[39m: "### MIGRATION 0034_campaign_illustration_refinement_instructions (UP) ###"
[2026-09-21 14:42:26.801 -0400] [32mINFO[39m:
    [35mevent[39m: "database_migration"
    [35mmessage[39m: "### MIGRATION 0035_campaign_illustration_refinement_prompt (UP) ###"
[2026-09-21 14:42:26.802 -0400] [32mINFO[39m:
    [35mevent[39m: "database_migration"
    [35mmessage[39m: "### MIGRATION 0036_structured_character_profiles (UP) ###"
[2026-09-21 14:42:26.806 -0400] [32mINFO[39m:
    [35mevent[39m: "database_migration"
    [35mmessage[39m: "### MIGRATION 0037_prompt_library (UP) ###"
[2026-09-21 14:42:26.808 -0400] [32mINFO[39m:
    [35mevent[39m: "database_migration"
    [35mmessage[39m: "### MIGRATION 0038_prompt_library_hardening (UP) ###"
[2026-09-21 14:42:26.810 -0400] [32mINFO[39m:
    [35mevent[39m: "database_migration"
    [35mmessage[39m: "### MIGRATION 0039_chronicle_entity_identity (UP) ###"
[2026-09-21 14:42:26.812 -0400] [32mINFO[39m:
    [35mevent[39m: "database_migration"
    [35mmessage[39m: "### MIGRATION 0040_streaming_illustration_pipeline (UP) ###"
[2026-09-21 14:42:26.819 -0400] [32mINFO[39m:
    [35mevent[39m: "database_migration"
    [35mmessage[39m: "### MIGRATION 0041_allow_streaming_asset_contexts (UP) ###"
[2026-09-21 14:42:26.820 -0400] [32mINFO[39m:
    [35mevent[39m: "database_migration"
    [35mmessage[39m: "### MIGRATION 0042_json_illustration_refinement_prompt (UP) ###"
[2026-09-21 14:42:26.821 -0400] [32mINFO[39m:
    [35mevent[39m: "database_migration"
    [35mmessage[39m: "### MIGRATION 0043_world_generation_progress (UP) ###"
[2026-09-21 14:42:26.824 -0400] [32mINFO[39m:
    [35mevent[39m: "database_migration"
    [35mmessage[39m: "### MIGRATION 0044_api_admission_control (UP) ###"
[2026-09-21 14:42:26.827 -0400] [32mINFO[39m:
    [35mevent[39m: "database_migration"
    [35mmessage[39m: "### MIGRATION 0045_archive_previews (UP) ###"
[2026-09-21 14:42:26.829 -0400] [32mINFO[39m:
    [35mevent[39m: "database_migration"
    [35mmessage[39m: "### MIGRATION 0046_archive_preview_superseded (UP) ###"
[2026-09-21 14:42:26.831 -0400] [32mINFO[39m:
    [35mevent[39m: "database_migration"
    [35mmessage[39m: "### MIGRATION 0047_full_campaign_state_corrections (UP) ###"
[2026-09-21 14:42:26.834 -0400] [32mINFO[39m:
    [35mevent[39m: "database_migration"
    [35mmessage[39m: "### MIGRATION 0048_cascade_streaming_image_jobs (UP) ###"
[2026-09-21 14:42:26.836 -0400] [32mINFO[39m:
    [35mevent[39m: "database_migration"
    [35mmessage[39m: "### MIGRATION 0049_cancelled_generation_jobs (UP) ###"
[2026-09-21 14:42:26.838 -0400] [32mINFO[39m:
    [35mevent[39m: "database_migration"
    [35mmessage[39m: "### MIGRATION 0050_cancel_provisional_illustration_children (UP) ###"
[2026-09-21 14:42:26.839 -0400] [32mINFO[39m:
    [35mevent[39m: "database_migration"
    [35mmessage[39m: "### MIGRATION 0051_preserve_replacement_turn_provenance (UP) ###"
[2026-09-21 14:42:26.840 -0400] [32mINFO[39m:
    [35mevent[39m: "database_migration"
    [35mmessage[39m: "### MIGRATION 0052_generation_job_notifications (UP) ###"
[2026-09-21 14:42:26.842 -0400] [32mINFO[39m:
    [35mevent[39m: "database_migration"
    [35mmessage[39m: "### MIGRATION 0053_durable_asset_portable_operations (UP) ###"
[2026-09-21 14:42:26.859 -0400] [32mINFO[39m:
    [35mevent[39m: "database_migration"
    [35mmessage[39m: "### MIGRATION 0054_private_filesystem_authority (UP) ###"
[2026-09-21 14:42:26.868 -0400] [32mINFO[39m:
    [35mevent[39m: "database_migration"
    [35mmessage[39m: "### MIGRATION 0055_private_portable_repository_guards (UP) ###"
[2026-09-21 14:42:26.870 -0400] [32mINFO[39m:
    [35mevent[39m: "database_migration"
    [35mmessage[39m: "### MIGRATION 0056_private_filesystem_current_clock (UP) ###"
[2026-09-21 14:42:26.872 -0400] [32mINFO[39m:
    [35mevent[39m: "database_migration"
    [35mmessage[39m: "### MIGRATION 0057_finalized_asset_delivery_authority (UP) ###"
[2026-09-21 14:42:26.878 -0400] [32mINFO[39m:
    [35mevent[39m: "database_migration"
    [35mmessage[39m: "### MIGRATION 0058_secure_storage_lifecycle (UP) ###"
[2026-09-21 14:42:26.880 -0400] [32mINFO[39m:
    [35mevent[39m: "database_migration"
    [35mmessage[39m: "### MIGRATION 0059_secure_storage_target_intent (UP) ###"
[2026-09-21 14:42:26.883 -0400] [32mINFO[39m:
    [35mevent[39m: "database_migration"
    [35mmessage[39m: "### MIGRATION 0060_asset_publication_identities (UP) ###"
[2026-09-21 14:42:26.887 -0400] [32mINFO[39m:
    [35mevent[39m: "database_migration"
    [35mmessage[39m: "### MIGRATION 0061_portable_import_composition (UP) ###"
[2026-09-21 14:42:26.891 -0400] [32mINFO[39m:
    [35mevent[39m: "database_migration"
    [35mmessage[39m: "### MIGRATION 0062_portable_import_asset_publications (UP) ###"
[2026-09-21 14:42:26.895 -0400] [32mINFO[39m:
    [35mevent[39m: "database_migration"
    [35mmessage[39m: "### MIGRATION 0063_portable_legacy_story_asset_publications (UP) ###"
[2026-09-21 14:42:26.897 -0400] [32mINFO[39m:
    [35mevent[39m: "database_migration"
    [35mmessage[39m: "### MIGRATION 0064_normalized_asset_publication_requests (UP) ###"
[2026-09-21 14:42:26.909 -0400] [32mINFO[39m:
    [35mevent[39m: "database_migration"
    [35mmessage[39m: "### MIGRATION 0065_illustration_asset_publications (UP) ###"
[2026-09-21 14:42:26.913 -0400] [32mINFO[39m:
    [35mevent[39m: "database_migration"
    [35mmessage[39m: "### MIGRATION 0066_portable_normalized_asset_publications (UP) ###"
[2026-09-21 14:42:26.922 -0400] [32mINFO[39m:
    [35mevent[39m: "database_migration"
    [35mmessage[39m: "### MIGRATION 0067_asset_metadata_backfill_executor (UP) ###"
[2026-09-21 14:42:26.924 -0400] [32mINFO[39m:
    [35mevent[39m: "database_migration"
    [35mmessage[39m: "### MIGRATION 0068_portable_legacy_story_create_world (UP) ###"
[2026-09-21 14:42:26.926 -0400] [32mINFO[39m:
    [35mevent[39m: "database_migration"
    [35mmessage[39m: "### MIGRATION 0069_import_progress_status (UP) ###"
[2026-09-21 14:42:26.928 -0400] [32mINFO[39m:
    [35mevent[39m: "database_migration"
    [35mmessage[39m: "### MIGRATION 0070_turn_narration_corrections (UP) ###"
[2026-09-21 14:42:26.931 -0400] [32mINFO[39m:
    [35mevent[39m: "database_migration"
    [35mmessage[39m: "### MIGRATION 0071_world_share_links (UP) ###"
[2026-09-21 14:42:26.934 -0400] [32mINFO[39m:
    [35mevent[39m: "database_migration"
    [35mmessage[39m: "### MIGRATION 0072_chronicle_memory_chunks (UP) ###"
[2026-09-21 14:42:26.943 -0400] [32mINFO[39m:
    [35mevent[39m: "database_migration"
    [35mmessage[39m: "### MIGRATION 0073_chronicle_chunk_job_fencing (UP) ###"
[2026-09-21 14:42:26.945 -0400] [32mINFO[39m:
    [35mevent[39m: "database_migration"
    [35mmessage[39m: "### MIGRATION 0074_chronicle_retrieval_observability (UP) ###"
[2026-09-21 14:42:26.950 -0400] [32mINFO[39m:
    [35mevent[39m: "database_migration"
    [35mmessage[39m: "### MIGRATION 0075_chronicle_query_embedding_cache (UP) ###"
[2026-09-21 14:42:27.022 -0400] [32mINFO[39m:
    [35mevent[39m: "database_migration"
    [35mmessage[39m: "> Migrating files:"
[2026-09-21 14:42:27.022 -0400] [32mINFO[39m:
    [35mevent[39m: "database_migration"
    [35mmessage[39m: "> - 0076_chronicle_chunk_skip_reasons"
[2026-09-21 14:42:27.022 -0400] [32mINFO[39m:
    [35mevent[39m: "database_migration"
    [35mmessage[39m: "> - 0077_chronicle_chunk_processed_signature"
[2026-09-21 14:42:27.022 -0400] [32mINFO[39m:
    [35mevent[39m: "database_migration"
    [35mmessage[39m: "> - 0078_system_archive_jobs"
[2026-09-21 14:42:27.022 -0400] [32mINFO[39m:
    [35mevent[39m: "database_migration"
    [35mmessage[39m: "> - 0079_resumable_system_archive_uploads"
[2026-09-21 14:42:27.022 -0400] [32mINFO[39m:
    [35mevent[39m: "database_migration"
    [35mmessage[39m: "> - 0080_published_asset_derivative_reservations"
[2026-09-21 14:42:27.022 -0400] [32mINFO[39m:
    [35mevent[39m: "database_migration"
    [35mmessage[39m: "> - 0081_campaign_story_context_budget"
[2026-09-21 14:42:27.022 -0400] [32mINFO[39m:
    [35mevent[39m: "database_migration"
    [35mmessage[39m: "> - 0082_turn_zero_state_correction_facts"
[2026-09-21 14:42:27.022 -0400] [32mINFO[39m:
    [35mevent[39m: "database_migration"
    [35mmessage[39m: "> - 0083_cleaned_campaign_export_deletion"
[2026-09-21 14:42:27.022 -0400] [32mINFO[39m:
    [35mevent[39m: "database_migration"
    [35mmessage[39m: "> - 0084_generation_authority_identity"
[2026-09-21 14:42:27.022 -0400] [32mINFO[39m:
    [35mevent[39m: "database_migration"
    [35mmessage[39m: "> - 0085_prompt_override_compatibility_acknowledgements"
[2026-09-21 14:42:27.022 -0400] [32mINFO[39m:
    [35mevent[39m: "database_migration"
    [35mmessage[39m: "> - 0086_prompt_override_protocol_acknowledgements"
[2026-09-21 14:42:27.022 -0400] [32mINFO[39m:
    [35mevent[39m: "database_migration"
    [35mmessage[39m: "> - 0087_chronicle_query_cache_access_sequence"
[2026-09-21 14:42:27.022 -0400] [32mINFO[39m:
    [35mevent[39m: "database_migration"
    [35mmessage[39m: "> - 0088_expand_campaign_story_context_budget"
[2026-09-21 14:42:27.022 -0400] [32mINFO[39m:
    [35mevent[39m: "database_migration"
    [35mmessage[39m: "> - 0089_authoring_jobs"
[2026-09-21 14:42:27.022 -0400] [32mINFO[39m:
    [35mevent[39m: "database_migration"
    [35mmessage[39m: "> - 0090_authoring_apply_review_selection"
[2026-09-21 14:42:27.022 -0400] [32mINFO[39m:
    [35mevent[39m: "database_migration"
    [35mmessage[39m: "> - 0091_story_source_authoring"
[2026-09-21 14:42:27.022 -0400] [32mINFO[39m:
    [35mevent[39m: "database_migration"
    [35mmessage[39m: "> - 0092_source_synthesis_review_fence"
[2026-09-21 14:42:27.022 -0400] [32mINFO[39m:
    [35mevent[39m: "database_migration"
    [35mmessage[39m: "> - 0093_portable_source_material_authority_paths"
[2026-09-21 14:42:27.022 -0400] [32mINFO[39m:
    [35mevent[39m: "database_migration"
    [35mmessage[39m: "> - 0094_story_generation_policy"
[2026-09-21 14:42:27.022 -0400] [32mINFO[39m:
    [35mevent[39m: "database_migration"
    [35mmessage[39m: "> - 0095_story_memory_capability_enrollment"
[2026-09-21 14:42:27.022 -0400] [32mINFO[39m:
    [35mevent[39m: "database_migration"
    [35mmessage[39m: "> - 0096_campaign_memory_defaults"
[2026-09-21 14:42:27.022 -0400] [32mINFO[39m:
    [35mevent[39m: "database_migration"
    [35mmessage[39m: "> - 0097_provider_text_selection"
[2026-09-21 14:42:27.022 -0400] [32mINFO[39m:
    [35mevent[39m: "database_migration"
    [35mmessage[39m: "> - 0098_illustration_text_execution_snapshot"
[2026-09-21 14:42:27.022 -0400] [32mINFO[39m:
    [35mevent[39m: "database_migration"
    [35mmessage[39m: "> - 0099_worker_text_plan_protocol_fences"
[2026-09-21 14:42:27.022 -0400] [32mINFO[39m:
    [35mevent[39m: "database_migration"
    [35mmessage[39m: "> - 0100_prepared_text_physical_attempts"
[2026-09-21 14:42:27.022 -0400] [32mINFO[39m:
    [35mevent[39m: "database_migration"
    [35mmessage[39m: "> - 0101_durable_campaign_physical_attempt_costs"
[2026-09-21 14:42:27.023 -0400] [32mINFO[39m:
    [35mevent[39m: "database_migration"
    [35mmessage[39m: "### MIGRATION 0076_chronicle_chunk_skip_reasons (UP) ###"
[2026-09-21 14:42:27.024 -0400] [32mINFO[39m:
    [35mevent[39m: "database_migration"
    [35mmessage[39m: "### MIGRATION 0077_chronicle_chunk_processed_signature (UP) ###"
[2026-09-21 14:42:27.026 -0400] [32mINFO[39m:
    [35mevent[39m: "database_migration"
    [35mmessage[39m: "### MIGRATION 0078_system_archive_jobs (UP) ###"
[2026-09-21 14:42:27.034 -0400] [32mINFO[39m:
    [35mevent[39m: "database_migration"
    [35mmessage[39m: "### MIGRATION 0079_resumable_system_archive_uploads (UP) ###"
[2026-09-21 14:42:27.040 -0400] [32mINFO[39m:
    [35mevent[39m: "database_migration"
    [35mmessage[39m: "### MIGRATION 0080_published_asset_derivative_reservations (UP) ###"
[2026-09-21 14:42:27.041 -0400] [32mINFO[39m:
    [35mevent[39m: "database_migration"
    [35mmessage[39m: "### MIGRATION 0081_campaign_story_context_budget (UP) ###"
[2026-09-21 14:42:27.043 -0400] [32mINFO[39m:
    [35mevent[39m: "database_migration"
    [35mmessage[39m: "### MIGRATION 0082_turn_zero_state_correction_facts (UP) ###"
[2026-09-21 14:42:27.044 -0400] [32mINFO[39m:
    [35mevent[39m: "database_migration"
    [35mmessage[39m: "### MIGRATION 0083_cleaned_campaign_export_deletion (UP) ###"
[2026-09-21 14:42:27.045 -0400] [32mINFO[39m:
    [35mevent[39m: "database_migration"
    [35mmessage[39m: "### MIGRATION 0084_generation_authority_identity (UP) ###"
[2026-09-21 14:42:27.047 -0400] [32mINFO[39m:
    [35mevent[39m: "database_migration"
    [35mmessage[39m: "### MIGRATION 0085_prompt_override_compatibility_acknowledgements (UP) ###"
[2026-09-21 14:42:27.048 -0400] [32mINFO[39m:
    [35mevent[39m: "database_migration"
    [35mmessage[39m: "### MIGRATION 0086_prompt_override_protocol_acknowledgements (UP) ###"
[2026-09-21 14:42:27.049 -0400] [32mINFO[39m:
    [35mevent[39m: "database_migration"
    [35mmessage[39m: "### MIGRATION 0087_chronicle_query_cache_access_sequence (UP) ###"
[2026-09-21 14:42:27.051 -0400] [32mINFO[39m:
    [35mevent[39m: "database_migration"
    [35mmessage[39m: "### MIGRATION 0088_expand_campaign_story_context_budget (UP) ###"
[2026-09-21 14:42:27.053 -0400] [32mINFO[39m:
    [35mevent[39m: "database_migration"
    [35mmessage[39m: "### MIGRATION 0089_authoring_jobs (UP) ###"
[2026-09-21 14:42:27.057 -0400] [32mINFO[39m:
    [35mevent[39m: "database_migration"
    [35mmessage[39m: "### MIGRATION 0090_authoring_apply_review_selection (UP) ###"
[2026-09-21 14:42:27.059 -0400] [32mINFO[39m:
    [35mevent[39m: "database_migration"
    [35mmessage[39m: "### MIGRATION 0091_story_source_authoring (UP) ###"
[2026-09-21 14:42:27.060 -0400] [32mINFO[39m:
    [35mevent[39m: "database_migration"
    [35mmessage[39m: "### MIGRATION 0092_source_synthesis_review_fence (UP) ###"
[2026-09-21 14:42:27.062 -0400] [32mINFO[39m:
    [35mevent[39m: "database_migration"
    [35mmessage[39m: "### MIGRATION 0093_portable_source_material_authority_paths (UP) ###"
[2026-09-21 14:42:27.063 -0400] [32mINFO[39m:
    [35mevent[39m: "database_migration"
    [35mmessage[39m: "### MIGRATION 0094_story_generation_policy (UP) ###"
[2026-09-21 14:42:27.065 -0400] [32mINFO[39m:
    [35mevent[39m: "database_migration"
    [35mmessage[39m: "### MIGRATION 0095_story_memory_capability_enrollment (UP) ###"
[2026-09-21 14:42:27.067 -0400] [32mINFO[39m:
    [35mevent[39m: "database_migration"
    [35mmessage[39m: "### MIGRATION 0096_campaign_memory_defaults (UP) ###"
[2026-09-21 14:42:27.068 -0400] [32mINFO[39m:
    [35mevent[39m: "database_migration"
    [35mmessage[39m: "### MIGRATION 0097_provider_text_selection (UP) ###"
[2026-09-21 14:42:27.070 -0400] [32mINFO[39m:
    [35mevent[39m: "database_migration"
    [35mmessage[39m: "### MIGRATION 0098_illustration_text_execution_snapshot (UP) ###"
[2026-09-21 14:42:27.071 -0400] [32mINFO[39m:
    [35mevent[39m: "database_migration"
    [35mmessage[39m: "### MIGRATION 0099_worker_text_plan_protocol_fences (UP) ###"
[2026-09-21 14:42:27.076 -0400] [32mINFO[39m:
    [35mevent[39m: "database_migration"
    [35mmessage[39m: "### MIGRATION 0100_prepared_text_physical_attempts (UP) ###"
[2026-09-21 14:42:27.079 -0400] [32mINFO[39m:
    [35mevent[39m: "database_migration"
    [35mmessage[39m: "### MIGRATION 0101_durable_campaign_physical_attempt_costs (UP) ###"
[2026-09-21 14:42:29.130 -0400] [32mINFO[39m:
    [35mevent[39m: "database_migration"
    [35mmessage[39m: "> Migrating files:"
[2026-09-21 14:42:29.130 -0400] [32mINFO[39m:
    [35mevent[39m: "database_migration"
    [35mmessage[39m: "> - 0001_initial_nexus"
[2026-09-21 14:42:29.130 -0400] [32mINFO[39m:
    [35mevent[39m: "database_migration"
    [35mmessage[39m: "> - 0002_owner_scope_constraints"
[2026-09-21 14:42:29.130 -0400] [32mINFO[39m:
    [35mevent[39m: "database_migration"
    [35mmessage[39m: "> - 0003_asset_references"
[2026-09-21 14:42:29.130 -0400] [32mINFO[39m:
    [35mevent[39m: "database_migration"
    [35mmessage[39m: "> - 0004_chronicle_job_deduplication"
[2026-09-21 14:42:29.130 -0400] [32mINFO[39m:
    [35mevent[39m: "database_migration"
    [35mmessage[39m: "> - 0005_story_engine"
[2026-09-21 14:42:29.130 -0400] [32mINFO[39m:
    [35mevent[39m: "database_migration"
    [35mmessage[39m: "> - 0006_typed_story_orchestration"
[2026-09-21 14:42:29.130 -0400] [32mINFO[39m:
    [35mevent[39m: "database_migration"
    [35mmessage[39m: "> - 0007_semantic_chronicle"
[2026-09-21 14:42:29.130 -0400] [32mINFO[39m:
    [35mevent[39m: "database_migration"
    [35mmessage[39m: "> - 0008_world_library"
[2026-09-21 14:42:29.130 -0400] [32mINFO[39m:
    [35mevent[39m: "database_migration"
    [35mmessage[39m: "> - 0009_illustration_pipeline"
[2026-09-21 14:42:29.130 -0400] [32mINFO[39m:
    [35mevent[39m: "database_migration"
    [35mmessage[39m: "> - 0010_provider_profile_defaults"
[2026-09-21 14:42:29.130 -0400] [32mINFO[39m:
    [35mevent[39m: "database_migration"
    [35mmessage[39m: "> - 0011_embedding_model_default"
[2026-09-21 14:42:29.130 -0400] [32mINFO[39m:
    [35mevent[39m: "database_migration"
    [35mmessage[39m: "> - 0012_dynamic_chronicle"
[2026-09-21 14:42:29.130 -0400] [32mINFO[39m:
    [35mevent[39m: "database_migration"
    [35mmessage[39m: "> - 0013_campaign_story_length"
[2026-09-21 14:42:29.130 -0400] [32mINFO[39m:
    [35mevent[39m: "database_migration"
    [35mmessage[39m: "> - 0014_generation_progress"
[2026-09-21 14:42:29.130 -0400] [32mINFO[39m:
    [35mevent[39m: "database_migration"
    [35mmessage[39m: "> - 0015_campaign_cost_events"
[2026-09-21 14:42:29.130 -0400] [32mINFO[39m:
    [35mevent[39m: "database_migration"
    [35mmessage[39m: "> - 0016_provider_request_timeout"
[2026-09-21 14:42:29.130 -0400] [32mINFO[39m:
    [35mevent[39m: "database_migration"
    [35mmessage[39m: "> - 0017_campaign_characters"
[2026-09-21 14:42:29.130 -0400] [32mINFO[39m:
    [35mevent[39m: "database_migration"
    [35mmessage[39m: "> - 0018_initial_state_snapshot"
[2026-09-21 14:42:29.130 -0400] [32mINFO[39m:
    [35mevent[39m: "database_migration"
    [35mmessage[39m: "> - 0019_multi_tenant_hardening"
[2026-09-21 14:42:29.130 -0400] [32mINFO[39m:
    [35mevent[39m: "database_migration"
    [35mmessage[39m: "> - 0020_user_settings"
[2026-09-21 14:42:29.130 -0400] [32mINFO[39m:
    [35mevent[39m: "database_migration"
    [35mmessage[39m: "> - 0021_world_version_deletion"
[2026-09-21 14:42:29.130 -0400] [32mINFO[39m:
    [35mevent[39m: "database_migration"
    [35mmessage[39m: "> - 0022_campaign_state_revisions"
[2026-09-21 14:42:29.130 -0400] [32mINFO[39m:
    [35mevent[39m: "database_migration"
    [35mmessage[39m: "> - 0023_durable_generation_replacement"
[2026-09-21 14:42:29.130 -0400] [32mINFO[39m:
    [35mevent[39m: "database_migration"
    [35mmessage[39m: "> - 0024_structured_canonical_facts"
[2026-09-21 14:42:29.130 -0400] [32mINFO[39m:
    [35mevent[39m: "database_migration"
    [35mmessage[39m: "> - 0025_asset_reference_lifecycle"
[2026-09-21 14:42:29.130 -0400] [32mINFO[39m:
    [35mevent[39m: "database_migration"
    [35mmessage[39m: "> - 0026_campaign_world_transfers"
[2026-09-21 14:42:29.130 -0400] [32mINFO[39m:
    [35mevent[39m: "database_migration"
    [35mmessage[39m: "> - 0027_turn_intent_provider_role"
[2026-09-21 14:42:29.130 -0400] [32mINFO[39m:
    [35mevent[39m: "database_migration"
    [35mmessage[39m: "> - 0028_turn_input_modes"
[2026-09-21 14:42:29.130 -0400] [32mINFO[39m:
    [35mevent[39m: "database_migration"
    [35mmessage[39m: "> - 0029_durable_image_provider_jobs"
[2026-09-21 14:42:29.130 -0400] [32mINFO[39m:
    [35mevent[39m: "database_migration"
    [35mmessage[39m: "> - 0030_world_cover_image_jobs"
[2026-09-21 14:42:29.130 -0400] [32mINFO[39m:
    [35mevent[39m: "database_migration"
    [35mmessage[39m: "> - 0031_context_aware_image_library"
[2026-09-21 14:42:29.130 -0400] [32mINFO[39m:
    [35mevent[39m: "database_migration"
    [35mmessage[39m: "> - 0032_sogni_sdk_provider"
[2026-09-21 14:42:29.130 -0400] [32mINFO[39m:
    [35mevent[39m: "database_migration"
    [35mmessage[39m: "> - 0033_segmented_turn_illustrations"
[2026-09-21 14:42:29.130 -0400] [32mINFO[39m:
    [35mevent[39m: "database_migration"
    [35mmessage[39m: "> - 0034_campaign_illustration_refinement_instructions"
[2026-09-21 14:42:29.130 -0400] [32mINFO[39m:
    [35mevent[39m: "database_migration"
    [35mmessage[39m: "> - 0035_campaign_illustration_refinement_prompt"
[2026-09-21 14:42:29.130 -0400] [32mINFO[39m:
    [35mevent[39m: "database_migration"
    [35mmessage[39m: "> - 0036_structured_character_profiles"
[2026-09-21 14:42:29.130 -0400] [32mINFO[39m:
    [35mevent[39m: "database_migration"
    [35mmessage[39m: "> - 0037_prompt_library"
[2026-09-21 14:42:29.130 -0400] [32mINFO[39m:
    [35mevent[39m: "database_migration"
    [35mmessage[39m: "> - 0038_prompt_library_hardening"
[2026-09-21 14:42:29.130 -0400] [32mINFO[39m:
    [35mevent[39m: "database_migration"
    [35mmessage[39m: "> - 0039_chronicle_entity_identity"
[2026-09-21 14:42:29.130 -0400] [32mINFO[39m:
    [35mevent[39m: "database_migration"
    [35mmessage[39m: "> - 0040_streaming_illustration_pipeline"
[2026-09-21 14:42:29.130 -0400] [32mINFO[39m:
    [35mevent[39m: "database_migration"
    [35mmessage[39m: "> - 0041_allow_streaming_asset_contexts"
[2026-09-21 14:42:29.130 -0400] [32mINFO[39m:
    [35mevent[39m: "database_migration"
    [35mmessage[39m: "> - 0042_json_illustration_refinement_prompt"
[2026-09-21 14:42:29.130 -0400] [32mINFO[39m:
    [35mevent[39m: "database_migration"
    [35mmessage[39m: "> - 0043_world_generation_progress"
[2026-09-21 14:42:29.130 -0400] [32mINFO[39m:
    [35mevent[39m: "database_migration"
    [35mmessage[39m: "> - 0044_api_admission_control"
[2026-09-21 14:42:29.130 -0400] [32mINFO[39m:
    [35mevent[39m: "database_migration"
    [35mmessage[39m: "> - 0045_archive_previews"
[2026-09-21 14:42:29.130 -0400] [32mINFO[39m:
    [35mevent[39m: "database_migration"
    [35mmessage[39m: "> - 0046_archive_preview_superseded"
[2026-09-21 14:42:29.130 -0400] [32mINFO[39m:
    [35mevent[39m: "database_migration"
    [35mmessage[39m: "> - 0047_full_campaign_state_corrections"
[2026-09-21 14:42:29.130 -0400] [32mINFO[39m:
    [35mevent[39m: "database_migration"
    [35mmessage[39m: "> - 0048_cascade_streaming_image_jobs"
[2026-09-21 14:42:29.130 -0400] [32mINFO[39m:
    [35mevent[39m: "database_migration"
    [35mmessage[39m: "> - 0049_cancelled_generation_jobs"
[2026-09-21 14:42:29.130 -0400] [32mINFO[39m:
    [35mevent[39m: "database_migration"
    [35mmessage[39m: "> - 0050_cancel_provisional_illustration_children"
[2026-09-21 14:42:29.130 -0400] [32mINFO[39m:
    [35mevent[39m: "database_migration"
    [35mmessage[39m: "> - 0051_preserve_replacement_turn_provenance"
[2026-09-21 14:42:29.130 -0400] [32mINFO[39m:
    [35mevent[39m: "database_migration"
    [35mmessage[39m: "> - 0052_generation_job_notifications"
[2026-09-21 14:42:29.130 -0400] [32mINFO[39m:
    [35mevent[39m: "database_migration"
    [35mmessage[39m: "> - 0053_durable_asset_portable_operations"
[2026-09-21 14:42:29.130 -0400] [32mINFO[39m:
    [35mevent[39m: "database_migration"
    [35mmessage[39m: "> - 0054_private_filesystem_authority"
[2026-09-21 14:42:29.130 -0400] [32mINFO[39m:
    [35mevent[39m: "database_migration"
    [35mmessage[39m: "> - 0055_private_portable_repository_guards"
[2026-09-21 14:42:29.130 -0400] [32mINFO[39m:
    [35mevent[39m: "database_migration"
    [35mmessage[39m: "> - 0056_private_filesystem_current_clock"
[2026-09-21 14:42:29.130 -0400] [32mINFO[39m:
    [35mevent[39m: "database_migration"
    [35mmessage[39m: "> - 0057_finalized_asset_delivery_authority"
[2026-09-21 14:42:29.130 -0400] [32mINFO[39m:
    [35mevent[39m: "database_migration"
    [35mmessage[39m: "> - 0058_secure_storage_lifecycle"
[2026-09-21 14:42:29.130 -0400] [32mINFO[39m:
    [35mevent[39m: "database_migration"
    [35mmessage[39m: "> - 0059_secure_storage_target_intent"
[2026-09-21 14:42:29.130 -0400] [32mINFO[39m:
    [35mevent[39m: "database_migration"
    [35mmessage[39m: "> - 0060_asset_publication_identities"
[2026-09-21 14:42:29.130 -0400] [32mINFO[39m:
    [35mevent[39m: "database_migration"
    [35mmessage[39m: "> - 0061_portable_import_composition"
[2026-09-21 14:42:29.130 -0400] [32mINFO[39m:
    [35mevent[39m: "database_migration"
    [35mmessage[39m: "> - 0062_portable_import_asset_publications"
[2026-09-21 14:42:29.130 -0400] [32mINFO[39m:
    [35mevent[39m: "database_migration"
    [35mmessage[39m: "> - 0063_portable_legacy_story_asset_publications"
[2026-09-21 14:42:29.130 -0400] [32mINFO[39m:
    [35mevent[39m: "database_migration"
    [35mmessage[39m: "> - 0064_normalized_asset_publication_requests"
[2026-09-21 14:42:29.130 -0400] [32mINFO[39m:
    [35mevent[39m: "database_migration"
    [35mmessage[39m: "> - 0065_illustration_asset_publications"
[2026-09-21 14:42:29.130 -0400] [32mINFO[39m:
    [35mevent[39m: "database_migration"
    [35mmessage[39m: "> - 0066_portable_normalized_asset_publications"
[2026-09-21 14:42:29.130 -0400] [32mINFO[39m:
    [35mevent[39m: "database_migration"
    [35mmessage[39m: "> - 0067_asset_metadata_backfill_executor"
[2026-09-21 14:42:29.130 -0400] [32mINFO[39m:
    [35mevent[39m: "database_migration"
    [35mmessage[39m: "> - 0068_portable_legacy_story_create_world"
[2026-09-21 14:42:29.130 -0400] [32mINFO[39m:
    [35mevent[39m: "database_migration"
    [35mmessage[39m: "> - 0069_import_progress_status"
[2026-09-21 14:42:29.130 -0400] [32mINFO[39m:
    [35mevent[39m: "database_migration"
    [35mmessage[39m: "> - 0070_turn_narration_corrections"
[2026-09-21 14:42:29.130 -0400] [32mINFO[39m:
    [35mevent[39m: "database_migration"
    [35mmessage[39m: "> - 0071_world_share_links"
[2026-09-21 14:42:29.130 -0400] [32mINFO[39m:
    [35mevent[39m: "database_migration"
    [35mmessage[39m: "> - 0072_chronicle_memory_chunks"
[2026-09-21 14:42:29.130 -0400] [32mINFO[39m:
    [35mevent[39m: "database_migration"
    [35mmessage[39m: "> - 0073_chronicle_chunk_job_fencing"
[2026-09-21 14:42:29.130 -0400] [32mINFO[39m:
    [35mevent[39m: "database_migration"
    [35mmessage[39m: "> - 0074_chronicle_retrieval_observability"
[2026-09-21 14:42:29.130 -0400] [32mINFO[39m:
    [35mevent[39m: "database_migration"
    [35mmessage[39m: "> - 0075_chronicle_query_embedding_cache"
[2026-09-21 14:42:29.130 -0400] [32mINFO[39m:
    [35mevent[39m: "database_migration"
    [35mmessage[39m: "> - 0076_chronicle_chunk_skip_reasons"
[2026-09-21 14:42:29.130 -0400] [32mINFO[39m:
    [35mevent[39m: "database_migration"
    [35mmessage[39m: "> - 0077_chronicle_chunk_processed_signature"
[2026-09-21 14:42:29.130 -0400] [32mINFO[39m:
    [35mevent[39m: "database_migration"
    [35mmessage[39m: "> - 0078_system_archive_jobs"
[2026-09-21 14:42:29.130 -0400] [32mINFO[39m:
    [35mevent[39m: "database_migration"
    [35mmessage[39m: "> - 0079_resumable_system_archive_uploads"
[2026-09-21 14:42:29.130 -0400] [32mINFO[39m:
    [35mevent[39m: "database_migration"
    [35mmessage[39m: "> - 0080_published_asset_derivative_reservations"
[2026-09-21 14:42:29.130 -0400] [32mINFO[39m:
    [35mevent[39m: "database_migration"
    [35mmessage[39m: "> - 0081_campaign_story_context_budget"
[2026-09-21 14:42:29.130 -0400] [32mINFO[39m:
    [35mevent[39m: "database_migration"
    [35mmessage[39m: "> - 0082_turn_zero_state_correction_facts"
[2026-09-21 14:42:29.130 -0400] [32mINFO[39m:
    [35mevent[39m: "database_migration"
    [35mmessage[39m: "> - 0083_cleaned_campaign_export_deletion"
[2026-09-21 14:42:29.130 -0400] [32mINFO[39m:
    [35mevent[39m: "database_migration"
    [35mmessage[39m: "> - 0084_generation_authority_identity"
[2026-09-21 14:42:29.130 -0400] [32mINFO[39m:
    [35mevent[39m: "database_migration"
    [35mmessage[39m: "> - 0085_prompt_override_compatibility_acknowledgements"
[2026-09-21 14:42:29.130 -0400] [32mINFO[39m:
    [35mevent[39m: "database_migration"
    [35mmessage[39m: "> - 0086_prompt_override_protocol_acknowledgements"
[2026-09-21 14:42:29.130 -0400] [32mINFO[39m:
    [35mevent[39m: "database_migration"
    [35mmessage[39m: "> - 0087_chronicle_query_cache_access_sequence"
[2026-09-21 14:42:29.130 -0400] [32mINFO[39m:
    [35mevent[39m: "database_migration"
    [35mmessage[39m: "> - 0088_expand_campaign_story_context_budget"
[2026-09-21 14:42:29.130 -0400] [32mINFO[39m:
    [35mevent[39m: "database_migration"
    [35mmessage[39m: "> - 0089_authoring_jobs"
[2026-09-21 14:42:29.130 -0400] [32mINFO[39m:
    [35mevent[39m: "database_migration"
    [35mmessage[39m: "> - 0090_authoring_apply_review_selection"
[2026-09-21 14:42:29.130 -0400] [32mINFO[39m:
    [35mevent[39m: "database_migration"
    [35mmessage[39m: "> - 0091_story_source_authoring"
[2026-09-21 14:42:29.130 -0400] [32mINFO[39m:
    [35mevent[39m: "database_migration"
    [35mmessage[39m: "> - 0092_source_synthesis_review_fence"
[2026-09-21 14:42:29.130 -0400] [32mINFO[39m:
    [35mevent[39m: "database_migration"
    [35mmessage[39m: "> - 0093_portable_source_material_authority_paths"
[2026-09-21 14:42:29.130 -0400] [32mINFO[39m:
    [35mevent[39m: "database_migration"
    [35mmessage[39m: "> - 0094_story_generation_policy"
[2026-09-21 14:42:29.130 -0400] [32mINFO[39m:
    [35mevent[39m: "database_migration"
    [35mmessage[39m: "> - 0095_story_memory_capability_enrollment"
[2026-09-21 14:42:29.130 -0400] [32mINFO[39m:
    [35mevent[39m: "database_migration"
    [35mmessage[39m: "> - 0096_campaign_memory_defaults"
[2026-09-21 14:42:29.130 -0400] [32mINFO[39m:
    [35mevent[39m: "database_migration"
    [35mmessage[39m: "> - 0097_provider_text_selection"
[2026-09-21 14:42:29.130 -0400] [32mINFO[39m:
    [35mevent[39m: "database_migration"
    [35mmessage[39m: "> - 0098_illustration_text_execution_snapshot"
[2026-09-21 14:42:29.130 -0400] [32mINFO[39m:
    [35mevent[39m: "database_migration"
    [35mmessage[39m: "> - 0099_worker_text_plan_protocol_fences"
[2026-09-21 14:42:29.130 -0400] [32mINFO[39m:
    [35mevent[39m: "database_migration"
    [35mmessage[39m: "> - 0100_prepared_text_physical_attempts"
[2026-09-21 14:42:29.130 -0400] [32mINFO[39m:
    [35mevent[39m: "database_migration"
    [35mmessage[39m: "> - 0101_durable_campaign_physical_attempt_costs"
[2026-09-21 14:42:29.131 -0400] [32mINFO[39m:
    [35mevent[39m: "database_migration"
    [35mmessage[39m: "### MIGRATION 0001_initial_nexus (UP) ###"
[2026-09-21 14:42:29.166 -0400] [32mINFO[39m:
    [35mevent[39m: "database_migration"
    [35mmessage[39m: "### MIGRATION 0002_owner_scope_constraints (UP) ###"
[2026-09-21 14:42:29.170 -0400] [32mINFO[39m:
    [35mevent[39m: "database_migration"
    [35mmessage[39m: "### MIGRATION 0003_asset_references (UP) ###"
[2026-09-21 14:42:29.173 -0400] [32mINFO[39m:
    [35mevent[39m: "database_migration"
    [35mmessage[39m: "### MIGRATION 0004_chronicle_job_deduplication (UP) ###"
[2026-09-21 14:42:29.174 -0400] [32mINFO[39m:
    [35mevent[39m: "database_migration"
    [35mmessage[39m: "### MIGRATION 0005_story_engine (UP) ###"
[2026-09-21 14:42:29.182 -0400] [32mINFO[39m:
    [35mevent[39m: "database_migration"
    [35mmessage[39m: "### MIGRATION 0006_typed_story_orchestration (UP) ###"
[2026-09-21 14:42:29.184 -0400] [32mINFO[39m:
    [35mevent[39m: "database_migration"
    [35mmessage[39m: "### MIGRATION 0007_semantic_chronicle (UP) ###"
[2026-09-21 14:42:29.188 -0400] [32mINFO[39m:
    [35mevent[39m: "database_migration"
    [35mmessage[39m: "### MIGRATION 0008_world_library (UP) ###"
[2026-09-21 14:42:29.192 -0400] [32mINFO[39m:
    [35mevent[39m: "database_migration"
    [35mmessage[39m: "### MIGRATION 0009_illustration_pipeline (UP) ###"
[2026-09-21 14:42:29.197 -0400] [32mINFO[39m:
    [35mevent[39m: "database_migration"
    [35mmessage[39m: "### MIGRATION 0010_provider_profile_defaults (UP) ###"
[2026-09-21 14:42:29.200 -0400] [32mINFO[39m:
    [35mevent[39m: "database_migration"
    [35mmessage[39m: "### MIGRATION 0011_embedding_model_default (UP) ###"
[2026-09-21 14:42:29.201 -0400] [32mINFO[39m:
    [35mevent[39m: "database_migration"
    [35mmessage[39m: "### MIGRATION 0012_dynamic_chronicle (UP) ###"
[2026-09-21 14:42:29.203 -0400] [32mINFO[39m:
    [35mevent[39m: "database_migration"
    [35mmessage[39m: "### MIGRATION 0013_campaign_story_length (UP) ###"
[2026-09-21 14:42:29.204 -0400] [32mINFO[39m:
    [35mevent[39m: "database_migration"
    [35mmessage[39m: "### MIGRATION 0014_generation_progress (UP) ###"
[2026-09-21 14:42:29.206 -0400] [32mINFO[39m:
    [35mevent[39m: "database_migration"
    [35mmessage[39m: "### MIGRATION 0015_campaign_cost_events (UP) ###"
[2026-09-21 14:42:29.210 -0400] [32mINFO[39m:
    [35mevent[39m: "database_migration"
    [35mmessage[39m: "### MIGRATION 0016_provider_request_timeout (UP) ###"
[2026-09-21 14:42:29.212 -0400] [32mINFO[39m:
    [35mevent[39m: "database_migration"
    [35mmessage[39m: "### MIGRATION 0017_campaign_characters (UP) ###"
[2026-09-21 14:42:29.213 -0400] [32mINFO[39m:
    [35mevent[39m: "database_migration"
    [35mmessage[39m: "### MIGRATION 0018_initial_state_snapshot (UP) ###"
[2026-09-21 14:42:29.215 -0400] [32mINFO[39m:
    [35mevent[39m: "database_migration"
    [35mmessage[39m: "### MIGRATION 0019_multi_tenant_hardening (UP) ###"
[2026-09-21 14:42:29.220 -0400] [32mINFO[39m:
    [35mevent[39m: "database_migration"
    [35mmessage[39m: "### MIGRATION 0020_user_settings (UP) ###"
[2026-09-21 14:42:29.221 -0400] [32mINFO[39m:
    [35mevent[39m: "database_migration"
    [35mmessage[39m: "### MIGRATION 0021_world_version_deletion (UP) ###"
[2026-09-21 14:42:29.225 -0400] [32mINFO[39m:
    [35mevent[39m: "database_migration"
    [35mmessage[39m: "### MIGRATION 0022_campaign_state_revisions (UP) ###"
[2026-09-21 14:42:29.227 -0400] [32mINFO[39m:
    [35mevent[39m: "database_migration"
    [35mmessage[39m: "### MIGRATION 0023_durable_generation_replacement (UP) ###"
[2026-09-21 14:42:29.231 -0400] [32mINFO[39m:
    [35mevent[39m: "database_migration"
    [35mmessage[39m: "### MIGRATION 0024_structured_canonical_facts (UP) ###"
[2026-09-21 14:42:29.234 -0400] [32mINFO[39m:
    [35mevent[39m: "database_migration"
    [35mmessage[39m: "### MIGRATION 0025_asset_reference_lifecycle (UP) ###"
[2026-09-21 14:42:29.237 -0400] [32mINFO[39m:
    [35mevent[39m: "database_migration"
    [35mmessage[39m: "### MIGRATION 0026_campaign_world_transfers (UP) ###"
[2026-09-21 14:42:29.240 -0400] [32mINFO[39m:
    [35mevent[39m: "database_migration"
    [35mmessage[39m: "### MIGRATION 0027_turn_intent_provider_role (UP) ###"
[2026-09-21 14:42:29.241 -0400] [32mINFO[39m:
    [35mevent[39m: "database_migration"
    [35mmessage[39m: "### MIGRATION 0028_turn_input_modes (UP) ###"
[2026-09-21 14:42:29.245 -0400] [32mINFO[39m:
    [35mevent[39m: "database_migration"
    [35mmessage[39m: "### MIGRATION 0029_durable_image_provider_jobs (UP) ###"
[2026-09-21 14:42:29.248 -0400] [32mINFO[39m:
    [35mevent[39m: "database_migration"
    [35mmessage[39m: "### MIGRATION 0030_world_cover_image_jobs (UP) ###"
[2026-09-21 14:42:29.252 -0400] [32mINFO[39m:
    [35mevent[39m: "database_migration"
    [35mmessage[39m: "### MIGRATION 0031_context_aware_image_library (UP) ###"
[2026-09-21 14:42:29.266 -0400] [32mINFO[39m:
    [35mevent[39m: "database_migration"
    [35mmessage[39m: "### MIGRATION 0032_sogni_sdk_provider (UP) ###"
[2026-09-21 14:42:29.268 -0400] [32mINFO[39m:
    [35mevent[39m: "database_migration"
    [35mmessage[39m: "### MIGRATION 0033_segmented_turn_illustrations (UP) ###"
[2026-09-21 14:42:29.279 -0400] [32mINFO[39m:
    [35mevent[39m: "database_migration"
    [35mmessage[39m: "### MIGRATION 0034_campaign_illustration_refinement_instructions (UP) ###"
[2026-09-21 14:42:29.281 -0400] [32mINFO[39m:
    [35mevent[39m: "database_migration"
    [35mmessage[39m: "### MIGRATION 0035_campaign_illustration_refinement_prompt (UP) ###"
[2026-09-21 14:42:29.282 -0400] [32mINFO[39m:
    [35mevent[39m: "database_migration"
    [35mmessage[39m: "### MIGRATION 0036_structured_character_profiles (UP) ###"
[2026-09-21 14:42:29.285 -0400] [32mINFO[39m:
    [35mevent[39m: "database_migration"
    [35mmessage[39m: "### MIGRATION 0037_prompt_library (UP) ###"
[2026-09-21 14:42:29.288 -0400] [32mINFO[39m:
    [35mevent[39m: "database_migration"
    [35mmessage[39m: "### MIGRATION 0038_prompt_library_hardening (UP) ###"
[2026-09-21 14:42:29.290 -0400] [32mINFO[39m:
    [35mevent[39m: "database_migration"
    [35mmessage[39m: "### MIGRATION 0039_chronicle_entity_identity (UP) ###"
[2026-09-21 14:42:29.291 -0400] [32mINFO[39m:
    [35mevent[39m: "database_migration"
    [35mmessage[39m: "### MIGRATION 0040_streaming_illustration_pipeline (UP) ###"
[2026-09-21 14:42:29.296 -0400] [32mINFO[39m:
    [35mevent[39m: "database_migration"
    [35mmessage[39m: "### MIGRATION 0041_allow_streaming_asset_contexts (UP) ###"
[2026-09-21 14:42:29.297 -0400] [32mINFO[39m:
    [35mevent[39m: "database_migration"
    [35mmessage[39m: "### MIGRATION 0042_json_illustration_refinement_prompt (UP) ###"
[2026-09-21 14:42:29.299 -0400] [32mINFO[39m:
    [35mevent[39m: "database_migration"
    [35mmessage[39m: "### MIGRATION 0043_world_generation_progress (UP) ###"
[2026-09-21 14:42:29.301 -0400] [32mINFO[39m:
    [35mevent[39m: "database_migration"
    [35mmessage[39m: "### MIGRATION 0044_api_admission_control (UP) ###"
[2026-09-21 14:42:29.304 -0400] [32mINFO[39m:
    [35mevent[39m: "database_migration"
    [35mmessage[39m: "### MIGRATION 0045_archive_previews (UP) ###"
[2026-09-21 14:42:29.307 -0400] [32mINFO[39m:
    [35mevent[39m: "database_migration"
    [35mmessage[39m: "### MIGRATION 0046_archive_preview_superseded (UP) ###"
[2026-09-21 14:42:29.308 -0400] [32mINFO[39m:
    [35mevent[39m: "database_migration"
    [35mmessage[39m: "### MIGRATION 0047_full_campaign_state_corrections (UP) ###"
[2026-09-21 14:42:29.311 -0400] [32mINFO[39m:
    [35mevent[39m: "database_migration"
    [35mmessage[39m: "### MIGRATION 0048_cascade_streaming_image_jobs (UP) ###"
[2026-09-21 14:42:29.313 -0400] [32mINFO[39m:
    [35mevent[39m: "database_migration"
    [35mmessage[39m: "### MIGRATION 0049_cancelled_generation_jobs (UP) ###"
[2026-09-21 14:42:29.314 -0400] [32mINFO[39m:
    [35mevent[39m: "database_migration"
    [35mmessage[39m: "### MIGRATION 0050_cancel_provisional_illustration_children (UP) ###"
[2026-09-21 14:42:29.316 -0400] [32mINFO[39m:
    [35mevent[39m: "database_migration"
    [35mmessage[39m: "### MIGRATION 0051_preserve_replacement_turn_provenance (UP) ###"
[2026-09-21 14:42:29.317 -0400] [32mINFO[39m:
    [35mevent[39m: "database_migration"
    [35mmessage[39m: "### MIGRATION 0052_generation_job_notifications (UP) ###"
[2026-09-21 14:42:29.319 -0400] [32mINFO[39m:
    [35mevent[39m: "database_migration"
    [35mmessage[39m: "### MIGRATION 0053_durable_asset_portable_operations (UP) ###"
[2026-09-21 14:42:29.334 -0400] [32mINFO[39m:
    [35mevent[39m: "database_migration"
    [35mmessage[39m: "### MIGRATION 0054_private_filesystem_authority (UP) ###"
[2026-09-21 14:42:29.342 -0400] [32mINFO[39m:
    [35mevent[39m: "database_migration"
    [35mmessage[39m: "### MIGRATION 0055_private_portable_repository_guards (UP) ###"
[2026-09-21 14:42:29.345 -0400] [32mINFO[39m:
    [35mevent[39m: "database_migration"
    [35mmessage[39m: "### MIGRATION 0056_private_filesystem_current_clock (UP) ###"
[2026-09-21 14:42:29.346 -0400] [32mINFO[39m:
    [35mevent[39m: "database_migration"
    [35mmessage[39m: "### MIGRATION 0057_finalized_asset_delivery_authority (UP) ###"
[2026-09-21 14:42:29.352 -0400] [32mINFO[39m:
    [35mevent[39m: "database_migration"
    [35mmessage[39m: "### MIGRATION 0058_secure_storage_lifecycle (UP) ###"
[2026-09-21 14:42:29.355 -0400] [32mINFO[39m:
    [35mevent[39m: "database_migration"
    [35mmessage[39m: "### MIGRATION 0059_secure_storage_target_intent (UP) ###"
[2026-09-21 14:42:29.358 -0400] [32mINFO[39m:
    [35mevent[39m: "database_migration"
    [35mmessage[39m: "### MIGRATION 0060_asset_publication_identities (UP) ###"
[2026-09-21 14:42:29.362 -0400] [32mINFO[39m:
    [35mevent[39m: "database_migration"
    [35mmessage[39m: "### MIGRATION 0061_portable_import_composition (UP) ###"
[2026-09-21 14:42:29.366 -0400] [32mINFO[39m:
    [35mevent[39m: "database_migration"
    [35mmessage[39m: "### MIGRATION 0062_portable_import_asset_publications (UP) ###"
[2026-09-21 14:42:29.369 -0400] [32mINFO[39m:
    [35mevent[39m: "database_migration"
    [35mmessage[39m: "### MIGRATION 0063_portable_legacy_story_asset_publications (UP) ###"
[2026-09-21 14:42:29.371 -0400] [32mINFO[39m:
    [35mevent[39m: "database_migration"
    [35mmessage[39m: "### MIGRATION 0064_normalized_asset_publication_requests (UP) ###"
[2026-09-21 14:42:29.383 -0400] [32mINFO[39m:
    [35mevent[39m: "database_migration"
    [35mmessage[39m: "### MIGRATION 0065_illustration_asset_publications (UP) ###"
[2026-09-21 14:42:29.387 -0400] [32mINFO[39m:
    [35mevent[39m: "database_migration"
    [35mmessage[39m: "### MIGRATION 0066_portable_normalized_asset_publications (UP) ###"
[2026-09-21 14:42:29.396 -0400] [32mINFO[39m:
    [35mevent[39m: "database_migration"
    [35mmessage[39m: "### MIGRATION 0067_asset_metadata_backfill_executor (UP) ###"
[2026-09-21 14:42:29.398 -0400] [32mINFO[39m:
    [35mevent[39m: "database_migration"
    [35mmessage[39m: "### MIGRATION 0068_portable_legacy_story_create_world (UP) ###"
[2026-09-21 14:42:29.400 -0400] [32mINFO[39m:
    [35mevent[39m: "database_migration"
    [35mmessage[39m: "### MIGRATION 0069_import_progress_status (UP) ###"
[2026-09-21 14:42:29.402 -0400] [32mINFO[39m:
    [35mevent[39m: "database_migration"
    [35mmessage[39m: "### MIGRATION 0070_turn_narration_corrections (UP) ###"
[2026-09-21 14:42:29.405 -0400] [32mINFO[39m:
    [35mevent[39m: "database_migration"
    [35mmessage[39m: "### MIGRATION 0071_world_share_links (UP) ###"
[2026-09-21 14:42:29.408 -0400] [32mINFO[39m:
    [35mevent[39m: "database_migration"
    [35mmessage[39m: "### MIGRATION 0072_chronicle_memory_chunks (UP) ###"
[2026-09-21 14:42:29.416 -0400] [32mINFO[39m:
    [35mevent[39m: "database_migration"
    [35mmessage[39m: "### MIGRATION 0073_chronicle_chunk_job_fencing (UP) ###"
[2026-09-21 14:42:29.418 -0400] [32mINFO[39m:
    [35mevent[39m: "database_migration"
    [35mmessage[39m: "### MIGRATION 0074_chronicle_retrieval_observability (UP) ###"
[2026-09-21 14:42:29.423 -0400] [32mINFO[39m:
    [35mevent[39m: "database_migration"
    [35mmessage[39m: "### MIGRATION 0075_chronicle_query_embedding_cache (UP) ###"
[2026-09-21 14:42:29.427 -0400] [32mINFO[39m:
    [35mevent[39m: "database_migration"
    [35mmessage[39m: "### MIGRATION 0076_chronicle_chunk_skip_reasons (UP) ###"
[2026-09-21 14:42:29.428 -0400] [32mINFO[39m:
    [35mevent[39m: "database_migration"
    [35mmessage[39m: "### MIGRATION 0077_chronicle_chunk_processed_signature (UP) ###"
[2026-09-21 14:42:29.429 -0400] [32mINFO[39m:
    [35mevent[39m: "database_migration"
    [35mmessage[39m: "### MIGRATION 0078_system_archive_jobs (UP) ###"
[2026-09-21 14:42:29.441 -0400] [32mINFO[39m:
    [35mevent[39m: "database_migration"
    [35mmessage[39m: "### MIGRATION 0079_resumable_system_archive_uploads (UP) ###"
[2026-09-21 14:42:29.446 -0400] [32mINFO[39m:
    [35mevent[39m: "database_migration"
    [35mmessage[39m: "### MIGRATION 0080_published_asset_derivative_reservations (UP) ###"
[2026-09-21 14:42:29.448 -0400] [32mINFO[39m:
    [35mevent[39m: "database_migration"
    [35mmessage[39m: "### MIGRATION 0081_campaign_story_context_budget (UP) ###"
[2026-09-21 14:42:29.449 -0400] [32mINFO[39m:
    [35mevent[39m: "database_migration"
    [35mmessage[39m: "### MIGRATION 0082_turn_zero_state_correction_facts (UP) ###"
[2026-09-21 14:42:29.451 -0400] [32mINFO[39m:
    [35mevent[39m: "database_migration"
    [35mmessage[39m: "### MIGRATION 0083_cleaned_campaign_export_deletion (UP) ###"
[2026-09-21 14:42:29.452 -0400] [32mINFO[39m:
    [35mevent[39m: "database_migration"
    [35mmessage[39m: "### MIGRATION 0084_generation_authority_identity (UP) ###"
[2026-09-21 14:42:29.454 -0400] [32mINFO[39m:
    [35mevent[39m: "database_migration"
    [35mmessage[39m: "### MIGRATION 0085_prompt_override_compatibility_acknowledgements (UP) ###"
[2026-09-21 14:42:29.455 -0400] [32mINFO[39m:
    [35mevent[39m: "database_migration"
    [35mmessage[39m: "### MIGRATION 0086_prompt_override_protocol_acknowledgements (UP) ###"
[2026-09-21 14:42:29.457 -0400] [32mINFO[39m:
    [35mevent[39m: "database_migration"
    [35mmessage[39m: "### MIGRATION 0087_chronicle_query_cache_access_sequence (UP) ###"
[2026-09-21 14:42:29.459 -0400] [32mINFO[39m:
    [35mevent[39m: "database_migration"
    [35mmessage[39m: "### MIGRATION 0088_expand_campaign_story_context_budget (UP) ###"
[2026-09-21 14:42:29.460 -0400] [32mINFO[39m:
    [35mevent[39m: "database_migration"
    [35mmessage[39m: "### MIGRATION 0089_authoring_jobs (UP) ###"
[2026-09-21 14:42:29.465 -0400] [32mINFO[39m:
    [35mevent[39m: "database_migration"
    [35mmessage[39m: "### MIGRATION 0090_authoring_apply_review_selection (UP) ###"
[2026-09-21 14:42:29.466 -0400] [32mINFO[39m:
    [35mevent[39m: "database_migration"
    [35mmessage[39m: "### MIGRATION 0091_story_source_authoring (UP) ###"
[2026-09-21 14:42:29.468 -0400] [32mINFO[39m:
    [35mevent[39m: "database_migration"
    [35mmessage[39m: "### MIGRATION 0092_source_synthesis_review_fence (UP) ###"
[2026-09-21 14:42:29.469 -0400] [32mINFO[39m:
    [35mevent[39m: "database_migration"
    [35mmessage[39m: "### MIGRATION 0093_portable_source_material_authority_paths (UP) ###"
[2026-09-21 14:42:29.471 -0400] [32mINFO[39m:
    [35mevent[39m: "database_migration"
    [35mmessage[39m: "### MIGRATION 0094_story_generation_policy (UP) ###"
[2026-09-21 14:42:29.473 -0400] [32mINFO[39m:
    [35mevent[39m: "database_migration"
    [35mmessage[39m: "### MIGRATION 0095_story_memory_capability_enrollment (UP) ###"
[2026-09-21 14:42:29.475 -0400] [32mINFO[39m:
    [35mevent[39m: "database_migration"
    [35mmessage[39m: "### MIGRATION 0096_campaign_memory_defaults (UP) ###"
[2026-09-21 14:42:29.476 -0400] [32mINFO[39m:
    [35mevent[39m: "database_migration"
    [35mmessage[39m: "### MIGRATION 0097_provider_text_selection (UP) ###"
[2026-09-21 14:42:29.478 -0400] [32mINFO[39m:
    [35mevent[39m: "database_migration"
    [35mmessage[39m: "### MIGRATION 0098_illustration_text_execution_snapshot (UP) ###"
[2026-09-21 14:42:29.479 -0400] [32mINFO[39m:
    [35mevent[39m: "database_migration"
    [35mmessage[39m: "### MIGRATION 0099_worker_text_plan_protocol_fences (UP) ###"
[2026-09-21 14:42:29.483 -0400] [32mINFO[39m:
    [35mevent[39m: "database_migration"
    [35mmessage[39m: "### MIGRATION 0100_prepared_text_physical_attempts (UP) ###"
[2026-09-21 14:42:29.487 -0400] [32mINFO[39m:
    [35mevent[39m: "database_migration"
    [35mmessage[39m: "### MIGRATION 0101_durable_campaign_physical_attempt_costs (UP) ###"
[2026-09-21 14:42:37.524 -0400] [32mINFO[39m:
    [35mevent[39m: "database_migration"
    [35mmessage[39m: "> Migrating files:"
[2026-09-21 14:42:37.524 -0400] [32mINFO[39m:
    [35mevent[39m: "database_migration"
    [35mmessage[39m: "> - 0001_initial_nexus"
[2026-09-21 14:42:37.524 -0400] [32mINFO[39m:
    [35mevent[39m: "database_migration"
    [35mmessage[39m: "> - 0002_owner_scope_constraints"
[2026-09-21 14:42:37.524 -0400] [32mINFO[39m:
    [35mevent[39m: "database_migration"
    [35mmessage[39m: "> - 0003_asset_references"
[2026-09-21 14:42:37.524 -0400] [32mINFO[39m:
    [35mevent[39m: "database_migration"
    [35mmessage[39m: "> - 0004_chronicle_job_deduplication"
[2026-09-21 14:42:37.524 -0400] [32mINFO[39m:
    [35mevent[39m: "database_migration"
    [35mmessage[39m: "> - 0005_story_engine"
[2026-09-21 14:42:37.524 -0400] [32mINFO[39m:
    [35mevent[39m: "database_migration"
    [35mmessage[39m: "> - 0006_typed_story_orchestration"
[2026-09-21 14:42:37.524 -0400] [32mINFO[39m:
    [35mevent[39m: "database_migration"
    [35mmessage[39m: "> - 0007_semantic_chronicle"
[2026-09-21 14:42:37.524 -0400] [32mINFO[39m:
    [35mevent[39m: "database_migration"
    [35mmessage[39m: "> - 0008_world_library"
[2026-09-21 14:42:37.524 -0400] [32mINFO[39m:
    [35mevent[39m: "database_migration"
    [35mmessage[39m: "> - 0009_illustration_pipeline"
[2026-09-21 14:42:37.524 -0400] [32mINFO[39m:
    [35mevent[39m: "database_migration"
    [35mmessage[39m: "> - 0010_provider_profile_defaults"
[2026-09-21 14:42:37.524 -0400] [32mINFO[39m:
    [35mevent[39m: "database_migration"
    [35mmessage[39m: "> - 0011_embedding_model_default"
[2026-09-21 14:42:37.524 -0400] [32mINFO[39m:
    [35mevent[39m: "database_migration"
    [35mmessage[39m: "> - 0012_dynamic_chronicle"
[2026-09-21 14:42:37.524 -0400] [32mINFO[39m:
    [35mevent[39m: "database_migration"
    [35mmessage[39m: "> - 0013_campaign_story_length"
[2026-09-21 14:42:37.524 -0400] [32mINFO[39m:
    [35mevent[39m: "database_migration"
    [35mmessage[39m: "> - 0014_generation_progress"
[2026-09-21 14:42:37.524 -0400] [32mINFO[39m:
    [35mevent[39m: "database_migration"
    [35mmessage[39m: "> - 0015_campaign_cost_events"
[2026-09-21 14:42:37.524 -0400] [32mINFO[39m:
    [35mevent[39m: "database_migration"
    [35mmessage[39m: "> - 0016_provider_request_timeout"
[2026-09-21 14:42:37.524 -0400] [32mINFO[39m:
    [35mevent[39m: "database_migration"
    [35mmessage[39m: "> - 0017_campaign_characters"
[2026-09-21 14:42:37.524 -0400] [32mINFO[39m:
    [35mevent[39m: "database_migration"
    [35mmessage[39m: "> - 0018_initial_state_snapshot"
[2026-09-21 14:42:37.524 -0400] [32mINFO[39m:
    [35mevent[39m: "database_migration"
    [35mmessage[39m: "> - 0019_multi_tenant_hardening"
[2026-09-21 14:42:37.524 -0400] [32mINFO[39m:
    [35mevent[39m: "database_migration"
    [35mmessage[39m: "> - 0020_user_settings"
[2026-09-21 14:42:37.524 -0400] [32mINFO[39m:
    [35mevent[39m: "database_migration"
    [35mmessage[39m: "> - 0021_world_version_deletion"
[2026-09-21 14:42:37.524 -0400] [32mINFO[39m:
    [35mevent[39m: "database_migration"
    [35mmessage[39m: "> - 0022_campaign_state_revisions"
[2026-09-21 14:42:37.524 -0400] [32mINFO[39m:
    [35mevent[39m: "database_migration"
    [35mmessage[39m: "> - 0023_durable_generation_replacement"
[2026-09-21 14:42:37.524 -0400] [32mINFO[39m:
    [35mevent[39m: "database_migration"
    [35mmessage[39m: "> - 0024_structured_canonical_facts"
[2026-09-21 14:42:37.524 -0400] [32mINFO[39m:
    [35mevent[39m: "database_migration"
    [35mmessage[39m: "> - 0025_asset_reference_lifecycle"
[2026-09-21 14:42:37.524 -0400] [32mINFO[39m:
    [35mevent[39m: "database_migration"
    [35mmessage[39m: "> - 0026_campaign_world_transfers"
[2026-09-21 14:42:37.524 -0400] [32mINFO[39m:
    [35mevent[39m: "database_migration"
    [35mmessage[39m: "> - 0027_turn_intent_provider_role"
[2026-09-21 14:42:37.524 -0400] [32mINFO[39m:
    [35mevent[39m: "database_migration"
    [35mmessage[39m: "> - 0028_turn_input_modes"
[2026-09-21 14:42:37.524 -0400] [32mINFO[39m:
    [35mevent[39m: "database_migration"
    [35mmessage[39m: "> - 0029_durable_image_provider_jobs"
[2026-09-21 14:42:37.524 -0400] [32mINFO[39m:
    [35mevent[39m: "database_migration"
    [35mmessage[39m: "> - 0030_world_cover_image_jobs"
[2026-09-21 14:42:37.524 -0400] [32mINFO[39m:
    [35mevent[39m: "database_migration"
    [35mmessage[39m: "> - 0031_context_aware_image_library"
[2026-09-21 14:42:37.524 -0400] [32mINFO[39m:
    [35mevent[39m: "database_migration"
    [35mmessage[39m: "> - 0032_sogni_sdk_provider"
[2026-09-21 14:42:37.524 -0400] [32mINFO[39m:
    [35mevent[39m: "database_migration"
    [35mmessage[39m: "> - 0033_segmented_turn_illustrations"
[2026-09-21 14:42:37.524 -0400] [32mINFO[39m:
    [35mevent[39m: "database_migration"
    [35mmessage[39m: "> - 0034_campaign_illustration_refinement_instructions"
[2026-09-21 14:42:37.524 -0400] [32mINFO[39m:
    [35mevent[39m: "database_migration"
    [35mmessage[39m: "> - 0035_campaign_illustration_refinement_prompt"
[2026-09-21 14:42:37.524 -0400] [32mINFO[39m:
    [35mevent[39m: "database_migration"
    [35mmessage[39m: "> - 0036_structured_character_profiles"
[2026-09-21 14:42:37.524 -0400] [32mINFO[39m:
    [35mevent[39m: "database_migration"
    [35mmessage[39m: "> - 0037_prompt_library"
[2026-09-21 14:42:37.524 -0400] [32mINFO[39m:
    [35mevent[39m: "database_migration"
    [35mmessage[39m: "> - 0038_prompt_library_hardening"
[2026-09-21 14:42:37.524 -0400] [32mINFO[39m:
    [35mevent[39m: "database_migration"
    [35mmessage[39m: "> - 0039_chronicle_entity_identity"
[2026-09-21 14:42:37.524 -0400] [32mINFO[39m:
    [35mevent[39m: "database_migration"
    [35mmessage[39m: "> - 0040_streaming_illustration_pipeline"
[2026-09-21 14:42:37.524 -0400] [32mINFO[39m:
    [35mevent[39m: "database_migration"
    [35mmessage[39m: "> - 0041_allow_streaming_asset_contexts"
[2026-09-21 14:42:37.524 -0400] [32mINFO[39m:
    [35mevent[39m: "database_migration"
    [35mmessage[39m: "> - 0042_json_illustration_refinement_prompt"
[2026-09-21 14:42:37.524 -0400] [32mINFO[39m:
    [35mevent[39m: "database_migration"
    [35mmessage[39m: "> - 0043_world_generation_progress"
[2026-09-21 14:42:37.524 -0400] [32mINFO[39m:
    [35mevent[39m: "database_migration"
    [35mmessage[39m: "> - 0044_api_admission_control"
[2026-09-21 14:42:37.524 -0400] [32mINFO[39m:
    [35mevent[39m: "database_migration"
    [35mmessage[39m: "> - 0045_archive_previews"
[2026-09-21 14:42:37.524 -0400] [32mINFO[39m:
    [35mevent[39m: "database_migration"
    [35mmessage[39m: "> - 0046_archive_preview_superseded"
[2026-09-21 14:42:37.524 -0400] [32mINFO[39m:
    [35mevent[39m: "database_migration"
    [35mmessage[39m: "> - 0047_full_campaign_state_corrections"
[2026-09-21 14:42:37.524 -0400] [32mINFO[39m:
    [35mevent[39m: "database_migration"
    [35mmessage[39m: "> - 0048_cascade_streaming_image_jobs"
[2026-09-21 14:42:37.524 -0400] [32mINFO[39m:
    [35mevent[39m: "database_migration"
    [35mmessage[39m: "> - 0049_cancelled_generation_jobs"
[2026-09-21 14:42:37.524 -0400] [32mINFO[39m:
    [35mevent[39m: "database_migration"
    [35mmessage[39m: "> - 0050_cancel_provisional_illustration_children"
[2026-09-21 14:42:37.524 -0400] [32mINFO[39m:
    [35mevent[39m: "database_migration"
    [35mmessage[39m: "> - 0051_preserve_replacement_turn_provenance"
[2026-09-21 14:42:37.524 -0400] [32mINFO[39m:
    [35mevent[39m: "database_migration"
    [35mmessage[39m: "> - 0052_generation_job_notifications"
[2026-09-21 14:42:37.524 -0400] [32mINFO[39m:
    [35mevent[39m: "database_migration"
    [35mmessage[39m: "> - 0053_durable_asset_portable_operations"
[2026-09-21 14:42:37.524 -0400] [32mINFO[39m:
    [35mevent[39m: "database_migration"
    [35mmessage[39m: "> - 0054_private_filesystem_authority"
[2026-09-21 14:42:37.524 -0400] [32mINFO[39m:
    [35mevent[39m: "database_migration"
    [35mmessage[39m: "> - 0055_private_portable_repository_guards"
[2026-09-21 14:42:37.524 -0400] [32mINFO[39m:
    [35mevent[39m: "database_migration"
    [35mmessage[39m: "> - 0056_private_filesystem_current_clock"
[2026-09-21 14:42:37.524 -0400] [32mINFO[39m:
    [35mevent[39m: "database_migration"
    [35mmessage[39m: "> - 0057_finalized_asset_delivery_authority"
[2026-09-21 14:42:37.524 -0400] [32mINFO[39m:
    [35mevent[39m: "database_migration"
    [35mmessage[39m: "> - 0058_secure_storage_lifecycle"
[2026-09-21 14:42:37.524 -0400] [32mINFO[39m:
    [35mevent[39m: "database_migration"
    [35mmessage[39m: "> - 0059_secure_storage_target_intent"
[2026-09-21 14:42:37.524 -0400] [32mINFO[39m:
    [35mevent[39m: "database_migration"
    [35mmessage[39m: "> - 0060_asset_publication_identities"
[2026-09-21 14:42:37.524 -0400] [32mINFO[39m:
    [35mevent[39m: "database_migration"
    [35mmessage[39m: "> - 0061_portable_import_composition"
[2026-09-21 14:42:37.524 -0400] [32mINFO[39m:
    [35mevent[39m: "database_migration"
    [35mmessage[39m: "> - 0062_portable_import_asset_publications"
[2026-09-21 14:42:37.524 -0400] [32mINFO[39m:
    [35mevent[39m: "database_migration"
    [35mmessage[39m: "> - 0063_portable_legacy_story_asset_publications"
[2026-09-21 14:42:37.524 -0400] [32mINFO[39m:
    [35mevent[39m: "database_migration"
    [35mmessage[39m: "> - 0064_normalized_asset_publication_requests"
[2026-09-21 14:42:37.524 -0400] [32mINFO[39m:
    [35mevent[39m: "database_migration"
    [35mmessage[39m: "> - 0065_illustration_asset_publications"
[2026-09-21 14:42:37.524 -0400] [32mINFO[39m:
    [35mevent[39m: "database_migration"
    [35mmessage[39m: "> - 0066_portable_normalized_asset_publications"
[2026-09-21 14:42:37.524 -0400] [32mINFO[39m:
    [35mevent[39m: "database_migration"
    [35mmessage[39m: "> - 0067_asset_metadata_backfill_executor"
[2026-09-21 14:42:37.524 -0400] [32mINFO[39m:
    [35mevent[39m: "database_migration"
    [35mmessage[39m: "> - 0068_portable_legacy_story_create_world"
[2026-09-21 14:42:37.524 -0400] [32mINFO[39m:
    [35mevent[39m: "database_migration"
    [35mmessage[39m: "> - 0069_import_progress_status"
[2026-09-21 14:42:37.524 -0400] [32mINFO[39m:
    [35mevent[39m: "database_migration"
    [35mmessage[39m: "> - 0070_turn_narration_corrections"
[2026-09-21 14:42:37.524 -0400] [32mINFO[39m:
    [35mevent[39m: "database_migration"
    [35mmessage[39m: "> - 0071_world_share_links"
[2026-09-21 14:42:37.524 -0400] [32mINFO[39m:
    [35mevent[39m: "database_migration"
    [35mmessage[39m: "> - 0072_chronicle_memory_chunks"
[2026-09-21 14:42:37.524 -0400] [32mINFO[39m:
    [35mevent[39m: "database_migration"
    [35mmessage[39m: "> - 0073_chronicle_chunk_job_fencing"
[2026-09-21 14:42:37.524 -0400] [32mINFO[39m:
    [35mevent[39m: "database_migration"
    [35mmessage[39m: "> - 0074_chronicle_retrieval_observability"
[2026-09-21 14:42:37.524 -0400] [32mINFO[39m:
    [35mevent[39m: "database_migration"
    [35mmessage[39m: "> - 0075_chronicle_query_embedding_cache"
[2026-09-21 14:42:37.524 -0400] [32mINFO[39m:
    [35mevent[39m: "database_migration"
    [35mmessage[39m: "> - 0076_chronicle_chunk_skip_reasons"
[2026-09-21 14:42:37.524 -0400] [32mINFO[39m:
    [35mevent[39m: "database_migration"
    [35mmessage[39m: "> - 0077_chronicle_chunk_processed_signature"
[2026-09-21 14:42:37.524 -0400] [32mINFO[39m:
    [35mevent[39m: "database_migration"
    [35mmessage[39m: "> - 0078_system_archive_jobs"
[2026-09-21 14:42:37.524 -0400] [32mINFO[39m:
    [35mevent[39m: "database_migration"
    [35mmessage[39m: "> - 0079_resumable_system_archive_uploads"
[2026-09-21 14:42:37.524 -0400] [32mINFO[39m:
    [35mevent[39m: "database_migration"
    [35mmessage[39m: "> - 0080_published_asset_derivative_reservations"
[2026-09-21 14:42:37.524 -0400] [32mINFO[39m:
    [35mevent[39m: "database_migration"
    [35mmessage[39m: "> - 0081_campaign_story_context_budget"
[2026-09-21 14:42:37.524 -0400] [32mINFO[39m:
    [35mevent[39m: "database_migration"
    [35mmessage[39m: "> - 0082_turn_zero_state_correction_facts"
[2026-09-21 14:42:37.524 -0400] [32mINFO[39m:
    [35mevent[39m: "database_migration"
    [35mmessage[39m: "> - 0083_cleaned_campaign_export_deletion"
[2026-09-21 14:42:37.524 -0400] [32mINFO[39m:
    [35mevent[39m: "database_migration"
    [35mmessage[39m: "> - 0084_generation_authority_identity"
[2026-09-21 14:42:37.524 -0400] [32mINFO[39m:
    [35mevent[39m: "database_migration"
    [35mmessage[39m: "> - 0085_prompt_override_compatibility_acknowledgements"
[2026-09-21 14:42:37.524 -0400] [32mINFO[39m:
    [35mevent[39m: "database_migration"
    [35mmessage[39m: "> - 0086_prompt_override_protocol_acknowledgements"
[2026-09-21 14:42:37.524 -0400] [32mINFO[39m:
    [35mevent[39m: "database_migration"
    [35mmessage[39m: "> - 0087_chronicle_query_cache_access_sequence"
[2026-09-21 14:42:37.524 -0400] [32mINFO[39m:
    [35mevent[39m: "database_migration"
    [35mmessage[39m: "> - 0088_expand_campaign_story_context_budget"
[2026-09-21 14:42:37.524 -0400] [32mINFO[39m:
    [35mevent[39m: "database_migration"
    [35mmessage[39m: "> - 0089_authoring_jobs"
[2026-09-21 14:42:37.524 -0400] [32mINFO[39m:
    [35mevent[39m: "database_migration"
    [35mmessage[39m: "> - 0090_authoring_apply_review_selection"
[2026-09-21 14:42:37.524 -0400] [32mINFO[39m:
    [35mevent[39m: "database_migration"
    [35mmessage[39m: "> - 0091_story_source_authoring"
[2026-09-21 14:42:37.524 -0400] [32mINFO[39m:
    [35mevent[39m: "database_migration"
    [35mmessage[39m: "> - 0092_source_synthesis_review_fence"
[2026-09-21 14:42:37.524 -0400] [32mINFO[39m:
    [35mevent[39m: "database_migration"
    [35mmessage[39m: "> - 0093_portable_source_material_authority_paths"
[2026-09-21 14:42:37.524 -0400] [32mINFO[39m:
    [35mevent[39m: "database_migration"
    [35mmessage[39m: "> - 0094_story_generation_policy"
[2026-09-21 14:42:37.524 -0400] [32mINFO[39m:
    [35mevent[39m: "database_migration"
    [35mmessage[39m: "> - 0095_story_memory_capability_enrollment"
[2026-09-21 14:42:37.524 -0400] [32mINFO[39m:
    [35mevent[39m: "database_migration"
    [35mmessage[39m: "> - 0096_campaign_memory_defaults"
[2026-09-21 14:42:37.524 -0400] [32mINFO[39m:
    [35mevent[39m: "database_migration"
    [35mmessage[39m: "> - 0097_provider_text_selection"
[2026-09-21 14:42:37.524 -0400] [32mINFO[39m:
    [35mevent[39m: "database_migration"
    [35mmessage[39m: "> - 0098_illustration_text_execution_snapshot"
[2026-09-21 14:42:37.524 -0400] [32mINFO[39m:
    [35mevent[39m: "database_migration"
    [35mmessage[39m: "> - 0099_worker_text_plan_protocol_fences"
[2026-09-21 14:42:37.524 -0400] [32mINFO[39m:
    [35mevent[39m: "database_migration"
    [35mmessage[39m: "> - 0100_prepared_text_physical_attempts"
[2026-09-21 14:42:37.524 -0400] [32mINFO[39m:
    [35mevent[39m: "database_migration"
    [35mmessage[39m: "> - 0101_durable_campaign_physical_attempt_costs"
[2026-09-21 14:42:37.525 -0400] [32mINFO[39m:
    [35mevent[39m: "database_migration"
    [35mmessage[39m: "### MIGRATION 0001_initial_nexus (UP) ###"
[2026-09-21 14:42:37.547 -0400] [32mINFO[39m:
    [35mevent[39m: "database_migration"
    [35mmessage[39m: "### MIGRATION 0002_owner_scope_constraints (UP) ###"
[2026-09-21 14:42:37.551 -0400] [32mINFO[39m:
    [35mevent[39m: "database_migration"
    [35mmessage[39m: "### MIGRATION 0003_asset_references (UP) ###"
[2026-09-21 14:42:37.553 -0400] [32mINFO[39m:
    [35mevent[39m: "database_migration"
    [35mmessage[39m: "### MIGRATION 0004_chronicle_job_deduplication (UP) ###"
[2026-09-21 14:42:37.555 -0400] [32mINFO[39m:
    [35mevent[39m: "database_migration"
    [35mmessage[39m: "### MIGRATION 0005_story_engine (UP) ###"
[2026-09-21 14:42:37.563 -0400] [32mINFO[39m:
    [35mevent[39m: "database_migration"
    [35mmessage[39m: "### MIGRATION 0006_typed_story_orchestration (UP) ###"
[2026-09-21 14:42:37.565 -0400] [32mINFO[39m:
    [35mevent[39m: "database_migration"
    [35mmessage[39m: "### MIGRATION 0007_semantic_chronicle (UP) ###"
[2026-09-21 14:42:37.569 -0400] [32mINFO[39m:
    [35mevent[39m: "database_migration"
    [35mmessage[39m: "### MIGRATION 0008_world_library (UP) ###"
[2026-09-21 14:42:37.573 -0400] [32mINFO[39m:
    [35mevent[39m: "database_migration"
    [35mmessage[39m: "### MIGRATION 0009_illustration_pipeline (UP) ###"
[2026-09-21 14:42:37.579 -0400] [32mINFO[39m:
    [35mevent[39m: "database_migration"
    [35mmessage[39m: "### MIGRATION 0010_provider_profile_defaults (UP) ###"
[2026-09-21 14:42:37.581 -0400] [32mINFO[39m:
    [35mevent[39m: "database_migration"
    [35mmessage[39m: "### MIGRATION 0011_embedding_model_default (UP) ###"
[2026-09-21 14:42:37.582 -0400] [32mINFO[39m:
    [35mevent[39m: "database_migration"
    [35mmessage[39m: "### MIGRATION 0012_dynamic_chronicle (UP) ###"
[2026-09-21 14:42:37.584 -0400] [32mINFO[39m:
    [35mevent[39m: "database_migration"
    [35mmessage[39m: "### MIGRATION 0013_campaign_story_length (UP) ###"
[2026-09-21 14:42:37.586 -0400] [32mINFO[39m:
    [35mevent[39m: "database_migration"
    [35mmessage[39m: "### MIGRATION 0014_generation_progress (UP) ###"
[2026-09-21 14:42:37.588 -0400] [32mINFO[39m:
    [35mevent[39m: "database_migration"
    [35mmessage[39m: "### MIGRATION 0015_campaign_cost_events (UP) ###"
[2026-09-21 14:42:37.591 -0400] [32mINFO[39m:
    [35mevent[39m: "database_migration"
    [35mmessage[39m: "### MIGRATION 0016_provider_request_timeout (UP) ###"
[2026-09-21 14:42:37.593 -0400] [32mINFO[39m:
    [35mevent[39m: "database_migration"
    [35mmessage[39m: "### MIGRATION 0017_campaign_characters (UP) ###"
[2026-09-21 14:42:37.594 -0400] [32mINFO[39m:
    [35mevent[39m: "database_migration"
    [35mmessage[39m: "### MIGRATION 0018_initial_state_snapshot (UP) ###"
[2026-09-21 14:42:37.596 -0400] [32mINFO[39m:
    [35mevent[39m: "database_migration"
    [35mmessage[39m: "### MIGRATION 0019_multi_tenant_hardening (UP) ###"
[2026-09-21 14:42:37.601 -0400] [32mINFO[39m:
    [35mevent[39m: "database_migration"
    [35mmessage[39m: "### MIGRATION 0020_user_settings (UP) ###"
[2026-09-21 14:42:37.603 -0400] [32mINFO[39m:
    [35mevent[39m: "database_migration"
    [35mmessage[39m: "### MIGRATION 0021_world_version_deletion (UP) ###"
[2026-09-21 14:42:37.606 -0400] [32mINFO[39m:
    [35mevent[39m: "database_migration"
    [35mmessage[39m: "### MIGRATION 0022_campaign_state_revisions (UP) ###"
[2026-09-21 14:42:37.609 -0400] [32mINFO[39m:
    [35mevent[39m: "database_migration"
    [35mmessage[39m: "### MIGRATION 0023_durable_generation_replacement (UP) ###"
[2026-09-21 14:42:37.612 -0400] [32mINFO[39m:
    [35mevent[39m: "database_migration"
    [35mmessage[39m: "### MIGRATION 0024_structured_canonical_facts (UP) ###"
[2026-09-21 14:42:37.615 -0400] [32mINFO[39m:
    [35mevent[39m: "database_migration"
    [35mmessage[39m: "### MIGRATION 0025_asset_reference_lifecycle (UP) ###"
[2026-09-21 14:42:37.618 -0400] [32mINFO[39m:
    [35mevent[39m: "database_migration"
    [35mmessage[39m: "### MIGRATION 0026_campaign_world_transfers (UP) ###"
[2026-09-21 14:42:37.621 -0400] [32mINFO[39m:
    [35mevent[39m: "database_migration"
    [35mmessage[39m: "### MIGRATION 0027_turn_intent_provider_role (UP) ###"
[2026-09-21 14:42:37.623 -0400] [32mINFO[39m:
    [35mevent[39m: "database_migration"
    [35mmessage[39m: "### MIGRATION 0028_turn_input_modes (UP) ###"
[2026-09-21 14:42:37.627 -0400] [32mINFO[39m:
    [35mevent[39m: "database_migration"
    [35mmessage[39m: "### MIGRATION 0029_durable_image_provider_jobs (UP) ###"
[2026-09-21 14:42:37.630 -0400] [32mINFO[39m:
    [35mevent[39m: "database_migration"
    [35mmessage[39m: "### MIGRATION 0030_world_cover_image_jobs (UP) ###"
[2026-09-21 14:42:37.634 -0400] [32mINFO[39m:
    [35mevent[39m: "database_migration"
    [35mmessage[39m: "### MIGRATION 0031_context_aware_image_library (UP) ###"
[2026-09-21 14:42:37.646 -0400] [32mINFO[39m:
    [35mevent[39m: "database_migration"
    [35mmessage[39m: "### MIGRATION 0032_sogni_sdk_provider (UP) ###"
[2026-09-21 14:42:37.648 -0400] [32mINFO[39m:
    [35mevent[39m: "database_migration"
    [35mmessage[39m: "### MIGRATION 0033_segmented_turn_illustrations (UP) ###"
[2026-09-21 14:42:37.659 -0400] [32mINFO[39m:
    [35mevent[39m: "database_migration"
    [35mmessage[39m: "### MIGRATION 0034_campaign_illustration_refinement_instructions (UP) ###"
[2026-09-21 14:42:37.661 -0400] [32mINFO[39m:
    [35mevent[39m: "database_migration"
    [35mmessage[39m: "### MIGRATION 0035_campaign_illustration_refinement_prompt (UP) ###"
[2026-09-21 14:42:37.662 -0400] [32mINFO[39m:
    [35mevent[39m: "database_migration"
    [35mmessage[39m: "### MIGRATION 0036_structured_character_profiles (UP) ###"
[2026-09-21 14:42:37.666 -0400] [32mINFO[39m:
    [35mevent[39m: "database_migration"
    [35mmessage[39m: "### MIGRATION 0037_prompt_library (UP) ###"
[2026-09-21 14:42:37.669 -0400] [32mINFO[39m:
    [35mevent[39m: "database_migration"
    [35mmessage[39m: "### MIGRATION 0038_prompt_library_hardening (UP) ###"
[2026-09-21 14:42:37.670 -0400] [32mINFO[39m:
    [35mevent[39m: "database_migration"
    [35mmessage[39m: "### MIGRATION 0039_chronicle_entity_identity (UP) ###"
[2026-09-21 14:42:37.674 -0400] [32mINFO[39m:
    [35mevent[39m: "database_migration"
    [35mmessage[39m: "### MIGRATION 0040_streaming_illustration_pipeline (UP) ###"
[2026-09-21 14:42:37.678 -0400] [32mINFO[39m:
    [35mevent[39m: "database_migration"
    [35mmessage[39m: "### MIGRATION 0041_allow_streaming_asset_contexts (UP) ###"
[2026-09-21 14:42:37.680 -0400] [32mINFO[39m:
    [35mevent[39m: "database_migration"
    [35mmessage[39m: "### MIGRATION 0042_json_illustration_refinement_prompt (UP) ###"
[2026-09-21 14:42:37.681 -0400] [32mINFO[39m:
    [35mevent[39m: "database_migration"
    [35mmessage[39m: "### MIGRATION 0043_world_generation_progress (UP) ###"
[2026-09-21 14:42:37.683 -0400] [32mINFO[39m:
    [35mevent[39m: "database_migration"
    [35mmessage[39m: "### MIGRATION 0044_api_admission_control (UP) ###"
[2026-09-21 14:42:37.687 -0400] [32mINFO[39m:
    [35mevent[39m: "database_migration"
    [35mmessage[39m: "### MIGRATION 0045_archive_previews (UP) ###"
[2026-09-21 14:42:37.689 -0400] [32mINFO[39m:
    [35mevent[39m: "database_migration"
    [35mmessage[39m: "### MIGRATION 0046_archive_preview_superseded (UP) ###"
[2026-09-21 14:42:37.690 -0400] [32mINFO[39m:
    [35mevent[39m: "database_migration"
    [35mmessage[39m: "### MIGRATION 0047_full_campaign_state_corrections (UP) ###"
[2026-09-21 14:42:37.693 -0400] [32mINFO[39m:
    [35mevent[39m: "database_migration"
    [35mmessage[39m: "### MIGRATION 0048_cascade_streaming_image_jobs (UP) ###"
[2026-09-21 14:42:37.695 -0400] [32mINFO[39m:
    [35mevent[39m: "database_migration"
    [35mmessage[39m: "### MIGRATION 0049_cancelled_generation_jobs (UP) ###"
[2026-09-21 14:42:37.697 -0400] [32mINFO[39m:
    [35mevent[39m: "database_migration"
    [35mmessage[39m: "### MIGRATION 0050_cancel_provisional_illustration_children (UP) ###"
[2026-09-21 14:42:37.698 -0400] [32mINFO[39m:
    [35mevent[39m: "database_migration"
    [35mmessage[39m: "### MIGRATION 0051_preserve_replacement_turn_provenance (UP) ###"
[2026-09-21 14:42:37.700 -0400] [32mINFO[39m:
    [35mevent[39m: "database_migration"
    [35mmessage[39m: "### MIGRATION 0052_generation_job_notifications (UP) ###"
[2026-09-21 14:42:37.701 -0400] [32mINFO[39m:
    [35mevent[39m: "database_migration"
    [35mmessage[39m: "### MIGRATION 0053_durable_asset_portable_operations (UP) ###"
[2026-09-21 14:42:37.718 -0400] [32mINFO[39m:
    [35mevent[39m: "database_migration"
    [35mmessage[39m: "### MIGRATION 0054_private_filesystem_authority (UP) ###"
[2026-09-21 14:42:37.726 -0400] [32mINFO[39m:
    [35mevent[39m: "database_migration"
    [35mmessage[39m: "### MIGRATION 0055_private_portable_repository_guards (UP) ###"
[2026-09-21 14:42:37.728 -0400] [32mINFO[39m:
    [35mevent[39m: "database_migration"
    [35mmessage[39m: "### MIGRATION 0056_private_filesystem_current_clock (UP) ###"
[2026-09-21 14:42:37.730 -0400] [32mINFO[39m:
    [35mevent[39m: "database_migration"
    [35mmessage[39m: "### MIGRATION 0057_finalized_asset_delivery_authority (UP) ###"
[2026-09-21 14:42:37.736 -0400] [32mINFO[39m:
    [35mevent[39m: "database_migration"
    [35mmessage[39m: "### MIGRATION 0058_secure_storage_lifecycle (UP) ###"
[2026-09-21 14:42:37.738 -0400] [32mINFO[39m:
    [35mevent[39m: "database_migration"
    [35mmessage[39m: "### MIGRATION 0059_secure_storage_target_intent (UP) ###"
[2026-09-21 14:42:37.742 -0400] [32mINFO[39m:
    [35mevent[39m: "database_migration"
    [35mmessage[39m: "### MIGRATION 0060_asset_publication_identities (UP) ###"
[2026-09-21 14:42:37.745 -0400] [32mINFO[39m:
    [35mevent[39m: "database_migration"
    [35mmessage[39m: "### MIGRATION 0061_portable_import_composition (UP) ###"
[2026-09-21 14:42:37.749 -0400] [32mINFO[39m:
    [35mevent[39m: "database_migration"
    [35mmessage[39m: "### MIGRATION 0062_portable_import_asset_publications (UP) ###"
[2026-09-21 14:42:37.754 -0400] [32mINFO[39m:
    [35mevent[39m: "database_migration"
    [35mmessage[39m: "### MIGRATION 0063_portable_legacy_story_asset_publications (UP) ###"
[2026-09-21 14:42:37.755 -0400] [32mINFO[39m:
    [35mevent[39m: "database_migration"
    [35mmessage[39m: "### MIGRATION 0064_normalized_asset_publication_requests (UP) ###"
[2026-09-21 14:42:37.767 -0400] [32mINFO[39m:
    [35mevent[39m: "database_migration"
    [35mmessage[39m: "### MIGRATION 0065_illustration_asset_publications (UP) ###"
[2026-09-21 14:42:37.771 -0400] [32mINFO[39m:
    [35mevent[39m: "database_migration"
    [35mmessage[39m: "### MIGRATION 0066_portable_normalized_asset_publications (UP) ###"
[2026-09-21 14:42:37.778 -0400] [32mINFO[39m:
    [35mevent[39m: "database_migration"
    [35mmessage[39m: "### MIGRATION 0067_asset_metadata_backfill_executor (UP) ###"
[2026-09-21 14:42:37.781 -0400] [32mINFO[39m:
    [35mevent[39m: "database_migration"
    [35mmessage[39m: "### MIGRATION 0068_portable_legacy_story_create_world (UP) ###"
[2026-09-21 14:42:37.782 -0400] [32mINFO[39m:
    [35mevent[39m: "database_migration"
    [35mmessage[39m: "### MIGRATION 0069_import_progress_status (UP) ###"
[2026-09-21 14:42:37.785 -0400] [32mINFO[39m:
    [35mevent[39m: "database_migration"
    [35mmessage[39m: "### MIGRATION 0070_turn_narration_corrections (UP) ###"
[2026-09-21 14:42:37.788 -0400] [32mINFO[39m:
    [35mevent[39m: "database_migration"
    [35mmessage[39m: "### MIGRATION 0071_world_share_links (UP) ###"
[2026-09-21 14:42:37.791 -0400] [32mINFO[39m:
    [35mevent[39m: "database_migration"
    [35mmessage[39m: "### MIGRATION 0072_chronicle_memory_chunks (UP) ###"
[2026-09-21 14:42:37.798 -0400] [32mINFO[39m:
    [35mevent[39m: "database_migration"
    [35mmessage[39m: "### MIGRATION 0073_chronicle_chunk_job_fencing (UP) ###"
[2026-09-21 14:42:37.800 -0400] [32mINFO[39m:
    [35mevent[39m: "database_migration"
    [35mmessage[39m: "### MIGRATION 0074_chronicle_retrieval_observability (UP) ###"
[2026-09-21 14:42:37.805 -0400] [32mINFO[39m:
    [35mevent[39m: "database_migration"
    [35mmessage[39m: "### MIGRATION 0075_chronicle_query_embedding_cache (UP) ###"
[2026-09-21 14:42:37.808 -0400] [32mINFO[39m:
    [35mevent[39m: "database_migration"
    [35mmessage[39m: "### MIGRATION 0076_chronicle_chunk_skip_reasons (UP) ###"
[2026-09-21 14:42:37.810 -0400] [32mINFO[39m:
    [35mevent[39m: "database_migration"
    [35mmessage[39m: "### MIGRATION 0077_chronicle_chunk_processed_signature (UP) ###"
[2026-09-21 14:42:37.811 -0400] [32mINFO[39m:
    [35mevent[39m: "database_migration"
    [35mmessage[39m: "### MIGRATION 0078_system_archive_jobs (UP) ###"
[2026-09-21 14:42:37.822 -0400] [32mINFO[39m:
    [35mevent[39m: "database_migration"
    [35mmessage[39m: "### MIGRATION 0079_resumable_system_archive_uploads (UP) ###"
[2026-09-21 14:42:37.827 -0400] [32mINFO[39m:
    [35mevent[39m: "database_migration"
    [35mmessage[39m: "### MIGRATION 0080_published_asset_derivative_reservations (UP) ###"
[2026-09-21 14:42:37.828 -0400] [32mINFO[39m:
    [35mevent[39m: "database_migration"
    [35mmessage[39m: "### MIGRATION 0081_campaign_story_context_budget (UP) ###"
[2026-09-21 14:42:37.830 -0400] [32mINFO[39m:
    [35mevent[39m: "database_migration"
    [35mmessage[39m: "### MIGRATION 0082_turn_zero_state_correction_facts (UP) ###"
[2026-09-21 14:42:37.831 -0400] [32mINFO[39m:
    [35mevent[39m: "database_migration"
    [35mmessage[39m: "### MIGRATION 0083_cleaned_campaign_export_deletion (UP) ###"
[2026-09-21 14:42:37.833 -0400] [32mINFO[39m:
    [35mevent[39m: "database_migration"
    [35mmessage[39m: "### MIGRATION 0084_generation_authority_identity (UP) ###"
[2026-09-21 14:42:37.834 -0400] [32mINFO[39m:
    [35mevent[39m: "database_migration"
    [35mmessage[39m: "### MIGRATION 0085_prompt_override_compatibility_acknowledgements (UP) ###"
[2026-09-21 14:42:37.835 -0400] [32mINFO[39m:
    [35mevent[39m: "database_migration"
    [35mmessage[39m: "### MIGRATION 0086_prompt_override_protocol_acknowledgements (UP) ###"
[2026-09-21 14:42:37.837 -0400] [32mINFO[39m:
    [35mevent[39m: "database_migration"
    [35mmessage[39m: "### MIGRATION 0087_chronicle_query_cache_access_sequence (UP) ###"
[2026-09-21 14:42:37.839 -0400] [32mINFO[39m:
    [35mevent[39m: "database_migration"
    [35mmessage[39m: "### MIGRATION 0088_expand_campaign_story_context_budget (UP) ###"
[2026-09-21 14:42:37.840 -0400] [32mINFO[39m:
    [35mevent[39m: "database_migration"
    [35mmessage[39m: "### MIGRATION 0089_authoring_jobs (UP) ###"
[2026-09-21 14:42:37.844 -0400] [32mINFO[39m:
    [35mevent[39m: "database_migration"
    [35mmessage[39m: "### MIGRATION 0090_authoring_apply_review_selection (UP) ###"
[2026-09-21 14:42:37.846 -0400] [32mINFO[39m:
    [35mevent[39m: "database_migration"
    [35mmessage[39m: "### MIGRATION 0091_story_source_authoring (UP) ###"
[2026-09-21 14:42:37.847 -0400] [32mINFO[39m:
    [35mevent[39m: "database_migration"
    [35mmessage[39m: "### MIGRATION 0092_source_synthesis_review_fence (UP) ###"
[2026-09-21 14:42:37.849 -0400] [32mINFO[39m:
    [35mevent[39m: "database_migration"
    [35mmessage[39m: "### MIGRATION 0093_portable_source_material_authority_paths (UP) ###"
[2026-09-21 14:42:37.850 -0400] [32mINFO[39m:
    [35mevent[39m: "database_migration"
    [35mmessage[39m: "### MIGRATION 0094_story_generation_policy (UP) ###"
[2026-09-21 14:42:37.852 -0400] [32mINFO[39m:
    [35mevent[39m: "database_migration"
    [35mmessage[39m: "### MIGRATION 0095_story_memory_capability_enrollment (UP) ###"
[2026-09-21 14:42:37.855 -0400] [32mINFO[39m:
    [35mevent[39m: "database_migration"
    [35mmessage[39m: "### MIGRATION 0096_campaign_memory_defaults (UP) ###"
[2026-09-21 14:42:37.856 -0400] [32mINFO[39m:
    [35mevent[39m: "database_migration"
    [35mmessage[39m: "### MIGRATION 0097_provider_text_selection (UP) ###"
[2026-09-21 14:42:37.857 -0400] [32mINFO[39m:
    [35mevent[39m: "database_migration"
    [35mmessage[39m: "### MIGRATION 0098_illustration_text_execution_snapshot (UP) ###"
[2026-09-21 14:42:37.859 -0400] [32mINFO[39m:
    [35mevent[39m: "database_migration"
    [35mmessage[39m: "### MIGRATION 0099_worker_text_plan_protocol_fences (UP) ###"
[2026-09-21 14:42:37.863 -0400] [32mINFO[39m:
    [35mevent[39m: "database_migration"
    [35mmessage[39m: "### MIGRATION 0100_prepared_text_physical_attempts (UP) ###"
[2026-09-21 14:42:37.866 -0400] [32mINFO[39m:
    [35mevent[39m: "database_migration"
    [35mmessage[39m: "### MIGRATION 0101_durable_campaign_physical_attempt_costs (UP) ###"
[2026-09-21 14:42:38.490 -0400] [32mINFO[39m:
    [35mevent[39m: "illustration_resolution_completed"
    [35mresolutionJobId[39m: "671659a2-9c5a-4a9e-ad5c-b343b169ea54"
    [35mcampaignId[39m: "61df6935-362c-45ea-9dee-6abd8e281c51"
    [35mturnId[39m: null
    [35msourcePolicy[39m: "library_only"
    [35mmatchingScope[39m: "owner_library"
    [35mconfidenceProfile[39m: "broad"
    [35malgorithmVersion[39m: "library-match-v1"
    [35mcandidateCount[39m: 1
    [35mselectedAssetId[39m: "e4f238bc-32e2-4e30-92d8-f5184309c872"
    [35mselectedScore[39m: 0.85
    [35mthreshold[39m: 0.38
    [35mdecision[39m: "matched"
    [35mdurationMs[39m: 123
[2026-09-21 14:42:38.705 -0400] [33mWARN[39m:
    [35mevent[39m: "illustration_resolution_failed"
    [35mresolutionJobId[39m: "1921ed37-9543-4d6e-bdfa-850b1b478849"
    [35mcampaignId[39m: "0b9fd762-5d6c-4401-be3f-5211047dff9c"
    [35mturnId[39m: null
    [35msourcePolicy[39m: "library_only"
    [35mmatchingScope[39m: "campaign"
    [35mconfidenceProfile[39m: "balanced"
    [35malgorithmVersion[39m: "library-match-v1"
    [35mreasonCode[39m: "unsafe_prompt"
    [35mdurationMs[39m: 130
[2026-09-21 14:42:39.234 -0400] [32mINFO[39m:
    [35mevent[39m: "illustration_resolution_completed"
    [35mresolutionJobId[39m: "5ddf665c-0052-4d03-9831-64366feaba9b"
    [35mcampaignId[39m: "73d218db-e7ff-48e5-955b-108cd4e4dd85"
    [35mturnId[39m: "7d60283e-e356-423f-ac75-757020c7d28c"
    [35msourcePolicy[39m: "library_only"
    [35mmatchingScope[39m: "campaign"
    [35mconfidenceProfile[39m: "strict"
    [35malgorithmVersion[39m: "library-match-v1"
    [35mcandidateCount[39m: 0
    [35mselectedAssetId[39m: null
    [35mselectedScore[39m: null
    [35mthreshold[39m: 0.68
    [35mdecision[39m: "no_match"
    [35mdurationMs[39m: 6
[2026-09-21 14:42:39.293 -0400] [32mINFO[39m:
    [35mevent[39m: "illustration_resolution_completed"
    [35mresolutionJobId[39m: "a7ce7450-60d7-4758-abca-817a0ef04d92"
    [35mcampaignId[39m: "c9ef3fa2-d7f7-4bf2-8a45-9e671d761cd4"
    [35mturnId[39m: "ae3c9c3b-0221-4f53-98b9-f2e3bbb05755"
    [35msourcePolicy[39m: "library_then_generate"
    [35mmatchingScope[39m: "campaign"
    [35mconfidenceProfile[39m: "strict"
    [35malgorithmVersion[39m: "library-match-v1"
    [35mcandidateCount[39m: 0
    [35mselectedAssetId[39m: null
    [35mselectedScore[39m: null
    [35mthreshold[39m: 0.68
    [35mdecision[39m: "generate"
    [35mdurationMs[39m: 16
[2026-09-21 14:42:39.347 -0400] [32mINFO[39m:
    [35mevent[39m: "turn_generation_claimed"
    [35mgenerationJobId[39m: "48e6945d-edc8-42a1-8915-d44f84feec82"
    [35mcampaignId[39m: "0218c137-31e6-41e9-a15f-2f7f5281721f"
    [35mproviderProfileId[39m: "d2863379-9792-4d27-abdf-f9fbb769a96a"
    [35mexpectedTurnNumber[39m: 3
    [35moperationKind[39m: "append"
    [35mjobAttempt[39m: 1
    [35mworkerId[39m: "synthetic-story-6e20404f-0a7d-4e59-bc90-d4682d9d3a4d"
    [35mleaseSeconds[39m: 30
[2026-09-21 14:42:39.358 -0400] [32mINFO[39m:
    [35mevent[39m: "turn_generation_started"
    [35mgenerationJobId[39m: "48e6945d-edc8-42a1-8915-d44f84feec82"
    [35mcampaignId[39m: "0218c137-31e6-41e9-a15f-2f7f5281721f"
    [35mproviderProfileId[39m: "d2863379-9792-4d27-abdf-f9fbb769a96a"
    [35mexpectedTurnNumber[39m: 3
    [35moperationKind[39m: "append"
    [35mjobAttempt[39m: 1
    [35mworkerId[39m: "synthetic-story-6e20404f-0a7d-4e59-bc90-d4682d9d3a4d"
[2026-09-21 14:42:39.358 -0400] [32mINFO[39m:
    [35mevent[39m: "turn_generation_phase_started"
    [35mgenerationJobId[39m: "48e6945d-edc8-42a1-8915-d44f84feec82"
    [35mcampaignId[39m: "0218c137-31e6-41e9-a15f-2f7f5281721f"
    [35mproviderProfileId[39m: "d2863379-9792-4d27-abdf-f9fbb769a96a"
    [35mexpectedTurnNumber[39m: 3
    [35moperationKind[39m: "append"
    [35mjobAttempt[39m: 1
    [35mworkerId[39m: "synthetic-story-6e20404f-0a7d-4e59-bc90-d4682d9d3a4d"
    [35mphase[39m: "provider_loading"
    [35mtotalDurationMs[39m: 1
[2026-09-21 14:42:39.359 -0400] [32mINFO[39m:
    [35mevent[39m: "turn_generation_phase_completed"
    [35mgenerationJobId[39m: "48e6945d-edc8-42a1-8915-d44f84feec82"
    [35mcampaignId[39m: "0218c137-31e6-41e9-a15f-2f7f5281721f"
    [35mproviderProfileId[39m: "d2863379-9792-4d27-abdf-f9fbb769a96a"
    [35mexpectedTurnNumber[39m: 3
    [35moperationKind[39m: "append"
    [35mjobAttempt[39m: 1
    [35mworkerId[39m: "synthetic-story-6e20404f-0a7d-4e59-bc90-d4682d9d3a4d"
    [35mphase[39m: "provider_loading"
    [35mdurationMs[39m: 1
    [35mtotalDurationMs[39m: 2
[2026-09-21 14:42:39.359 -0400] [32mINFO[39m:
    [35mevent[39m: "turn_generation_phase_started"
    [35mgenerationJobId[39m: "48e6945d-edc8-42a1-8915-d44f84feec82"
    [35mcampaignId[39m: "0218c137-31e6-41e9-a15f-2f7f5281721f"
    [35mproviderProfileId[39m: "d2863379-9792-4d27-abdf-f9fbb769a96a"
    [35mexpectedTurnNumber[39m: 3
    [35moperationKind[39m: "append"
    [35mjobAttempt[39m: 1
    [35mworkerId[39m: "synthetic-story-6e20404f-0a7d-4e59-bc90-d4682d9d3a4d"
    [35mphase[39m: "input_preparation"
    [35mtotalDurationMs[39m: 2
[2026-09-21 14:42:39.360 -0400] [32mINFO[39m:
    [35mevent[39m: "turn_generation_phase_completed"
    [35mgenerationJobId[39m: "48e6945d-edc8-42a1-8915-d44f84feec82"
    [35mcampaignId[39m: "0218c137-31e6-41e9-a15f-2f7f5281721f"
    [35mproviderProfileId[39m: "d2863379-9792-4d27-abdf-f9fbb769a96a"
    [35mexpectedTurnNumber[39m: 3
    [35moperationKind[39m: "append"
    [35mjobAttempt[39m: 1
    [35mworkerId[39m: "synthetic-story-6e20404f-0a7d-4e59-bc90-d4682d9d3a4d"
    [35mphase[39m: "input_preparation"
    [35mdurationMs[39m: 1
    [35mtotalDurationMs[39m: 3
[2026-09-21 14:42:39.360 -0400] [32mINFO[39m:
    [35mevent[39m: "turn_generation_phase_started"
    [35mgenerationJobId[39m: "48e6945d-edc8-42a1-8915-d44f84feec82"
    [35mcampaignId[39m: "0218c137-31e6-41e9-a15f-2f7f5281721f"
    [35mproviderProfileId[39m: "d2863379-9792-4d27-abdf-f9fbb769a96a"
    [35mexpectedTurnNumber[39m: 3
    [35moperationKind[39m: "append"
    [35mjobAttempt[39m: 1
    [35mworkerId[39m: "synthetic-story-6e20404f-0a7d-4e59-bc90-d4682d9d3a4d"
    [35mphase[39m: "context_retrieval"
    [35mtotalDurationMs[39m: 3
[2026-09-21 14:42:39.393 -0400] [31mERROR[39m:
    [35mevent[39m: "provider_execution_error_correlated"
    [35mcampaignId[39m: "0218c137-31e6-41e9-a15f-2f7f5281721f"
    [35mproviderProfileId[39m: "d2863379-9792-4d27-abdf-f9fbb769a96a"
    [35mgenerationJobId[39m: null
    [35mmemoryOperation[39m: "context_preview_embedding"
    [35mdiagnosticCode[39m: "provider_execution_failed"
    [35mfailureReason[39m: "unclassified"
    [35merrorType[39m: "Error"
    [35merrorCauseDepth[39m: 1
    [35merrorCauseTypes[39m: [
      "Error"
    ]
[2026-09-21 14:42:39.397 -0400] [32mINFO[39m:
    [35mevent[39m: "turn_generation_phase_completed"
    [35mgenerationJobId[39m: "48e6945d-edc8-42a1-8915-d44f84feec82"
    [35mcampaignId[39m: "0218c137-31e6-41e9-a15f-2f7f5281721f"
    [35mproviderProfileId[39m: "d2863379-9792-4d27-abdf-f9fbb769a96a"
    [35mexpectedTurnNumber[39m: 3
    [35moperationKind[39m: "append"
    [35mjobAttempt[39m: 1
    [35mworkerId[39m: "synthetic-story-6e20404f-0a7d-4e59-bc90-d4682d9d3a4d"
    [35mphase[39m: "context_retrieval"
    [35mdurationMs[39m: 37
    [35mtotalDurationMs[39m: 40
[2026-09-21 14:42:39.397 -0400] [32mINFO[39m:
    [35mevent[39m: "turn_generation_phase_started"
    [35mgenerationJobId[39m: "48e6945d-edc8-42a1-8915-d44f84feec82"
    [35mcampaignId[39m: "0218c137-31e6-41e9-a15f-2f7f5281721f"
    [35mproviderProfileId[39m: "d2863379-9792-4d27-abdf-f9fbb769a96a"
    [35mexpectedTurnNumber[39m: 3
    [35moperationKind[39m: "append"
    [35mjobAttempt[39m: 1
    [35mworkerId[39m: "synthetic-story-6e20404f-0a7d-4e59-bc90-d4682d9d3a4d"
    [35mphase[39m: "orchestration_loading"
    [35mtotalDurationMs[39m: 40
[2026-09-21 14:42:39.397 -0400] [32mINFO[39m:
    [35mevent[39m: "turn_generation_phase_completed"
    [35mgenerationJobId[39m: "48e6945d-edc8-42a1-8915-d44f84feec82"
    [35mcampaignId[39m: "0218c137-31e6-41e9-a15f-2f7f5281721f"
    [35mproviderProfileId[39m: "d2863379-9792-4d27-abdf-f9fbb769a96a"
    [35mexpectedTurnNumber[39m: 3
    [35moperationKind[39m: "append"
    [35mjobAttempt[39m: 1
    [35mworkerId[39m: "synthetic-story-6e20404f-0a7d-4e59-bc90-d4682d9d3a4d"
    [35mphase[39m: "orchestration_loading"
    [35mdurationMs[39m: 0
    [35mtotalDurationMs[39m: 40
[2026-09-21 14:42:39.397 -0400] [32mINFO[39m:
    [35mevent[39m: "turn_generation_phase_started"
    [35mgenerationJobId[39m: "48e6945d-edc8-42a1-8915-d44f84feec82"
    [35mcampaignId[39m: "0218c137-31e6-41e9-a15f-2f7f5281721f"
    [35mproviderProfileId[39m: "d2863379-9792-4d27-abdf-f9fbb769a96a"
    [35mexpectedTurnNumber[39m: 3
    [35moperationKind[39m: "append"
    [35mjobAttempt[39m: 1
    [35mworkerId[39m: "synthetic-story-6e20404f-0a7d-4e59-bc90-d4682d9d3a4d"
    [35mphase[39m: "rpg_assessment"
    [35mtotalDurationMs[39m: 40
[2026-09-21 14:42:39.401 -0400] [32mINFO[39m:
    [35mevent[39m: "turn_generation_phase_completed"
    [35mgenerationJobId[39m: "48e6945d-edc8-42a1-8915-d44f84feec82"
    [35mcampaignId[39m: "0218c137-31e6-41e9-a15f-2f7f5281721f"
    [35mproviderProfileId[39m: "d2863379-9792-4d27-abdf-f9fbb769a96a"
    [35mexpectedTurnNumber[39m: 3
    [35moperationKind[39m: "append"
    [35mjobAttempt[39m: 1
    [35mworkerId[39m: "synthetic-story-6e20404f-0a7d-4e59-bc90-d4682d9d3a4d"
    [35mphase[39m: "rpg_assessment"
    [35mdurationMs[39m: 4
    [35mtotalDurationMs[39m: 44
[2026-09-21 14:42:39.401 -0400] [32mINFO[39m:
    [35mevent[39m: "turn_generation_phase_started"
    [35mgenerationJobId[39m: "48e6945d-edc8-42a1-8915-d44f84feec82"
    [35mcampaignId[39m: "0218c137-31e6-41e9-a15f-2f7f5281721f"
    [35mproviderProfileId[39m: "d2863379-9792-4d27-abdf-f9fbb769a96a"
    [35mexpectedTurnNumber[39m: 3
    [35moperationKind[39m: "append"
    [35mjobAttempt[39m: 1
    [35mworkerId[39m: "synthetic-story-6e20404f-0a7d-4e59-bc90-d4682d9d3a4d"
    [35mphase[39m: "before_event_evaluation"
    [35mtotalDurationMs[39m: 44
[2026-09-21 14:42:39.406 -0400] [32mINFO[39m:
    [35mevent[39m: "turn_generation_phase_completed"
    [35mgenerationJobId[39m: "48e6945d-edc8-42a1-8915-d44f84feec82"
    [35mcampaignId[39m: "0218c137-31e6-41e9-a15f-2f7f5281721f"
    [35mproviderProfileId[39m: "d2863379-9792-4d27-abdf-f9fbb769a96a"
    [35mexpectedTurnNumber[39m: 3
    [35moperationKind[39m: "append"
    [35mjobAttempt[39m: 1
    [35mworkerId[39m: "synthetic-story-6e20404f-0a7d-4e59-bc90-d4682d9d3a4d"
    [35mphase[39m: "before_event_evaluation"
    [35mdurationMs[39m: 5
    [35mtotalDurationMs[39m: 49
[2026-09-21 14:42:39.406 -0400] [32mINFO[39m:
    [35mevent[39m: "turn_generation_phase_started"
    [35mgenerationJobId[39m: "48e6945d-edc8-42a1-8915-d44f84feec82"
    [35mcampaignId[39m: "0218c137-31e6-41e9-a15f-2f7f5281721f"
    [35mproviderProfileId[39m: "d2863379-9792-4d27-abdf-f9fbb769a96a"
    [35mexpectedTurnNumber[39m: 3
    [35moperationKind[39m: "append"
    [35mjobAttempt[39m: 1
    [35mworkerId[39m: "synthetic-story-6e20404f-0a7d-4e59-bc90-d4682d9d3a4d"
    [35mphase[39m: "prompt_preparation"
    [35mtotalDurationMs[39m: 49
[2026-09-21 14:42:39.410 -0400] [32mINFO[39m:
    [35mevent[39m: "turn_generation_phase_completed"
    [35mgenerationJobId[39m: "48e6945d-edc8-42a1-8915-d44f84feec82"
    [35mcampaignId[39m: "0218c137-31e6-41e9-a15f-2f7f5281721f"
    [35mproviderProfileId[39m: "d2863379-9792-4d27-abdf-f9fbb769a96a"
    [35mexpectedTurnNumber[39m: 3
    [35moperationKind[39m: "append"
    [35mjobAttempt[39m: 1
    [35mworkerId[39m: "synthetic-story-6e20404f-0a7d-4e59-bc90-d4682d9d3a4d"
    [35mphase[39m: "prompt_preparation"
    [35mdurationMs[39m: 4
    [35mtotalDurationMs[39m: 53
[2026-09-21 14:42:39.411 -0400] [32mINFO[39m:
    [35mevent[39m: "turn_generation_phase_started"
    [35mgenerationJobId[39m: "48e6945d-edc8-42a1-8915-d44f84feec82"
    [35mcampaignId[39m: "0218c137-31e6-41e9-a15f-2f7f5281721f"
    [35mproviderProfileId[39m: "d2863379-9792-4d27-abdf-f9fbb769a96a"
    [35mexpectedTurnNumber[39m: 3
    [35moperationKind[39m: "append"
    [35mjobAttempt[39m: 1
    [35mworkerId[39m: "synthetic-story-6e20404f-0a7d-4e59-bc90-d4682d9d3a4d"
    [35mphase[39m: "streaming_illustration_setup"
    [35mtotalDurationMs[39m: 54
[2026-09-21 14:42:39.412 -0400] [32mINFO[39m:
    [35mevent[39m: "turn_generation_phase_completed"
    [35mgenerationJobId[39m: "48e6945d-edc8-42a1-8915-d44f84feec82"
    [35mcampaignId[39m: "0218c137-31e6-41e9-a15f-2f7f5281721f"
    [35mproviderProfileId[39m: "d2863379-9792-4d27-abdf-f9fbb769a96a"
    [35mexpectedTurnNumber[39m: 3
    [35moperationKind[39m: "append"
    [35mjobAttempt[39m: 1
    [35mworkerId[39m: "synthetic-story-6e20404f-0a7d-4e59-bc90-d4682d9d3a4d"
    [35mphase[39m: "streaming_illustration_setup"
    [35mdurationMs[39m: 1
    [35mtotalDurationMs[39m: 55
[2026-09-21 14:42:39.417 -0400] [32mINFO[39m:
    [35mevent[39m: "turn_generation_phase_started"
    [35mgenerationJobId[39m: "48e6945d-edc8-42a1-8915-d44f84feec82"
    [35mcampaignId[39m: "0218c137-31e6-41e9-a15f-2f7f5281721f"
    [35mproviderProfileId[39m: "d2863379-9792-4d27-abdf-f9fbb769a96a"
    [35mexpectedTurnNumber[39m: 3
    [35moperationKind[39m: "append"
    [35mjobAttempt[39m: 1
    [35mworkerId[39m: "synthetic-story-6e20404f-0a7d-4e59-bc90-d4682d9d3a4d"
    [35mphase[39m: "story_generation"
    [35mtotalDurationMs[39m: 60
[2026-09-21 14:42:39.417 -0400] [32mINFO[39m:
    [35mevent[39m: "turn_generation_provider_started"
    [35mgenerationJobId[39m: "48e6945d-edc8-42a1-8915-d44f84feec82"
    [35mcampaignId[39m: "0218c137-31e6-41e9-a15f-2f7f5281721f"
    [35mproviderProfileId[39m: "d2863379-9792-4d27-abdf-f9fbb769a96a"
    [35mexpectedTurnNumber[39m: 3
    [35moperationKind[39m: "append"
    [35mjobAttempt[39m: 1
    [35mstoryOperation[39m: "story_generation"
    [35mproviderType[39m: "openai_compatible"
    [35mrequestedModel[39m: "synthetic-text-model"
    [35mstreaming[39m: false
    [35mrecovery[39m: false
[2026-09-21 14:42:39.424 -0400] [32mINFO[39m:
    [35mevent[39m: "turn_generation_provider_completed"
    [35mgenerationJobId[39m: "48e6945d-edc8-42a1-8915-d44f84feec82"
    [35mcampaignId[39m: "0218c137-31e6-41e9-a15f-2f7f5281721f"
    [35mproviderProfileId[39m: "d2863379-9792-4d27-abdf-f9fbb769a96a"
    [35mexpectedTurnNumber[39m: 3
    [35moperationKind[39m: "append"
    [35mjobAttempt[39m: 1
    [35mstoryOperation[39m: "story_generation"
    [35mproviderType[39m: "openai_compatible"
    [35mrequestedModel[39m: "synthetic-text-model"
    [35mstreaming[39m: false
    [35mrecovery[39m: false
    [35mproviderResponseId[39m: "8e22f040-09a1-4e3d-85d4-1e12d6bc5dc7"
    [35mfinishReason[39m: "stop"
    [35moutputLimited[39m: false
    [35mmodelInstanceId[39m: "synthetic-text-model"
    [35minputTokens[39m: 500
    [35moutputTokens[39m: 150
    [35mtotalTokens[39m: 650
    [35mdurationMs[39m: 7
[2026-09-21 14:42:39.424 -0400] [32mINFO[39m:
    [35mevent[39m: "turn_generation_phase_completed"
    [35mgenerationJobId[39m: "48e6945d-edc8-42a1-8915-d44f84feec82"
    [35mcampaignId[39m: "0218c137-31e6-41e9-a15f-2f7f5281721f"
    [35mproviderProfileId[39m: "d2863379-9792-4d27-abdf-f9fbb769a96a"
    [35mexpectedTurnNumber[39m: 3
    [35moperationKind[39m: "append"
    [35mjobAttempt[39m: 1
    [35mworkerId[39m: "synthetic-story-6e20404f-0a7d-4e59-bc90-d4682d9d3a4d"
    [35mphase[39m: "story_generation"
    [35mdurationMs[39m: 7
    [35mtotalDurationMs[39m: 67
[2026-09-21 14:42:39.434 -0400] [32mINFO[39m:
    [35mevent[39m: "turn_generation_phase_started"
    [35mgenerationJobId[39m: "48e6945d-edc8-42a1-8915-d44f84feec82"
    [35mcampaignId[39m: "0218c137-31e6-41e9-a15f-2f7f5281721f"
    [35mproviderProfileId[39m: "d2863379-9792-4d27-abdf-f9fbb769a96a"
    [35mexpectedTurnNumber[39m: 3
    [35moperationKind[39m: "append"
    [35mjobAttempt[39m: 1
    [35mworkerId[39m: "synthetic-story-6e20404f-0a7d-4e59-bc90-d4682d9d3a4d"
    [35mphase[39m: "story_validation"
    [35mtotalDurationMs[39m: 77
[2026-09-21 14:42:39.436 -0400] [32mINFO[39m:
    [35mevent[39m: "turn_generation_validation_completed"
    [35mgenerationJobId[39m: "48e6945d-edc8-42a1-8915-d44f84feec82"
    [35mcampaignId[39m: "0218c137-31e6-41e9-a15f-2f7f5281721f"
    [35mproviderProfileId[39m: "d2863379-9792-4d27-abdf-f9fbb769a96a"
    [35mexpectedTurnNumber[39m: 3
    [35moperationKind[39m: "append"
    [35mjobAttempt[39m: 1
    [35mworkerId[39m: "synthetic-story-6e20404f-0a7d-4e59-bc90-d4682d9d3a4d"
    [35mstoryOperation[39m: "story_generation"
    [35mvalid[39m: true
    [35moutputLimited[39m: false
    [35mvalidationCode[39m: null
    [35mvalidationErrorCount[39m: 0
    [35mattemptNumber[39m: 1
[2026-09-21 14:42:39.439 -0400] [32mINFO[39m:
    [35mevent[39m: "turn_generation_phase_completed"
    [35mgenerationJobId[39m: "48e6945d-edc8-42a1-8915-d44f84feec82"
    [35mcampaignId[39m: "0218c137-31e6-41e9-a15f-2f7f5281721f"
    [35mproviderProfileId[39m: "d2863379-9792-4d27-abdf-f9fbb769a96a"
    [35mexpectedTurnNumber[39m: 3
    [35moperationKind[39m: "append"
    [35mjobAttempt[39m: 1
    [35mworkerId[39m: "synthetic-story-6e20404f-0a7d-4e59-bc90-d4682d9d3a4d"
    [35mphase[39m: "story_validation"
    [35mdurationMs[39m: 5
    [35mtotalDurationMs[39m: 82
[2026-09-21 14:42:39.446 -0400] [32mINFO[39m:
    [35mevent[39m: "turn_generation_phase_started"
    [35mgenerationJobId[39m: "48e6945d-edc8-42a1-8915-d44f84feec82"
    [35mcampaignId[39m: "0218c137-31e6-41e9-a15f-2f7f5281721f"
    [35mproviderProfileId[39m: "d2863379-9792-4d27-abdf-f9fbb769a96a"
    [35mexpectedTurnNumber[39m: 3
    [35moperationKind[39m: "append"
    [35mjobAttempt[39m: 1
    [35mworkerId[39m: "synthetic-story-6e20404f-0a7d-4e59-bc90-d4682d9d3a4d"
    [35mphase[39m: "after_event_evaluation"
    [35mtotalDurationMs[39m: 89
[2026-09-21 14:42:39.452 -0400] [32mINFO[39m:
    [35mevent[39m: "turn_generation_phase_completed"
    [35mgenerationJobId[39m: "48e6945d-edc8-42a1-8915-d44f84feec82"
    [35mcampaignId[39m: "0218c137-31e6-41e9-a15f-2f7f5281721f"
    [35mproviderProfileId[39m: "d2863379-9792-4d27-abdf-f9fbb769a96a"
    [35mexpectedTurnNumber[39m: 3
    [35moperationKind[39m: "append"
    [35mjobAttempt[39m: 1
    [35mworkerId[39m: "synthetic-story-6e20404f-0a7d-4e59-bc90-d4682d9d3a4d"
    [35mphase[39m: "after_event_evaluation"
    [35mdurationMs[39m: 6
    [35mtotalDurationMs[39m: 95
[2026-09-21 14:42:39.456 -0400] [32mINFO[39m:
    [35mevent[39m: "turn_generation_phase_started"
    [35mgenerationJobId[39m: "48e6945d-edc8-42a1-8915-d44f84feec82"
    [35mcampaignId[39m: "0218c137-31e6-41e9-a15f-2f7f5281721f"
    [35mproviderProfileId[39m: "d2863379-9792-4d27-abdf-f9fbb769a96a"
    [35mexpectedTurnNumber[39m: 3
    [35moperationKind[39m: "append"
    [35mjobAttempt[39m: 1
    [35mworkerId[39m: "synthetic-story-6e20404f-0a7d-4e59-bc90-d4682d9d3a4d"
    [35mphase[39m: "turn_commit"
    [35mtotalDurationMs[39m: 99
[2026-09-21 14:42:39.487 -0400] [32mINFO[39m:
    [35mevent[39m: "turn_generation_phase_completed"
    [35mgenerationJobId[39m: "48e6945d-edc8-42a1-8915-d44f84feec82"
    [35mcampaignId[39m: "0218c137-31e6-41e9-a15f-2f7f5281721f"
    [35mproviderProfileId[39m: "d2863379-9792-4d27-abdf-f9fbb769a96a"
    [35mexpectedTurnNumber[39m: 3
    [35moperationKind[39m: "append"
    [35mjobAttempt[39m: 1
    [35mworkerId[39m: "synthetic-story-6e20404f-0a7d-4e59-bc90-d4682d9d3a4d"
    [35mphase[39m: "turn_commit"
    [35mdurationMs[39m: 31
    [35mtotalDurationMs[39m: 130
[2026-09-21 14:42:39.487 -0400] [32mINFO[39m:
    [35mevent[39m: "turn_generation_completed"
    [35mgenerationJobId[39m: "48e6945d-edc8-42a1-8915-d44f84feec82"
    [35mcampaignId[39m: "0218c137-31e6-41e9-a15f-2f7f5281721f"
    [35mproviderProfileId[39m: "d2863379-9792-4d27-abdf-f9fbb769a96a"
    [35mexpectedTurnNumber[39m: 3
    [35moperationKind[39m: "append"
    [35mjobAttempt[39m: 1
    [35mworkerId[39m: "synthetic-story-6e20404f-0a7d-4e59-bc90-d4682d9d3a4d"
    [35mresultTurnId[39m: "e7937994-8e41-4818-8f68-fb2b397a5888"
    [35mproviderResponseId[39m: "8e22f040-09a1-4e3d-85d4-1e12d6bc5dc7"
    [35mfinishReason[39m: "stop"
    [35mchronicleRetrieval[39m: {
      "configuredImplementation": "legacy_hybrid",
      "effectiveImplementation": "legacy_hybrid",
      "effectiveMode": "lexical_only",
      "providerSource": "text_fallback",
      "providerType": "openai_compatible",
      "model": "synthetic-text-model",
      "queryVectorPath": "provider_only",
      "providerCallOutcome": "failed",
      "fallbackCode": "semantic_retrieval_unavailable"
    }
    [35mdurationMs[39m: 130
[2026-09-21 14:42:41.938 -0400] [32mINFO[39m:
    [35mevent[39m: "database_migration"
    [35mmessage[39m: "> Migrating files:"
[2026-09-21 14:42:41.938 -0400] [32mINFO[39m:
    [35mevent[39m: "database_migration"
    [35mmessage[39m: "> - 0001_initial_nexus"
[2026-09-21 14:42:41.938 -0400] [32mINFO[39m:
    [35mevent[39m: "database_migration"
    [35mmessage[39m: "> - 0002_owner_scope_constraints"
[2026-09-21 14:42:41.938 -0400] [32mINFO[39m:
    [35mevent[39m: "database_migration"
    [35mmessage[39m: "> - 0003_asset_references"
[2026-09-21 14:42:41.938 -0400] [32mINFO[39m:
    [35mevent[39m: "database_migration"
    [35mmessage[39m: "> - 0004_chronicle_job_deduplication"
[2026-09-21 14:42:41.938 -0400] [32mINFO[39m:
    [35mevent[39m: "database_migration"
    [35mmessage[39m: "> - 0005_story_engine"
[2026-09-21 14:42:41.938 -0400] [32mINFO[39m:
    [35mevent[39m: "database_migration"
    [35mmessage[39m: "> - 0006_typed_story_orchestration"
[2026-09-21 14:42:41.938 -0400] [32mINFO[39m:
    [35mevent[39m: "database_migration"
    [35mmessage[39m: "> - 0007_semantic_chronicle"
[2026-09-21 14:42:41.938 -0400] [32mINFO[39m:
    [35mevent[39m: "database_migration"
    [35mmessage[39m: "> - 0008_world_library"
[2026-09-21 14:42:41.938 -0400] [32mINFO[39m:
    [35mevent[39m: "database_migration"
    [35mmessage[39m: "> - 0009_illustration_pipeline"
[2026-09-21 14:42:41.938 -0400] [32mINFO[39m:
    [35mevent[39m: "database_migration"
    [35mmessage[39m: "> - 0010_provider_profile_defaults"
[2026-09-21 14:42:41.938 -0400] [32mINFO[39m:
    [35mevent[39m: "database_migration"
    [35mmessage[39m: "> - 0011_embedding_model_default"
[2026-09-21 14:42:41.938 -0400] [32mINFO[39m:
    [35mevent[39m: "database_migration"
    [35mmessage[39m: "> - 0012_dynamic_chronicle"
[2026-09-21 14:42:41.938 -0400] [32mINFO[39m:
    [35mevent[39m: "database_migration"
    [35mmessage[39m: "> - 0013_campaign_story_length"
[2026-09-21 14:42:41.938 -0400] [32mINFO[39m:
    [35mevent[39m: "database_migration"
    [35mmessage[39m: "> - 0014_generation_progress"
[2026-09-21 14:42:41.938 -0400] [32mINFO[39m:
    [35mevent[39m: "database_migration"
    [35mmessage[39m: "> - 0015_campaign_cost_events"
[2026-09-21 14:42:41.938 -0400] [32mINFO[39m:
    [35mevent[39m: "database_migration"
    [35mmessage[39m: "> - 0016_provider_request_timeout"
[2026-09-21 14:42:41.938 -0400] [32mINFO[39m:
    [35mevent[39m: "database_migration"
    [35mmessage[39m: "> - 0017_campaign_characters"
[2026-09-21 14:42:41.938 -0400] [32mINFO[39m:
    [35mevent[39m: "database_migration"
    [35mmessage[39m: "> - 0018_initial_state_snapshot"
[2026-09-21 14:42:41.938 -0400] [32mINFO[39m:
    [35mevent[39m: "database_migration"
    [35mmessage[39m: "> - 0019_multi_tenant_hardening"
[2026-09-21 14:42:41.938 -0400] [32mINFO[39m:
    [35mevent[39m: "database_migration"
    [35mmessage[39m: "> - 0020_user_settings"
[2026-09-21 14:42:41.938 -0400] [32mINFO[39m:
    [35mevent[39m: "database_migration"
    [35mmessage[39m: "> - 0021_world_version_deletion"
[2026-09-21 14:42:41.938 -0400] [32mINFO[39m:
    [35mevent[39m: "database_migration"
    [35mmessage[39m: "> - 0022_campaign_state_revisions"
[2026-09-21 14:42:41.938 -0400] [32mINFO[39m:
    [35mevent[39m: "database_migration"
    [35mmessage[39m: "> - 0023_durable_generation_replacement"
[2026-09-21 14:42:41.938 -0400] [32mINFO[39m:
    [35mevent[39m: "database_migration"
    [35mmessage[39m: "> - 0024_structured_canonical_facts"
[2026-09-21 14:42:41.938 -0400] [32mINFO[39m:
    [35mevent[39m: "database_migration"
    [35mmessage[39m: "> - 0025_asset_reference_lifecycle"
[2026-09-21 14:42:41.938 -0400] [32mINFO[39m:
    [35mevent[39m: "database_migration"
    [35mmessage[39m: "> - 0026_campaign_world_transfers"
[2026-09-21 14:42:41.938 -0400] [32mINFO[39m:
    [35mevent[39m: "database_migration"
    [35mmessage[39m: "> - 0027_turn_intent_provider_role"
[2026-09-21 14:42:41.938 -0400] [32mINFO[39m:
    [35mevent[39m: "database_migration"
    [35mmessage[39m: "> - 0028_turn_input_modes"
[2026-09-21 14:42:41.939 -0400] [32mINFO[39m:
    [35mevent[39m: "database_migration"
    [35mmessage[39m: "> - 0029_durable_image_provider_jobs"
[2026-09-21 14:42:41.939 -0400] [32mINFO[39m:
    [35mevent[39m: "database_migration"
    [35mmessage[39m: "> - 0030_world_cover_image_jobs"
[2026-09-21 14:42:41.939 -0400] [32mINFO[39m:
    [35mevent[39m: "database_migration"
    [35mmessage[39m: "> - 0031_context_aware_image_library"
[2026-09-21 14:42:41.939 -0400] [32mINFO[39m:
    [35mevent[39m: "database_migration"
    [35mmessage[39m: "> - 0032_sogni_sdk_provider"
[2026-09-21 14:42:41.939 -0400] [32mINFO[39m:
    [35mevent[39m: "database_migration"
    [35mmessage[39m: "> - 0033_segmented_turn_illustrations"
[2026-09-21 14:42:41.939 -0400] [32mINFO[39m:
    [35mevent[39m: "database_migration"
    [35mmessage[39m: "> - 0034_campaign_illustration_refinement_instructions"
[2026-09-21 14:42:41.939 -0400] [32mINFO[39m:
    [35mevent[39m: "database_migration"
    [35mmessage[39m: "> - 0035_campaign_illustration_refinement_prompt"
[2026-09-21 14:42:41.939 -0400] [32mINFO[39m:
    [35mevent[39m: "database_migration"
    [35mmessage[39m: "> - 0036_structured_character_profiles"
[2026-09-21 14:42:41.939 -0400] [32mINFO[39m:
    [35mevent[39m: "database_migration"
    [35mmessage[39m: "> - 0037_prompt_library"
[2026-09-21 14:42:41.939 -0400] [32mINFO[39m:
    [35mevent[39m: "database_migration"
    [35mmessage[39m: "> - 0038_prompt_library_hardening"
[2026-09-21 14:42:41.939 -0400] [32mINFO[39m:
    [35mevent[39m: "database_migration"
    [35mmessage[39m: "> - 0039_chronicle_entity_identity"
[2026-09-21 14:42:41.939 -0400] [32mINFO[39m:
    [35mevent[39m: "database_migration"
    [35mmessage[39m: "> - 0040_streaming_illustration_pipeline"
[2026-09-21 14:42:41.939 -0400] [32mINFO[39m:
    [35mevent[39m: "database_migration"
    [35mmessage[39m: "> - 0041_allow_streaming_asset_contexts"
[2026-09-21 14:42:41.939 -0400] [32mINFO[39m:
    [35mevent[39m: "database_migration"
    [35mmessage[39m: "> - 0042_json_illustration_refinement_prompt"
[2026-09-21 14:42:41.939 -0400] [32mINFO[39m:
    [35mevent[39m: "database_migration"
    [35mmessage[39m: "> - 0043_world_generation_progress"
[2026-09-21 14:42:41.939 -0400] [32mINFO[39m:
    [35mevent[39m: "database_migration"
    [35mmessage[39m: "> - 0044_api_admission_control"
[2026-09-21 14:42:41.939 -0400] [32mINFO[39m:
    [35mevent[39m: "database_migration"
    [35mmessage[39m: "> - 0045_archive_previews"
[2026-09-21 14:42:41.939 -0400] [32mINFO[39m:
    [35mevent[39m: "database_migration"
    [35mmessage[39m: "> - 0046_archive_preview_superseded"
[2026-09-21 14:42:41.939 -0400] [32mINFO[39m:
    [35mevent[39m: "database_migration"
    [35mmessage[39m: "> - 0047_full_campaign_state_corrections"
[2026-09-21 14:42:41.939 -0400] [32mINFO[39m:
    [35mevent[39m: "database_migration"
    [35mmessage[39m: "> - 0048_cascade_streaming_image_jobs"
[2026-09-21 14:42:41.939 -0400] [32mINFO[39m:
    [35mevent[39m: "database_migration"
    [35mmessage[39m: "> - 0049_cancelled_generation_jobs"
[2026-09-21 14:42:41.939 -0400] [32mINFO[39m:
    [35mevent[39m: "database_migration"
    [35mmessage[39m: "> - 0050_cancel_provisional_illustration_children"
[2026-09-21 14:42:41.939 -0400] [32mINFO[39m:
    [35mevent[39m: "database_migration"
    [35mmessage[39m: "> - 0051_preserve_replacement_turn_provenance"
[2026-09-21 14:42:41.939 -0400] [32mINFO[39m:
    [35mevent[39m: "database_migration"
    [35mmessage[39m: "> - 0052_generation_job_notifications"
[2026-09-21 14:42:41.939 -0400] [32mINFO[39m:
    [35mevent[39m: "database_migration"
    [35mmessage[39m: "> - 0053_durable_asset_portable_operations"
[2026-09-21 14:42:41.939 -0400] [32mINFO[39m:
    [35mevent[39m: "database_migration"
    [35mmessage[39m: "> - 0054_private_filesystem_authority"
[2026-09-21 14:42:41.939 -0400] [32mINFO[39m:
    [35mevent[39m: "database_migration"
    [35mmessage[39m: "> - 0055_private_portable_repository_guards"
[2026-09-21 14:42:41.939 -0400] [32mINFO[39m:
    [35mevent[39m: "database_migration"
    [35mmessage[39m: "> - 0056_private_filesystem_current_clock"
[2026-09-21 14:42:41.939 -0400] [32mINFO[39m:
    [35mevent[39m: "database_migration"
    [35mmessage[39m: "> - 0057_finalized_asset_delivery_authority"
[2026-09-21 14:42:41.939 -0400] [32mINFO[39m:
    [35mevent[39m: "database_migration"
    [35mmessage[39m: "> - 0058_secure_storage_lifecycle"
[2026-09-21 14:42:41.939 -0400] [32mINFO[39m:
    [35mevent[39m: "database_migration"
    [35mmessage[39m: "> - 0059_secure_storage_target_intent"
[2026-09-21 14:42:41.939 -0400] [32mINFO[39m:
    [35mevent[39m: "database_migration"
    [35mmessage[39m: "> - 0060_asset_publication_identities"
[2026-09-21 14:42:41.939 -0400] [32mINFO[39m:
    [35mevent[39m: "database_migration"
    [35mmessage[39m: "> - 0061_portable_import_composition"
[2026-09-21 14:42:41.939 -0400] [32mINFO[39m:
    [35mevent[39m: "database_migration"
    [35mmessage[39m: "> - 0062_portable_import_asset_publications"
[2026-09-21 14:42:41.939 -0400] [32mINFO[39m:
    [35mevent[39m: "database_migration"
    [35mmessage[39m: "> - 0063_portable_legacy_story_asset_publications"
[2026-09-21 14:42:41.939 -0400] [32mINFO[39m:
    [35mevent[39m: "database_migration"
    [35mmessage[39m: "> - 0064_normalized_asset_publication_requests"
[2026-09-21 14:42:41.939 -0400] [32mINFO[39m:
    [35mevent[39m: "database_migration"
    [35mmessage[39m: "> - 0065_illustration_asset_publications"
[2026-09-21 14:42:41.939 -0400] [32mINFO[39m:
    [35mevent[39m: "database_migration"
    [35mmessage[39m: "> - 0066_portable_normalized_asset_publications"
[2026-09-21 14:42:41.939 -0400] [32mINFO[39m:
    [35mevent[39m: "database_migration"
    [35mmessage[39m: "> - 0067_asset_metadata_backfill_executor"
[2026-09-21 14:42:41.939 -0400] [32mINFO[39m:
    [35mevent[39m: "database_migration"
    [35mmessage[39m: "> - 0068_portable_legacy_story_create_world"
[2026-09-21 14:42:41.939 -0400] [32mINFO[39m:
    [35mevent[39m: "database_migration"
    [35mmessage[39m: "> - 0069_import_progress_status"
[2026-09-21 14:42:41.939 -0400] [32mINFO[39m:
    [35mevent[39m: "database_migration"
    [35mmessage[39m: "> - 0070_turn_narration_corrections"
[2026-09-21 14:42:41.939 -0400] [32mINFO[39m:
    [35mevent[39m: "database_migration"
    [35mmessage[39m: "> - 0071_world_share_links"
[2026-09-21 14:42:41.939 -0400] [32mINFO[39m:
    [35mevent[39m: "database_migration"
    [35mmessage[39m: "> - 0072_chronicle_memory_chunks"
[2026-09-21 14:42:41.939 -0400] [32mINFO[39m:
    [35mevent[39m: "database_migration"
    [35mmessage[39m: "> - 0073_chronicle_chunk_job_fencing"
[2026-09-21 14:42:41.939 -0400] [32mINFO[39m:
    [35mevent[39m: "database_migration"
    [35mmessage[39m: "> - 0074_chronicle_retrieval_observability"
[2026-09-21 14:42:41.939 -0400] [32mINFO[39m:
    [35mevent[39m: "database_migration"
    [35mmessage[39m: "> - 0075_chronicle_query_embedding_cache"
[2026-09-21 14:42:41.939 -0400] [32mINFO[39m:
    [35mevent[39m: "database_migration"
    [35mmessage[39m: "> - 0076_chronicle_chunk_skip_reasons"
[2026-09-21 14:42:41.939 -0400] [32mINFO[39m:
    [35mevent[39m: "database_migration"
    [35mmessage[39m: "> - 0077_chronicle_chunk_processed_signature"
[2026-09-21 14:42:41.939 -0400] [32mINFO[39m:
    [35mevent[39m: "database_migration"
    [35mmessage[39m: "> - 0078_system_archive_jobs"
[2026-09-21 14:42:41.939 -0400] [32mINFO[39m:
    [35mevent[39m: "database_migration"
    [35mmessage[39m: "> - 0079_resumable_system_archive_uploads"
[2026-09-21 14:42:41.939 -0400] [32mINFO[39m:
    [35mevent[39m: "database_migration"
    [35mmessage[39m: "> - 0080_published_asset_derivative_reservations"
[2026-09-21 14:42:41.939 -0400] [32mINFO[39m:
    [35mevent[39m: "database_migration"
    [35mmessage[39m: "> - 0081_campaign_story_context_budget"
[2026-09-21 14:42:41.939 -0400] [32mINFO[39m:
    [35mevent[39m: "database_migration"
    [35mmessage[39m: "> - 0082_turn_zero_state_correction_facts"
[2026-09-21 14:42:41.939 -0400] [32mINFO[39m:
    [35mevent[39m: "database_migration"
    [35mmessage[39m: "> - 0083_cleaned_campaign_export_deletion"
[2026-09-21 14:42:41.939 -0400] [32mINFO[39m:
    [35mevent[39m: "database_migration"
    [35mmessage[39m: "> - 0084_generation_authority_identity"
[2026-09-21 14:42:41.939 -0400] [32mINFO[39m:
    [35mevent[39m: "database_migration"
    [35mmessage[39m: "> - 0085_prompt_override_compatibility_acknowledgements"
[2026-09-21 14:42:41.939 -0400] [32mINFO[39m:
    [35mevent[39m: "database_migration"
    [35mmessage[39m: "> - 0086_prompt_override_protocol_acknowledgements"
[2026-09-21 14:42:41.939 -0400] [32mINFO[39m:
    [35mevent[39m: "database_migration"
    [35mmessage[39m: "> - 0087_chronicle_query_cache_access_sequence"
[2026-09-21 14:42:41.939 -0400] [32mINFO[39m:
    [35mevent[39m: "database_migration"
    [35mmessage[39m: "> - 0088_expand_campaign_story_context_budget"
[2026-09-21 14:42:41.939 -0400] [32mINFO[39m:
    [35mevent[39m: "database_migration"
    [35mmessage[39m: "> - 0089_authoring_jobs"
[2026-09-21 14:42:41.939 -0400] [32mINFO[39m:
    [35mevent[39m: "database_migration"
    [35mmessage[39m: "> - 0090_authoring_apply_review_selection"
[2026-09-21 14:42:41.939 -0400] [32mINFO[39m:
    [35mevent[39m: "database_migration"
    [35mmessage[39m: "> - 0091_story_source_authoring"
[2026-09-21 14:42:41.939 -0400] [32mINFO[39m:
    [35mevent[39m: "database_migration"
    [35mmessage[39m: "> - 0092_source_synthesis_review_fence"
[2026-09-21 14:42:41.939 -0400] [32mINFO[39m:
    [35mevent[39m: "database_migration"
    [35mmessage[39m: "> - 0093_portable_source_material_authority_paths"
[2026-09-21 14:42:41.939 -0400] [32mINFO[39m:
    [35mevent[39m: "database_migration"
    [35mmessage[39m: "> - 0094_story_generation_policy"
[2026-09-21 14:42:41.939 -0400] [32mINFO[39m:
    [35mevent[39m: "database_migration"
    [35mmessage[39m: "> - 0095_story_memory_capability_enrollment"
[2026-09-21 14:42:41.939 -0400] [32mINFO[39m:
    [35mevent[39m: "database_migration"
    [35mmessage[39m: "> - 0096_campaign_memory_defaults"
[2026-09-21 14:42:41.939 -0400] [32mINFO[39m:
    [35mevent[39m: "database_migration"
    [35mmessage[39m: "> - 0097_provider_text_selection"
[2026-09-21 14:42:41.939 -0400] [32mINFO[39m:
    [35mevent[39m: "database_migration"
    [35mmessage[39m: "> - 0098_illustration_text_execution_snapshot"
[2026-09-21 14:42:41.939 -0400] [32mINFO[39m:
    [35mevent[39m: "database_migration"
    [35mmessage[39m: "> - 0099_worker_text_plan_protocol_fences"
[2026-09-21 14:42:41.939 -0400] [32mINFO[39m:
    [35mevent[39m: "database_migration"
    [35mmessage[39m: "> - 0100_prepared_text_physical_attempts"
[2026-09-21 14:42:41.939 -0400] [32mINFO[39m:
    [35mevent[39m: "database_migration"
    [35mmessage[39m: "> - 0101_durable_campaign_physical_attempt_costs"
[2026-09-21 14:42:41.940 -0400] [32mINFO[39m:
    [35mevent[39m: "database_migration"
    [35mmessage[39m: "### MIGRATION 0001_initial_nexus (UP) ###"
[2026-09-21 14:42:41.961 -0400] [32mINFO[39m:
    [35mevent[39m: "database_migration"
    [35mmessage[39m: "### MIGRATION 0002_owner_scope_constraints (UP) ###"
[2026-09-21 14:42:41.965 -0400] [32mINFO[39m:
    [35mevent[39m: "database_migration"
    [35mmessage[39m: "### MIGRATION 0003_asset_references (UP) ###"
[2026-09-21 14:42:41.967 -0400] [32mINFO[39m:
    [35mevent[39m: "database_migration"
    [35mmessage[39m: "### MIGRATION 0004_chronicle_job_deduplication (UP) ###"
[2026-09-21 14:42:41.969 -0400] [32mINFO[39m:
    [35mevent[39m: "database_migration"
    [35mmessage[39m: "### MIGRATION 0005_story_engine (UP) ###"
[2026-09-21 14:42:41.976 -0400] [32mINFO[39m:
    [35mevent[39m: "database_migration"
    [35mmessage[39m: "### MIGRATION 0006_typed_story_orchestration (UP) ###"
[2026-09-21 14:42:41.979 -0400] [32mINFO[39m:
    [35mevent[39m: "database_migration"
    [35mmessage[39m: "### MIGRATION 0007_semantic_chronicle (UP) ###"
[2026-09-21 14:42:41.983 -0400] [32mINFO[39m:
    [35mevent[39m: "database_migration"
    [35mmessage[39m: "### MIGRATION 0008_world_library (UP) ###"
[2026-09-21 14:42:41.987 -0400] [32mINFO[39m:
    [35mevent[39m: "database_migration"
    [35mmessage[39m: "### MIGRATION 0009_illustration_pipeline (UP) ###"
[2026-09-21 14:42:41.992 -0400] [32mINFO[39m:
    [35mevent[39m: "database_migration"
    [35mmessage[39m: "### MIGRATION 0010_provider_profile_defaults (UP) ###"
[2026-09-21 14:42:41.994 -0400] [32mINFO[39m:
    [35mevent[39m: "database_migration"
    [35mmessage[39m: "### MIGRATION 0011_embedding_model_default (UP) ###"
[2026-09-21 14:42:41.996 -0400] [32mINFO[39m:
    [35mevent[39m: "database_migration"
    [35mmessage[39m: "### MIGRATION 0012_dynamic_chronicle (UP) ###"
[2026-09-21 14:42:41.998 -0400] [32mINFO[39m:
    [35mevent[39m: "database_migration"
    [35mmessage[39m: "### MIGRATION 0013_campaign_story_length (UP) ###"
[2026-09-21 14:42:42.000 -0400] [32mINFO[39m:
    [35mevent[39m: "database_migration"
    [35mmessage[39m: "### MIGRATION 0014_generation_progress (UP) ###"
[2026-09-21 14:42:42.002 -0400] [32mINFO[39m:
    [35mevent[39m: "database_migration"
    [35mmessage[39m: "### MIGRATION 0015_campaign_cost_events (UP) ###"
[2026-09-21 14:42:42.006 -0400] [32mINFO[39m:
    [35mevent[39m: "database_migration"
    [35mmessage[39m: "### MIGRATION 0016_provider_request_timeout (UP) ###"
[2026-09-21 14:42:42.007 -0400] [32mINFO[39m:
    [35mevent[39m: "database_migration"
    [35mmessage[39m: "### MIGRATION 0017_campaign_characters (UP) ###"
[2026-09-21 14:42:42.009 -0400] [32mINFO[39m:
    [35mevent[39m: "database_migration"
    [35mmessage[39m: "### MIGRATION 0018_initial_state_snapshot (UP) ###"
[2026-09-21 14:42:42.010 -0400] [32mINFO[39m:
    [35mevent[39m: "database_migration"
    [35mmessage[39m: "### MIGRATION 0019_multi_tenant_hardening (UP) ###"
[2026-09-21 14:42:42.015 -0400] [32mINFO[39m:
    [35mevent[39m: "database_migration"
    [35mmessage[39m: "### MIGRATION 0020_user_settings (UP) ###"
[2026-09-21 14:42:42.017 -0400] [32mINFO[39m:
    [35mevent[39m: "database_migration"
    [35mmessage[39m: "### MIGRATION 0021_world_version_deletion (UP) ###"
[2026-09-21 14:42:42.020 -0400] [32mINFO[39m:
    [35mevent[39m: "database_migration"
    [35mmessage[39m: "### MIGRATION 0022_campaign_state_revisions (UP) ###"
[2026-09-21 14:42:42.023 -0400] [32mINFO[39m:
    [35mevent[39m: "database_migration"
    [35mmessage[39m: "### MIGRATION 0023_durable_generation_replacement (UP) ###"
[2026-09-21 14:42:42.026 -0400] [32mINFO[39m:
    [35mevent[39m: "database_migration"
    [35mmessage[39m: "### MIGRATION 0024_structured_canonical_facts (UP) ###"
[2026-09-21 14:42:42.030 -0400] [32mINFO[39m:
    [35mevent[39m: "database_migration"
    [35mmessage[39m: "### MIGRATION 0025_asset_reference_lifecycle (UP) ###"
[2026-09-21 14:42:42.032 -0400] [32mINFO[39m:
    [35mevent[39m: "database_migration"
    [35mmessage[39m: "### MIGRATION 0026_campaign_world_transfers (UP) ###"
[2026-09-21 14:42:42.035 -0400] [32mINFO[39m:
    [35mevent[39m: "database_migration"
    [35mmessage[39m: "### MIGRATION 0027_turn_intent_provider_role (UP) ###"
[2026-09-21 14:42:42.036 -0400] [32mINFO[39m:
    [35mevent[39m: "database_migration"
    [35mmessage[39m: "### MIGRATION 0028_turn_input_modes (UP) ###"
[2026-09-21 14:42:42.041 -0400] [32mINFO[39m:
    [35mevent[39m: "database_migration"
    [35mmessage[39m: "### MIGRATION 0029_durable_image_provider_jobs (UP) ###"
[2026-09-21 14:42:42.044 -0400] [32mINFO[39m:
    [35mevent[39m: "database_migration"
    [35mmessage[39m: "### MIGRATION 0030_world_cover_image_jobs (UP) ###"
[2026-09-21 14:42:42.048 -0400] [32mINFO[39m:
    [35mevent[39m: "database_migration"
    [35mmessage[39m: "### MIGRATION 0031_context_aware_image_library (UP) ###"
[2026-09-21 14:42:42.061 -0400] [32mINFO[39m:
    [35mevent[39m: "database_migration"
    [35mmessage[39m: "### MIGRATION 0032_sogni_sdk_provider (UP) ###"
[2026-09-21 14:42:42.063 -0400] [32mINFO[39m:
    [35mevent[39m: "database_migration"
    [35mmessage[39m: "### MIGRATION 0033_segmented_turn_illustrations (UP) ###"
[2026-09-21 14:42:42.074 -0400] [32mINFO[39m:
    [35mevent[39m: "database_migration"
    [35mmessage[39m: "### MIGRATION 0034_campaign_illustration_refinement_instructions (UP) ###"
[2026-09-21 14:42:42.076 -0400] [32mINFO[39m:
    [35mevent[39m: "database_migration"
    [35mmessage[39m: "### MIGRATION 0035_campaign_illustration_refinement_prompt (UP) ###"
[2026-09-21 14:42:42.077 -0400] [32mINFO[39m:
    [35mevent[39m: "database_migration"
    [35mmessage[39m: "### MIGRATION 0036_structured_character_profiles (UP) ###"
[2026-09-21 14:42:42.080 -0400] [32mINFO[39m:
    [35mevent[39m: "database_migration"
    [35mmessage[39m: "### MIGRATION 0037_prompt_library (UP) ###"
[2026-09-21 14:42:42.083 -0400] [32mINFO[39m:
    [35mevent[39m: "database_migration"
    [35mmessage[39m: "### MIGRATION 0038_prompt_library_hardening (UP) ###"
[2026-09-21 14:42:42.085 -0400] [32mINFO[39m:
    [35mevent[39m: "database_migration"
    [35mmessage[39m: "### MIGRATION 0039_chronicle_entity_identity (UP) ###"
[2026-09-21 14:42:42.087 -0400] [32mINFO[39m:
    [35mevent[39m: "database_migration"
    [35mmessage[39m: "### MIGRATION 0040_streaming_illustration_pipeline (UP) ###"
[2026-09-21 14:42:42.091 -0400] [32mINFO[39m:
    [35mevent[39m: "database_migration"
    [35mmessage[39m: "### MIGRATION 0041_allow_streaming_asset_contexts (UP) ###"
[2026-09-21 14:42:42.093 -0400] [32mINFO[39m:
    [35mevent[39m: "database_migration"
    [35mmessage[39m: "### MIGRATION 0042_json_illustration_refinement_prompt (UP) ###"
[2026-09-21 14:42:42.094 -0400] [32mINFO[39m:
    [35mevent[39m: "database_migration"
    [35mmessage[39m: "### MIGRATION 0043_world_generation_progress (UP) ###"
[2026-09-21 14:42:42.096 -0400] [32mINFO[39m:
    [35mevent[39m: "database_migration"
    [35mmessage[39m: "### MIGRATION 0044_api_admission_control (UP) ###"
[2026-09-21 14:42:42.099 -0400] [32mINFO[39m:
    [35mevent[39m: "database_migration"
    [35mmessage[39m: "### MIGRATION 0045_archive_previews (UP) ###"
[2026-09-21 14:42:42.102 -0400] [32mINFO[39m:
    [35mevent[39m: "database_migration"
    [35mmessage[39m: "### MIGRATION 0046_archive_preview_superseded (UP) ###"
[2026-09-21 14:42:42.103 -0400] [32mINFO[39m:
    [35mevent[39m: "database_migration"
    [35mmessage[39m: "### MIGRATION 0047_full_campaign_state_corrections (UP) ###"
[2026-09-21 14:42:42.106 -0400] [32mINFO[39m:
    [35mevent[39m: "database_migration"
    [35mmessage[39m: "### MIGRATION 0048_cascade_streaming_image_jobs (UP) ###"
[2026-09-21 14:42:42.108 -0400] [32mINFO[39m:
    [35mevent[39m: "database_migration"
    [35mmessage[39m: "### MIGRATION 0049_cancelled_generation_jobs (UP) ###"
[2026-09-21 14:42:42.109 -0400] [32mINFO[39m:
    [35mevent[39m: "database_migration"
    [35mmessage[39m: "### MIGRATION 0050_cancel_provisional_illustration_children (UP) ###"
[2026-09-21 14:42:42.111 -0400] [32mINFO[39m:
    [35mevent[39m: "database_migration"
    [35mmessage[39m: "### MIGRATION 0051_preserve_replacement_turn_provenance (UP) ###"
[2026-09-21 14:42:42.112 -0400] [32mINFO[39m:
    [35mevent[39m: "database_migration"
    [35mmessage[39m: "### MIGRATION 0052_generation_job_notifications (UP) ###"
[2026-09-21 14:42:42.113 -0400] [32mINFO[39m:
    [35mevent[39m: "database_migration"
    [35mmessage[39m: "### MIGRATION 0053_durable_asset_portable_operations (UP) ###"
[2026-09-21 14:42:42.130 -0400] [32mINFO[39m:
    [35mevent[39m: "database_migration"
    [35mmessage[39m: "### MIGRATION 0054_private_filesystem_authority (UP) ###"
[2026-09-21 14:42:42.138 -0400] [32mINFO[39m:
    [35mevent[39m: "database_migration"
    [35mmessage[39m: "### MIGRATION 0055_private_portable_repository_guards (UP) ###"
[2026-09-21 14:42:42.140 -0400] [32mINFO[39m:
    [35mevent[39m: "database_migration"
    [35mmessage[39m: "### MIGRATION 0056_private_filesystem_current_clock (UP) ###"
[2026-09-21 14:42:42.142 -0400] [32mINFO[39m:
    [35mevent[39m: "database_migration"
    [35mmessage[39m: "### MIGRATION 0057_finalized_asset_delivery_authority (UP) ###"
[2026-09-21 14:42:42.148 -0400] [32mINFO[39m:
    [35mevent[39m: "database_migration"
    [35mmessage[39m: "### MIGRATION 0058_secure_storage_lifecycle (UP) ###"
[2026-09-21 14:42:42.151 -0400] [32mINFO[39m:
    [35mevent[39m: "database_migration"
    [35mmessage[39m: "### MIGRATION 0059_secure_storage_target_intent (UP) ###"
[2026-09-21 14:42:42.154 -0400] [32mINFO[39m:
    [35mevent[39m: "database_migration"
    [35mmessage[39m: "### MIGRATION 0060_asset_publication_identities (UP) ###"
[2026-09-21 14:42:42.157 -0400] [32mINFO[39m:
    [35mevent[39m: "database_migration"
    [35mmessage[39m: "### MIGRATION 0061_portable_import_composition (UP) ###"
[2026-09-21 14:42:42.161 -0400] [32mINFO[39m:
    [35mevent[39m: "database_migration"
    [35mmessage[39m: "### MIGRATION 0062_portable_import_asset_publications (UP) ###"
[2026-09-21 14:42:42.165 -0400] [32mINFO[39m:
    [35mevent[39m: "database_migration"
    [35mmessage[39m: "### MIGRATION 0063_portable_legacy_story_asset_publications (UP) ###"
[2026-09-21 14:42:42.167 -0400] [32mINFO[39m:
    [35mevent[39m: "database_migration"
    [35mmessage[39m: "### MIGRATION 0064_normalized_asset_publication_requests (UP) ###"
[2026-09-21 14:42:42.179 -0400] [32mINFO[39m:
    [35mevent[39m: "database_migration"
    [35mmessage[39m: "### MIGRATION 0065_illustration_asset_publications (UP) ###"
[2026-09-21 14:42:42.182 -0400] [32mINFO[39m:
    [35mevent[39m: "database_migration"
    [35mmessage[39m: "### MIGRATION 0066_portable_normalized_asset_publications (UP) ###"
[2026-09-21 14:42:42.190 -0400] [32mINFO[39m:
    [35mevent[39m: "database_migration"
    [35mmessage[39m: "### MIGRATION 0067_asset_metadata_backfill_executor (UP) ###"
[2026-09-21 14:42:42.193 -0400] [32mINFO[39m:
    [35mevent[39m: "database_migration"
    [35mmessage[39m: "### MIGRATION 0068_portable_legacy_story_create_world (UP) ###"
[2026-09-21 14:42:42.194 -0400] [32mINFO[39m:
    [35mevent[39m: "database_migration"
    [35mmessage[39m: "### MIGRATION 0069_import_progress_status (UP) ###"
[2026-09-21 14:42:42.197 -0400] [32mINFO[39m:
    [35mevent[39m: "database_migration"
    [35mmessage[39m: "### MIGRATION 0070_turn_narration_corrections (UP) ###"
[2026-09-21 14:42:42.201 -0400] [32mINFO[39m:
    [35mevent[39m: "database_migration"
    [35mmessage[39m: "### MIGRATION 0071_world_share_links (UP) ###"
[2026-09-21 14:42:42.203 -0400] [32mINFO[39m:
    [35mevent[39m: "database_migration"
    [35mmessage[39m: "### MIGRATION 0072_chronicle_memory_chunks (UP) ###"
[2026-09-21 14:42:42.213 -0400] [32mINFO[39m:
    [35mevent[39m: "database_migration"
    [35mmessage[39m: "### MIGRATION 0073_chronicle_chunk_job_fencing (UP) ###"
[2026-09-21 14:42:42.215 -0400] [32mINFO[39m:
    [35mevent[39m: "database_migration"
    [35mmessage[39m: "### MIGRATION 0074_chronicle_retrieval_observability (UP) ###"
[2026-09-21 14:42:42.220 -0400] [32mINFO[39m:
    [35mevent[39m: "database_migration"
    [35mmessage[39m: "### MIGRATION 0075_chronicle_query_embedding_cache (UP) ###"
[2026-09-21 14:42:42.223 -0400] [32mINFO[39m:
    [35mevent[39m: "database_migration"
    [35mmessage[39m: "### MIGRATION 0076_chronicle_chunk_skip_reasons (UP) ###"
[2026-09-21 14:42:42.224 -0400] [32mINFO[39m:
    [35mevent[39m: "database_migration"
    [35mmessage[39m: "### MIGRATION 0077_chronicle_chunk_processed_signature (UP) ###"
[2026-09-21 14:42:42.226 -0400] [32mINFO[39m:
    [35mevent[39m: "database_migration"
    [35mmessage[39m: "### MIGRATION 0078_system_archive_jobs (UP) ###"
[2026-09-21 14:42:42.238 -0400] [32mINFO[39m:
    [35mevent[39m: "database_migration"
    [35mmessage[39m: "### MIGRATION 0079_resumable_system_archive_uploads (UP) ###"
[2026-09-21 14:42:42.244 -0400] [32mINFO[39m:
    [35mevent[39m: "database_migration"
    [35mmessage[39m: "### MIGRATION 0080_published_asset_derivative_reservations (UP) ###"
[2026-09-21 14:42:42.246 -0400] [32mINFO[39m:
    [35mevent[39m: "database_migration"
    [35mmessage[39m: "### MIGRATION 0081_campaign_story_context_budget (UP) ###"
[2026-09-21 14:42:42.248 -0400] [32mINFO[39m:
    [35mevent[39m: "database_migration"
    [35mmessage[39m: "### MIGRATION 0082_turn_zero_state_correction_facts (UP) ###"
[2026-09-21 14:42:42.249 -0400] [32mINFO[39m:
    [35mevent[39m: "database_migration"
    [35mmessage[39m: "### MIGRATION 0083_cleaned_campaign_export_deletion (UP) ###"
[2026-09-21 14:42:42.250 -0400] [32mINFO[39m:
    [35mevent[39m: "database_migration"
    [35mmessage[39m: "### MIGRATION 0084_generation_authority_identity (UP) ###"
[2026-09-21 14:42:42.252 -0400] [32mINFO[39m:
    [35mevent[39m: "database_migration"
    [35mmessage[39m: "### MIGRATION 0085_prompt_override_compatibility_acknowledgements (UP) ###"
[2026-09-21 14:42:42.253 -0400] [32mINFO[39m:
    [35mevent[39m: "database_migration"
    [35mmessage[39m: "### MIGRATION 0086_prompt_override_protocol_acknowledgements (UP) ###"
[2026-09-21 14:42:42.255 -0400] [32mINFO[39m:
    [35mevent[39m: "database_migration"
    [35mmessage[39m: "### MIGRATION 0087_chronicle_query_cache_access_sequence (UP) ###"
[2026-09-21 14:42:42.257 -0400] [32mINFO[39m:
    [35mevent[39m: "database_migration"
    [35mmessage[39m: "### MIGRATION 0088_expand_campaign_story_context_budget (UP) ###"
[2026-09-21 14:42:42.258 -0400] [32mINFO[39m:
    [35mevent[39m: "database_migration"
    [35mmessage[39m: "### MIGRATION 0089_authoring_jobs (UP) ###"
[2026-09-21 14:42:42.263 -0400] [32mINFO[39m:
    [35mevent[39m: "database_migration"
    [35mmessage[39m: "### MIGRATION 0090_authoring_apply_review_selection (UP) ###"
[2026-09-21 14:42:42.265 -0400] [32mINFO[39m:
    [35mevent[39m: "database_migration"
    [35mmessage[39m: "### MIGRATION 0091_story_source_authoring (UP) ###"
[2026-09-21 14:42:42.266 -0400] [32mINFO[39m:
    [35mevent[39m: "database_migration"
    [35mmessage[39m: "### MIGRATION 0092_source_synthesis_review_fence (UP) ###"
[2026-09-21 14:42:42.268 -0400] [32mINFO[39m:
    [35mevent[39m: "database_migration"
    [35mmessage[39m: "### MIGRATION 0093_portable_source_material_authority_paths (UP) ###"
[2026-09-21 14:42:42.269 -0400] [32mINFO[39m:
    [35mevent[39m: "database_migration"
    [35mmessage[39m: "### MIGRATION 0094_story_generation_policy (UP) ###"
[2026-09-21 14:42:42.271 -0400] [32mINFO[39m:
    [35mevent[39m: "database_migration"
    [35mmessage[39m: "### MIGRATION 0095_story_memory_capability_enrollment (UP) ###"
[2026-09-21 14:42:42.274 -0400] [32mINFO[39m:
    [35mevent[39m: "database_migration"
    [35mmessage[39m: "### MIGRATION 0096_campaign_memory_defaults (UP) ###"
[2026-09-21 14:42:42.275 -0400] [32mINFO[39m:
    [35mevent[39m: "database_migration"
    [35mmessage[39m: "### MIGRATION 0097_provider_text_selection (UP) ###"
[2026-09-21 14:42:42.276 -0400] [32mINFO[39m:
    [35mevent[39m: "database_migration"
    [35mmessage[39m: "### MIGRATION 0098_illustration_text_execution_snapshot (UP) ###"
[2026-09-21 14:42:42.278 -0400] [32mINFO[39m:
    [35mevent[39m: "database_migration"
    [35mmessage[39m: "### MIGRATION 0099_worker_text_plan_protocol_fences (UP) ###"
[2026-09-21 14:42:42.282 -0400] [32mINFO[39m:
    [35mevent[39m: "database_migration"
    [35mmessage[39m: "### MIGRATION 0100_prepared_text_physical_attempts (UP) ###"
[2026-09-21 14:42:42.286 -0400] [32mINFO[39m:
    [35mevent[39m: "database_migration"
    [35mmessage[39m: "### MIGRATION 0101_durable_campaign_physical_attempt_costs (UP) ###"
[2026-09-21 14:42:44.173 -0400] [32mINFO[39m:
    [35mevent[39m: "database_migration"
    [35mmessage[39m: "> Migrating files:"
[2026-09-21 14:42:44.173 -0400] [32mINFO[39m:
    [35mevent[39m: "database_migration"
    [35mmessage[39m: "> - 0001_initial_nexus"
[2026-09-21 14:42:44.173 -0400] [32mINFO[39m:
    [35mevent[39m: "database_migration"
    [35mmessage[39m: "> - 0002_owner_scope_constraints"
[2026-09-21 14:42:44.173 -0400] [32mINFO[39m:
    [35mevent[39m: "database_migration"
    [35mmessage[39m: "> - 0003_asset_references"
[2026-09-21 14:42:44.173 -0400] [32mINFO[39m:
    [35mevent[39m: "database_migration"
    [35mmessage[39m: "> - 0004_chronicle_job_deduplication"
[2026-09-21 14:42:44.173 -0400] [32mINFO[39m:
    [35mevent[39m: "database_migration"
    [35mmessage[39m: "> - 0005_story_engine"
[2026-09-21 14:42:44.173 -0400] [32mINFO[39m:
    [35mevent[39m: "database_migration"
    [35mmessage[39m: "> - 0006_typed_story_orchestration"
[2026-09-21 14:42:44.173 -0400] [32mINFO[39m:
    [35mevent[39m: "database_migration"
    [35mmessage[39m: "> - 0007_semantic_chronicle"
[2026-09-21 14:42:44.173 -0400] [32mINFO[39m:
    [35mevent[39m: "database_migration"
    [35mmessage[39m: "> - 0008_world_library"
[2026-09-21 14:42:44.173 -0400] [32mINFO[39m:
    [35mevent[39m: "database_migration"
    [35mmessage[39m: "> - 0009_illustration_pipeline"
[2026-09-21 14:42:44.173 -0400] [32mINFO[39m:
    [35mevent[39m: "database_migration"
    [35mmessage[39m: "> - 0010_provider_profile_defaults"
[2026-09-21 14:42:44.173 -0400] [32mINFO[39m:
    [35mevent[39m: "database_migration"
    [35mmessage[39m: "> - 0011_embedding_model_default"
[2026-09-21 14:42:44.173 -0400] [32mINFO[39m:
    [35mevent[39m: "database_migration"
    [35mmessage[39m: "> - 0012_dynamic_chronicle"
[2026-09-21 14:42:44.173 -0400] [32mINFO[39m:
    [35mevent[39m: "database_migration"
    [35mmessage[39m: "> - 0013_campaign_story_length"
[2026-09-21 14:42:44.173 -0400] [32mINFO[39m:
    [35mevent[39m: "database_migration"
    [35mmessage[39m: "> - 0014_generation_progress"
[2026-09-21 14:42:44.173 -0400] [32mINFO[39m:
    [35mevent[39m: "database_migration"
    [35mmessage[39m: "> - 0015_campaign_cost_events"
[2026-09-21 14:42:44.173 -0400] [32mINFO[39m:
    [35mevent[39m: "database_migration"
    [35mmessage[39m: "> - 0016_provider_request_timeout"
[2026-09-21 14:42:44.173 -0400] [32mINFO[39m:
    [35mevent[39m: "database_migration"
    [35mmessage[39m: "> - 0017_campaign_characters"
[2026-09-21 14:42:44.173 -0400] [32mINFO[39m:
    [35mevent[39m: "database_migration"
    [35mmessage[39m: "> - 0018_initial_state_snapshot"
[2026-09-21 14:42:44.173 -0400] [32mINFO[39m:
    [35mevent[39m: "database_migration"
    [35mmessage[39m: "> - 0019_multi_tenant_hardening"
[2026-09-21 14:42:44.173 -0400] [32mINFO[39m:
    [35mevent[39m: "database_migration"
    [35mmessage[39m: "> - 0020_user_settings"
[2026-09-21 14:42:44.173 -0400] [32mINFO[39m:
    [35mevent[39m: "database_migration"
    [35mmessage[39m: "> - 0021_world_version_deletion"
[2026-09-21 14:42:44.173 -0400] [32mINFO[39m:
    [35mevent[39m: "database_migration"
    [35mmessage[39m: "> - 0022_campaign_state_revisions"
[2026-09-21 14:42:44.173 -0400] [32mINFO[39m:
    [35mevent[39m: "database_migration"
    [35mmessage[39m: "> - 0023_durable_generation_replacement"
[2026-09-21 14:42:44.173 -0400] [32mINFO[39m:
    [35mevent[39m: "database_migration"
    [35mmessage[39m: "> - 0024_structured_canonical_facts"
[2026-09-21 14:42:44.173 -0400] [32mINFO[39m:
    [35mevent[39m: "database_migration"
    [35mmessage[39m: "> - 0025_asset_reference_lifecycle"
[2026-09-21 14:42:44.173 -0400] [32mINFO[39m:
    [35mevent[39m: "database_migration"
    [35mmessage[39m: "> - 0026_campaign_world_transfers"
[2026-09-21 14:42:44.173 -0400] [32mINFO[39m:
    [35mevent[39m: "database_migration"
    [35mmessage[39m: "> - 0027_turn_intent_provider_role"
[2026-09-21 14:42:44.173 -0400] [32mINFO[39m:
    [35mevent[39m: "database_migration"
    [35mmessage[39m: "> - 0028_turn_input_modes"
[2026-09-21 14:42:44.173 -0400] [32mINFO[39m:
    [35mevent[39m: "database_migration"
    [35mmessage[39m: "> - 0029_durable_image_provider_jobs"
[2026-09-21 14:42:44.173 -0400] [32mINFO[39m:
    [35mevent[39m: "database_migration"
    [35mmessage[39m: "> - 0030_world_cover_image_jobs"
[2026-09-21 14:42:44.173 -0400] [32mINFO[39m:
    [35mevent[39m: "database_migration"
    [35mmessage[39m: "> - 0031_context_aware_image_library"
[2026-09-21 14:42:44.173 -0400] [32mINFO[39m:
    [35mevent[39m: "database_migration"
    [35mmessage[39m: "> - 0032_sogni_sdk_provider"
[2026-09-21 14:42:44.173 -0400] [32mINFO[39m:
    [35mevent[39m: "database_migration"
    [35mmessage[39m: "> - 0033_segmented_turn_illustrations"
[2026-09-21 14:42:44.173 -0400] [32mINFO[39m:
    [35mevent[39m: "database_migration"
    [35mmessage[39m: "> - 0034_campaign_illustration_refinement_instructions"
[2026-09-21 14:42:44.173 -0400] [32mINFO[39m:
    [35mevent[39m: "database_migration"
    [35mmessage[39m: "> - 0035_campaign_illustration_refinement_prompt"
[2026-09-21 14:42:44.173 -0400] [32mINFO[39m:
    [35mevent[39m: "database_migration"
    [35mmessage[39m: "> - 0036_structured_character_profiles"
[2026-09-21 14:42:44.173 -0400] [32mINFO[39m:
    [35mevent[39m: "database_migration"
    [35mmessage[39m: "> - 0037_prompt_library"
[2026-09-21 14:42:44.173 -0400] [32mINFO[39m:
    [35mevent[39m: "database_migration"
    [35mmessage[39m: "> - 0038_prompt_library_hardening"
[2026-09-21 14:42:44.173 -0400] [32mINFO[39m:
    [35mevent[39m: "database_migration"
    [35mmessage[39m: "> - 0039_chronicle_entity_identity"
[2026-09-21 14:42:44.173 -0400] [32mINFO[39m:
    [35mevent[39m: "database_migration"
    [35mmessage[39m: "> - 0040_streaming_illustration_pipeline"
[2026-09-21 14:42:44.173 -0400] [32mINFO[39m:
    [35mevent[39m: "database_migration"
    [35mmessage[39m: "> - 0041_allow_streaming_asset_contexts"
[2026-09-21 14:42:44.173 -0400] [32mINFO[39m:
    [35mevent[39m: "database_migration"
    [35mmessage[39m: "> - 0042_json_illustration_refinement_prompt"
[2026-09-21 14:42:44.173 -0400] [32mINFO[39m:
    [35mevent[39m: "database_migration"
    [35mmessage[39m: "> - 0043_world_generation_progress"
[2026-09-21 14:42:44.173 -0400] [32mINFO[39m:
    [35mevent[39m: "database_migration"
    [35mmessage[39m: "> - 0044_api_admission_control"
[2026-09-21 14:42:44.173 -0400] [32mINFO[39m:
    [35mevent[39m: "database_migration"
    [35mmessage[39m: "> - 0045_archive_previews"
[2026-09-21 14:42:44.173 -0400] [32mINFO[39m:
    [35mevent[39m: "database_migration"
    [35mmessage[39m: "> - 0046_archive_preview_superseded"
[2026-09-21 14:42:44.173 -0400] [32mINFO[39m:
    [35mevent[39m: "database_migration"
    [35mmessage[39m: "> - 0047_full_campaign_state_corrections"
[2026-09-21 14:42:44.173 -0400] [32mINFO[39m:
    [35mevent[39m: "database_migration"
    [35mmessage[39m: "> - 0048_cascade_streaming_image_jobs"
[2026-09-21 14:42:44.173 -0400] [32mINFO[39m:
    [35mevent[39m: "database_migration"
    [35mmessage[39m: "> - 0049_cancelled_generation_jobs"
[2026-09-21 14:42:44.173 -0400] [32mINFO[39m:
    [35mevent[39m: "database_migration"
    [35mmessage[39m: "> - 0050_cancel_provisional_illustration_children"
[2026-09-21 14:42:44.173 -0400] [32mINFO[39m:
    [35mevent[39m: "database_migration"
    [35mmessage[39m: "> - 0051_preserve_replacement_turn_provenance"
[2026-09-21 14:42:44.173 -0400] [32mINFO[39m:
    [35mevent[39m: "database_migration"
    [35mmessage[39m: "> - 0052_generation_job_notifications"
[2026-09-21 14:42:44.173 -0400] [32mINFO[39m:
    [35mevent[39m: "database_migration"
    [35mmessage[39m: "> - 0053_durable_asset_portable_operations"
[2026-09-21 14:42:44.173 -0400] [32mINFO[39m:
    [35mevent[39m: "database_migration"
    [35mmessage[39m: "> - 0054_private_filesystem_authority"
[2026-09-21 14:42:44.173 -0400] [32mINFO[39m:
    [35mevent[39m: "database_migration"
    [35mmessage[39m: "> - 0055_private_portable_repository_guards"
[2026-09-21 14:42:44.173 -0400] [32mINFO[39m:
    [35mevent[39m: "database_migration"
    [35mmessage[39m: "> - 0056_private_filesystem_current_clock"
[2026-09-21 14:42:44.173 -0400] [32mINFO[39m:
    [35mevent[39m: "database_migration"
    [35mmessage[39m: "> - 0057_finalized_asset_delivery_authority"
[2026-09-21 14:42:44.173 -0400] [32mINFO[39m:
    [35mevent[39m: "database_migration"
    [35mmessage[39m: "> - 0058_secure_storage_lifecycle"
[2026-09-21 14:42:44.173 -0400] [32mINFO[39m:
    [35mevent[39m: "database_migration"
    [35mmessage[39m: "> - 0059_secure_storage_target_intent"
[2026-09-21 14:42:44.173 -0400] [32mINFO[39m:
    [35mevent[39m: "database_migration"
    [35mmessage[39m: "> - 0060_asset_publication_identities"
[2026-09-21 14:42:44.173 -0400] [32mINFO[39m:
    [35mevent[39m: "database_migration"
    [35mmessage[39m: "> - 0061_portable_import_composition"
[2026-09-21 14:42:44.173 -0400] [32mINFO[39m:
    [35mevent[39m: "database_migration"
    [35mmessage[39m: "> - 0062_portable_import_asset_publications"
[2026-09-21 14:42:44.173 -0400] [32mINFO[39m:
    [35mevent[39m: "database_migration"
    [35mmessage[39m: "> - 0063_portable_legacy_story_asset_publications"
[2026-09-21 14:42:44.173 -0400] [32mINFO[39m:
    [35mevent[39m: "database_migration"
    [35mmessage[39m: "> - 0064_normalized_asset_publication_requests"
[2026-09-21 14:42:44.173 -0400] [32mINFO[39m:
    [35mevent[39m: "database_migration"
    [35mmessage[39m: "> - 0065_illustration_asset_publications"
[2026-09-21 14:42:44.173 -0400] [32mINFO[39m:
    [35mevent[39m: "database_migration"
    [35mmessage[39m: "> - 0066_portable_normalized_asset_publications"
[2026-09-21 14:42:44.173 -0400] [32mINFO[39m:
    [35mevent[39m: "database_migration"
    [35mmessage[39m: "> - 0067_asset_metadata_backfill_executor"
[2026-09-21 14:42:44.173 -0400] [32mINFO[39m:
    [35mevent[39m: "database_migration"
    [35mmessage[39m: "> - 0068_portable_legacy_story_create_world"
[2026-09-21 14:42:44.173 -0400] [32mINFO[39m:
    [35mevent[39m: "database_migration"
    [35mmessage[39m: "> - 0069_import_progress_status"
[2026-09-21 14:42:44.173 -0400] [32mINFO[39m:
    [35mevent[39m: "database_migration"
    [35mmessage[39m: "> - 0070_turn_narration_corrections"
[2026-09-21 14:42:44.173 -0400] [32mINFO[39m:
    [35mevent[39m: "database_migration"
    [35mmessage[39m: "> - 0071_world_share_links"
[2026-09-21 14:42:44.173 -0400] [32mINFO[39m:
    [35mevent[39m: "database_migration"
    [35mmessage[39m: "> - 0072_chronicle_memory_chunks"
[2026-09-21 14:42:44.173 -0400] [32mINFO[39m:
    [35mevent[39m: "database_migration"
    [35mmessage[39m: "> - 0073_chronicle_chunk_job_fencing"
[2026-09-21 14:42:44.173 -0400] [32mINFO[39m:
    [35mevent[39m: "database_migration"
    [35mmessage[39m: "> - 0074_chronicle_retrieval_observability"
[2026-09-21 14:42:44.173 -0400] [32mINFO[39m:
    [35mevent[39m: "database_migration"
    [35mmessage[39m: "> - 0075_chronicle_query_embedding_cache"
[2026-09-21 14:42:44.173 -0400] [32mINFO[39m:
    [35mevent[39m: "database_migration"
    [35mmessage[39m: "> - 0076_chronicle_chunk_skip_reasons"
[2026-09-21 14:42:44.173 -0400] [32mINFO[39m:
    [35mevent[39m: "database_migration"
    [35mmessage[39m: "> - 0077_chronicle_chunk_processed_signature"
[2026-09-21 14:42:44.173 -0400] [32mINFO[39m:
    [35mevent[39m: "database_migration"
    [35mmessage[39m: "> - 0078_system_archive_jobs"
[2026-09-21 14:42:44.173 -0400] [32mINFO[39m:
    [35mevent[39m: "database_migration"
    [35mmessage[39m: "> - 0079_resumable_system_archive_uploads"
[2026-09-21 14:42:44.173 -0400] [32mINFO[39m:
    [35mevent[39m: "database_migration"
    [35mmessage[39m: "> - 0080_published_asset_derivative_reservations"
[2026-09-21 14:42:44.173 -0400] [32mINFO[39m:
    [35mevent[39m: "database_migration"
    [35mmessage[39m: "> - 0081_campaign_story_context_budget"
[2026-09-21 14:42:44.173 -0400] [32mINFO[39m:
    [35mevent[39m: "database_migration"
    [35mmessage[39m: "> - 0082_turn_zero_state_correction_facts"
[2026-09-21 14:42:44.173 -0400] [32mINFO[39m:
    [35mevent[39m: "database_migration"
    [35mmessage[39m: "> - 0083_cleaned_campaign_export_deletion"
[2026-09-21 14:42:44.173 -0400] [32mINFO[39m:
    [35mevent[39m: "database_migration"
    [35mmessage[39m: "> - 0084_generation_authority_identity"
[2026-09-21 14:42:44.173 -0400] [32mINFO[39m:
    [35mevent[39m: "database_migration"
    [35mmessage[39m: "> - 0085_prompt_override_compatibility_acknowledgements"
[2026-09-21 14:42:44.173 -0400] [32mINFO[39m:
    [35mevent[39m: "database_migration"
    [35mmessage[39m: "> - 0086_prompt_override_protocol_acknowledgements"
[2026-09-21 14:42:44.173 -0400] [32mINFO[39m:
    [35mevent[39m: "database_migration"
    [35mmessage[39m: "> - 0087_chronicle_query_cache_access_sequence"
[2026-09-21 14:42:44.173 -0400] [32mINFO[39m:
    [35mevent[39m: "database_migration"
    [35mmessage[39m: "> - 0088_expand_campaign_story_context_budget"
[2026-09-21 14:42:44.173 -0400] [32mINFO[39m:
    [35mevent[39m: "database_migration"
    [35mmessage[39m: "> - 0089_authoring_jobs"
[2026-09-21 14:42:44.173 -0400] [32mINFO[39m:
    [35mevent[39m: "database_migration"
    [35mmessage[39m: "> - 0090_authoring_apply_review_selection"
[2026-09-21 14:42:44.173 -0400] [32mINFO[39m:
    [35mevent[39m: "database_migration"
    [35mmessage[39m: "> - 0091_story_source_authoring"
[2026-09-21 14:42:44.173 -0400] [32mINFO[39m:
    [35mevent[39m: "database_migration"
    [35mmessage[39m: "> - 0092_source_synthesis_review_fence"
[2026-09-21 14:42:44.173 -0400] [32mINFO[39m:
    [35mevent[39m: "database_migration"
    [35mmessage[39m: "> - 0093_portable_source_material_authority_paths"
[2026-09-21 14:42:44.173 -0400] [32mINFO[39m:
    [35mevent[39m: "database_migration"
    [35mmessage[39m: "> - 0094_story_generation_policy"
[2026-09-21 14:42:44.173 -0400] [32mINFO[39m:
    [35mevent[39m: "database_migration"
    [35mmessage[39m: "> - 0095_story_memory_capability_enrollment"
[2026-09-21 14:42:44.173 -0400] [32mINFO[39m:
    [35mevent[39m: "database_migration"
    [35mmessage[39m: "> - 0096_campaign_memory_defaults"
[2026-09-21 14:42:44.174 -0400] [32mINFO[39m:
    [35mevent[39m: "database_migration"
    [35mmessage[39m: "> - 0097_provider_text_selection"
[2026-09-21 14:42:44.174 -0400] [32mINFO[39m:
    [35mevent[39m: "database_migration"
    [35mmessage[39m: "> - 0098_illustration_text_execution_snapshot"
[2026-09-21 14:42:44.174 -0400] [32mINFO[39m:
    [35mevent[39m: "database_migration"
    [35mmessage[39m: "> - 0099_worker_text_plan_protocol_fences"
[2026-09-21 14:42:44.174 -0400] [32mINFO[39m:
    [35mevent[39m: "database_migration"
    [35mmessage[39m: "> - 0100_prepared_text_physical_attempts"
[2026-09-21 14:42:44.174 -0400] [32mINFO[39m:
    [35mevent[39m: "database_migration"
    [35mmessage[39m: "> - 0101_durable_campaign_physical_attempt_costs"
[2026-09-21 14:42:44.174 -0400] [32mINFO[39m:
    [35mevent[39m: "database_migration"
    [35mmessage[39m: "### MIGRATION 0001_initial_nexus (UP) ###"
[2026-09-21 14:42:44.193 -0400] [32mINFO[39m:
    [35mevent[39m: "database_migration"
    [35mmessage[39m: "### MIGRATION 0002_owner_scope_constraints (UP) ###"
[2026-09-21 14:42:44.197 -0400] [32mINFO[39m:
    [35mevent[39m: "database_migration"
    [35mmessage[39m: "### MIGRATION 0003_asset_references (UP) ###"
[2026-09-21 14:42:44.200 -0400] [32mINFO[39m:
    [35mevent[39m: "database_migration"
    [35mmessage[39m: "### MIGRATION 0004_chronicle_job_deduplication (UP) ###"
[2026-09-21 14:42:44.201 -0400] [32mINFO[39m:
    [35mevent[39m: "database_migration"
    [35mmessage[39m: "### MIGRATION 0005_story_engine (UP) ###"
[2026-09-21 14:42:44.208 -0400] [32mINFO[39m:
    [35mevent[39m: "database_migration"
    [35mmessage[39m: "### MIGRATION 0006_typed_story_orchestration (UP) ###"
[2026-09-21 14:42:44.210 -0400] [32mINFO[39m:
    [35mevent[39m: "database_migration"
    [35mmessage[39m: "### MIGRATION 0007_semantic_chronicle (UP) ###"
[2026-09-21 14:42:44.214 -0400] [32mINFO[39m:
    [35mevent[39m: "database_migration"
    [35mmessage[39m: "### MIGRATION 0008_world_library (UP) ###"
[2026-09-21 14:42:44.219 -0400] [32mINFO[39m:
    [35mevent[39m: "database_migration"
    [35mmessage[39m: "### MIGRATION 0009_illustration_pipeline (UP) ###"
[2026-09-21 14:42:44.225 -0400] [32mINFO[39m:
    [35mevent[39m: "database_migration"
    [35mmessage[39m: "### MIGRATION 0010_provider_profile_defaults (UP) ###"
[2026-09-21 14:42:44.227 -0400] [32mINFO[39m:
    [35mevent[39m: "database_migration"
    [35mmessage[39m: "### MIGRATION 0011_embedding_model_default (UP) ###"
[2026-09-21 14:42:44.228 -0400] [32mINFO[39m:
    [35mevent[39m: "database_migration"
    [35mmessage[39m: "### MIGRATION 0012_dynamic_chronicle (UP) ###"
[2026-09-21 14:42:44.230 -0400] [32mINFO[39m:
    [35mevent[39m: "database_migration"
    [35mmessage[39m: "### MIGRATION 0013_campaign_story_length (UP) ###"
[2026-09-21 14:42:44.232 -0400] [32mINFO[39m:
    [35mevent[39m: "database_migration"
    [35mmessage[39m: "### MIGRATION 0014_generation_progress (UP) ###"
[2026-09-21 14:42:44.234 -0400] [32mINFO[39m:
    [35mevent[39m: "database_migration"
    [35mmessage[39m: "### MIGRATION 0015_campaign_cost_events (UP) ###"
[2026-09-21 14:42:44.238 -0400] [32mINFO[39m:
    [35mevent[39m: "database_migration"
    [35mmessage[39m: "### MIGRATION 0016_provider_request_timeout (UP) ###"
[2026-09-21 14:42:44.239 -0400] [32mINFO[39m:
    [35mevent[39m: "database_migration"
    [35mmessage[39m: "### MIGRATION 0017_campaign_characters (UP) ###"
[2026-09-21 14:42:44.241 -0400] [32mINFO[39m:
    [35mevent[39m: "database_migration"
    [35mmessage[39m: "### MIGRATION 0018_initial_state_snapshot (UP) ###"
[2026-09-21 14:42:44.242 -0400] [32mINFO[39m:
    [35mevent[39m: "database_migration"
    [35mmessage[39m: "### MIGRATION 0019_multi_tenant_hardening (UP) ###"
[2026-09-21 14:42:44.247 -0400] [32mINFO[39m:
    [35mevent[39m: "database_migration"
    [35mmessage[39m: "### MIGRATION 0020_user_settings (UP) ###"
[2026-09-21 14:42:44.249 -0400] [32mINFO[39m:
    [35mevent[39m: "database_migration"
    [35mmessage[39m: "### MIGRATION 0021_world_version_deletion (UP) ###"
[2026-09-21 14:42:44.253 -0400] [32mINFO[39m:
    [35mevent[39m: "database_migration"
    [35mmessage[39m: "### MIGRATION 0022_campaign_state_revisions (UP) ###"
[2026-09-21 14:42:44.255 -0400] [32mINFO[39m:
    [35mevent[39m: "database_migration"
    [35mmessage[39m: "### MIGRATION 0023_durable_generation_replacement (UP) ###"
[2026-09-21 14:42:44.259 -0400] [32mINFO[39m:
    [35mevent[39m: "database_migration"
    [35mmessage[39m: "### MIGRATION 0024_structured_canonical_facts (UP) ###"
[2026-09-21 14:42:44.262 -0400] [32mINFO[39m:
    [35mevent[39m: "database_migration"
    [35mmessage[39m: "### MIGRATION 0025_asset_reference_lifecycle (UP) ###"
[2026-09-21 14:42:44.264 -0400] [32mINFO[39m:
    [35mevent[39m: "database_migration"
    [35mmessage[39m: "### MIGRATION 0026_campaign_world_transfers (UP) ###"
[2026-09-21 14:42:44.268 -0400] [32mINFO[39m:
    [35mevent[39m: "database_migration"
    [35mmessage[39m: "### MIGRATION 0027_turn_intent_provider_role (UP) ###"
[2026-09-21 14:42:44.269 -0400] [32mINFO[39m:
    [35mevent[39m: "database_migration"
    [35mmessage[39m: "### MIGRATION 0028_turn_input_modes (UP) ###"
[2026-09-21 14:42:44.274 -0400] [32mINFO[39m:
    [35mevent[39m: "database_migration"
    [35mmessage[39m: "### MIGRATION 0029_durable_image_provider_jobs (UP) ###"
[2026-09-21 14:42:44.277 -0400] [32mINFO[39m:
    [35mevent[39m: "database_migration"
    [35mmessage[39m: "### MIGRATION 0030_world_cover_image_jobs (UP) ###"
[2026-09-21 14:42:44.281 -0400] [32mINFO[39m:
    [35mevent[39m: "database_migration"
    [35mmessage[39m: "### MIGRATION 0031_context_aware_image_library (UP) ###"
[2026-09-21 14:42:44.293 -0400] [32mINFO[39m:
    [35mevent[39m: "database_migration"
    [35mmessage[39m: "### MIGRATION 0032_sogni_sdk_provider (UP) ###"
[2026-09-21 14:42:44.295 -0400] [32mINFO[39m:
    [35mevent[39m: "database_migration"
    [35mmessage[39m: "### MIGRATION 0033_segmented_turn_illustrations (UP) ###"
[2026-09-21 14:42:44.306 -0400] [32mINFO[39m:
    [35mevent[39m: "database_migration"
    [35mmessage[39m: "### MIGRATION 0034_campaign_illustration_refinement_instructions (UP) ###"
[2026-09-21 14:42:44.308 -0400] [32mINFO[39m:
    [35mevent[39m: "database_migration"
    [35mmessage[39m: "### MIGRATION 0035_campaign_illustration_refinement_prompt (UP) ###"
[2026-09-21 14:42:44.309 -0400] [32mINFO[39m:
    [35mevent[39m: "database_migration"
    [35mmessage[39m: "### MIGRATION 0036_structured_character_profiles (UP) ###"
[2026-09-21 14:42:44.312 -0400] [32mINFO[39m:
    [35mevent[39m: "database_migration"
    [35mmessage[39m: "### MIGRATION 0037_prompt_library (UP) ###"
[2026-09-21 14:42:44.316 -0400] [32mINFO[39m:
    [35mevent[39m: "database_migration"
    [35mmessage[39m: "### MIGRATION 0038_prompt_library_hardening (UP) ###"
[2026-09-21 14:42:44.318 -0400] [32mINFO[39m:
    [35mevent[39m: "database_migration"
    [35mmessage[39m: "### MIGRATION 0039_chronicle_entity_identity (UP) ###"
[2026-09-21 14:42:44.319 -0400] [32mINFO[39m:
    [35mevent[39m: "database_migration"
    [35mmessage[39m: "### MIGRATION 0040_streaming_illustration_pipeline (UP) ###"
[2026-09-21 14:42:44.324 -0400] [32mINFO[39m:
    [35mevent[39m: "database_migration"
    [35mmessage[39m: "### MIGRATION 0041_allow_streaming_asset_contexts (UP) ###"
[2026-09-21 14:42:44.326 -0400] [32mINFO[39m:
    [35mevent[39m: "database_migration"
    [35mmessage[39m: "### MIGRATION 0042_json_illustration_refinement_prompt (UP) ###"
[2026-09-21 14:42:44.327 -0400] [32mINFO[39m:
    [35mevent[39m: "database_migration"
    [35mmessage[39m: "### MIGRATION 0043_world_generation_progress (UP) ###"
[2026-09-21 14:42:44.330 -0400] [32mINFO[39m:
    [35mevent[39m: "database_migration"
    [35mmessage[39m: "### MIGRATION 0044_api_admission_control (UP) ###"
[2026-09-21 14:42:44.333 -0400] [32mINFO[39m:
    [35mevent[39m: "database_migration"
    [35mmessage[39m: "### MIGRATION 0045_archive_previews (UP) ###"
[2026-09-21 14:42:44.337 -0400] [32mINFO[39m:
    [35mevent[39m: "database_migration"
    [35mmessage[39m: "### MIGRATION 0046_archive_preview_superseded (UP) ###"
[2026-09-21 14:42:44.338 -0400] [32mINFO[39m:
    [35mevent[39m: "database_migration"
    [35mmessage[39m: "### MIGRATION 0047_full_campaign_state_corrections (UP) ###"
[2026-09-21 14:42:44.341 -0400] [32mINFO[39m:
    [35mevent[39m: "database_migration"
    [35mmessage[39m: "### MIGRATION 0048_cascade_streaming_image_jobs (UP) ###"
[2026-09-21 14:42:44.343 -0400] [32mINFO[39m:
    [35mevent[39m: "database_migration"
    [35mmessage[39m: "### MIGRATION 0049_cancelled_generation_jobs (UP) ###"
[2026-09-21 14:42:44.344 -0400] [32mINFO[39m:
    [35mevent[39m: "database_migration"
    [35mmessage[39m: "### MIGRATION 0050_cancel_provisional_illustration_children (UP) ###"
[2026-09-21 14:42:44.346 -0400] [32mINFO[39m:
    [35mevent[39m: "database_migration"
    [35mmessage[39m: "### MIGRATION 0051_preserve_replacement_turn_provenance (UP) ###"
[2026-09-21 14:42:44.347 -0400] [32mINFO[39m:
    [35mevent[39m: "database_migration"
    [35mmessage[39m: "### MIGRATION 0052_generation_job_notifications (UP) ###"
[2026-09-21 14:42:44.349 -0400] [32mINFO[39m:
    [35mevent[39m: "database_migration"
    [35mmessage[39m: "### MIGRATION 0053_durable_asset_portable_operations (UP) ###"
[2026-09-21 14:42:44.365 -0400] [32mINFO[39m:
    [35mevent[39m: "database_migration"
    [35mmessage[39m: "### MIGRATION 0054_private_filesystem_authority (UP) ###"
[2026-09-21 14:42:44.374 -0400] [32mINFO[39m:
    [35mevent[39m: "database_migration"
    [35mmessage[39m: "### MIGRATION 0055_private_portable_repository_guards (UP) ###"
[2026-09-21 14:42:44.377 -0400] [32mINFO[39m:
    [35mevent[39m: "database_migration"
    [35mmessage[39m: "### MIGRATION 0056_private_filesystem_current_clock (UP) ###"
[2026-09-21 14:42:44.378 -0400] [32mINFO[39m:
    [35mevent[39m: "database_migration"
    [35mmessage[39m: "### MIGRATION 0057_finalized_asset_delivery_authority (UP) ###"
[2026-09-21 14:42:44.384 -0400] [32mINFO[39m:
    [35mevent[39m: "database_migration"
    [35mmessage[39m: "### MIGRATION 0058_secure_storage_lifecycle (UP) ###"
[2026-09-21 14:42:44.387 -0400] [32mINFO[39m:
    [35mevent[39m: "database_migration"
    [35mmessage[39m: "### MIGRATION 0059_secure_storage_target_intent (UP) ###"
[2026-09-21 14:42:44.390 -0400] [32mINFO[39m:
    [35mevent[39m: "database_migration"
    [35mmessage[39m: "### MIGRATION 0060_asset_publication_identities (UP) ###"
[2026-09-21 14:42:44.394 -0400] [32mINFO[39m:
    [35mevent[39m: "database_migration"
    [35mmessage[39m: "### MIGRATION 0061_portable_import_composition (UP) ###"
[2026-09-21 14:42:44.398 -0400] [32mINFO[39m:
    [35mevent[39m: "database_migration"
    [35mmessage[39m: "### MIGRATION 0062_portable_import_asset_publications (UP) ###"
[2026-09-21 14:42:44.402 -0400] [32mINFO[39m:
    [35mevent[39m: "database_migration"
    [35mmessage[39m: "### MIGRATION 0063_portable_legacy_story_asset_publications (UP) ###"
[2026-09-21 14:42:44.403 -0400] [32mINFO[39m:
    [35mevent[39m: "database_migration"
    [35mmessage[39m: "### MIGRATION 0064_normalized_asset_publication_requests (UP) ###"
[2026-09-21 14:42:44.415 -0400] [32mINFO[39m:
    [35mevent[39m: "database_migration"
    [35mmessage[39m: "### MIGRATION 0065_illustration_asset_publications (UP) ###"
[2026-09-21 14:42:44.419 -0400] [32mINFO[39m:
    [35mevent[39m: "database_migration"
    [35mmessage[39m: "### MIGRATION 0066_portable_normalized_asset_publications (UP) ###"
[2026-09-21 14:42:44.428 -0400] [32mINFO[39m:
    [35mevent[39m: "database_migration"
    [35mmessage[39m: "### MIGRATION 0067_asset_metadata_backfill_executor (UP) ###"
[2026-09-21 14:42:44.430 -0400] [32mINFO[39m:
    [35mevent[39m: "database_migration"
    [35mmessage[39m: "### MIGRATION 0068_portable_legacy_story_create_world (UP) ###"
[2026-09-21 14:42:44.432 -0400] [32mINFO[39m:
    [35mevent[39m: "database_migration"
    [35mmessage[39m: "### MIGRATION 0069_import_progress_status (UP) ###"
[2026-09-21 14:42:44.435 -0400] [32mINFO[39m:
    [35mevent[39m: "database_migration"
    [35mmessage[39m: "### MIGRATION 0070_turn_narration_corrections (UP) ###"
[2026-09-21 14:42:44.438 -0400] [32mINFO[39m:
    [35mevent[39m: "database_migration"
    [35mmessage[39m: "### MIGRATION 0071_world_share_links (UP) ###"
[2026-09-21 14:42:44.440 -0400] [32mINFO[39m:
    [35mevent[39m: "database_migration"
    [35mmessage[39m: "### MIGRATION 0072_chronicle_memory_chunks (UP) ###"
[2026-09-21 14:42:44.449 -0400] [32mINFO[39m:
    [35mevent[39m: "database_migration"
    [35mmessage[39m: "### MIGRATION 0073_chronicle_chunk_job_fencing (UP) ###"
[2026-09-21 14:42:44.451 -0400] [32mINFO[39m:
    [35mevent[39m: "database_migration"
    [35mmessage[39m: "### MIGRATION 0074_chronicle_retrieval_observability (UP) ###"
[2026-09-21 14:42:44.455 -0400] [32mINFO[39m:
    [35mevent[39m: "database_migration"
    [35mmessage[39m: "### MIGRATION 0075_chronicle_query_embedding_cache (UP) ###"
[2026-09-21 14:42:44.458 -0400] [32mINFO[39m:
    [35mevent[39m: "database_migration"
    [35mmessage[39m: "### MIGRATION 0076_chronicle_chunk_skip_reasons (UP) ###"
[2026-09-21 14:42:44.459 -0400] [32mINFO[39m:
    [35mevent[39m: "database_migration"
    [35mmessage[39m: "### MIGRATION 0077_chronicle_chunk_processed_signature (UP) ###"
[2026-09-21 14:42:44.461 -0400] [32mINFO[39m:
    [35mevent[39m: "database_migration"
    [35mmessage[39m: "### MIGRATION 0078_system_archive_jobs (UP) ###"
[2026-09-21 14:42:44.472 -0400] [32mINFO[39m:
    [35mevent[39m: "database_migration"
    [35mmessage[39m: "### MIGRATION 0079_resumable_system_archive_uploads (UP) ###"
[2026-09-21 14:42:44.478 -0400] [32mINFO[39m:
    [35mevent[39m: "database_migration"
    [35mmessage[39m: "### MIGRATION 0080_published_asset_derivative_reservations (UP) ###"
[2026-09-21 14:42:44.479 -0400] [32mINFO[39m:
    [35mevent[39m: "database_migration"
    [35mmessage[39m: "### MIGRATION 0081_campaign_story_context_budget (UP) ###"
[2026-09-21 14:42:44.481 -0400] [32mINFO[39m:
    [35mevent[39m: "database_migration"
    [35mmessage[39m: "### MIGRATION 0082_turn_zero_state_correction_facts (UP) ###"
[2026-09-21 14:42:44.482 -0400] [32mINFO[39m:
    [35mevent[39m: "database_migration"
    [35mmessage[39m: "### MIGRATION 0083_cleaned_campaign_export_deletion (UP) ###"
[2026-09-21 14:42:44.484 -0400] [32mINFO[39m:
    [35mevent[39m: "database_migration"
    [35mmessage[39m: "### MIGRATION 0084_generation_authority_identity (UP) ###"
[2026-09-21 14:42:44.485 -0400] [32mINFO[39m:
    [35mevent[39m: "database_migration"
    [35mmessage[39m: "### MIGRATION 0085_prompt_override_compatibility_acknowledgements (UP) ###"
[2026-09-21 14:42:44.486 -0400] [32mINFO[39m:
    [35mevent[39m: "database_migration"
    [35mmessage[39m: "### MIGRATION 0086_prompt_override_protocol_acknowledgements (UP) ###"
[2026-09-21 14:42:44.488 -0400] [32mINFO[39m:
    [35mevent[39m: "database_migration"
    [35mmessage[39m: "### MIGRATION 0087_chronicle_query_cache_access_sequence (UP) ###"
[2026-09-21 14:42:44.490 -0400] [32mINFO[39m:
    [35mevent[39m: "database_migration"
    [35mmessage[39m: "### MIGRATION 0088_expand_campaign_story_context_budget (UP) ###"
[2026-09-21 14:42:44.491 -0400] [32mINFO[39m:
    [35mevent[39m: "database_migration"
    [35mmessage[39m: "### MIGRATION 0089_authoring_jobs (UP) ###"
[2026-09-21 14:42:44.496 -0400] [32mINFO[39m:
    [35mevent[39m: "database_migration"
    [35mmessage[39m: "### MIGRATION 0090_authoring_apply_review_selection (UP) ###"
[2026-09-21 14:42:44.497 -0400] [32mINFO[39m:
    [35mevent[39m: "database_migration"
    [35mmessage[39m: "### MIGRATION 0091_story_source_authoring (UP) ###"
[2026-09-21 14:42:44.499 -0400] [32mINFO[39m:
    [35mevent[39m: "database_migration"
    [35mmessage[39m: "### MIGRATION 0092_source_synthesis_review_fence (UP) ###"
[2026-09-21 14:42:44.500 -0400] [32mINFO[39m:
    [35mevent[39m: "database_migration"
    [35mmessage[39m: "### MIGRATION 0093_portable_source_material_authority_paths (UP) ###"
[2026-09-21 14:42:44.501 -0400] [32mINFO[39m:
    [35mevent[39m: "database_migration"
    [35mmessage[39m: "### MIGRATION 0094_story_generation_policy (UP) ###"
[2026-09-21 14:42:44.503 -0400] [32mINFO[39m:
    [35mevent[39m: "database_migration"
    [35mmessage[39m: "### MIGRATION 0095_story_memory_capability_enrollment (UP) ###"
[2026-09-21 14:42:44.506 -0400] [32mINFO[39m:
    [35mevent[39m: "database_migration"
    [35mmessage[39m: "### MIGRATION 0096_campaign_memory_defaults (UP) ###"
[2026-09-21 14:42:44.507 -0400] [32mINFO[39m:
    [35mevent[39m: "database_migration"
    [35mmessage[39m: "### MIGRATION 0097_provider_text_selection (UP) ###"
[2026-09-21 14:42:44.508 -0400] [32mINFO[39m:
    [35mevent[39m: "database_migration"
    [35mmessage[39m: "### MIGRATION 0098_illustration_text_execution_snapshot (UP) ###"
[2026-09-21 14:42:44.510 -0400] [32mINFO[39m:
    [35mevent[39m: "database_migration"
    [35mmessage[39m: "### MIGRATION 0099_worker_text_plan_protocol_fences (UP) ###"
[2026-09-21 14:42:44.514 -0400] [32mINFO[39m:
    [35mevent[39m: "database_migration"
    [35mmessage[39m: "### MIGRATION 0100_prepared_text_physical_attempts (UP) ###"
[2026-09-21 14:42:44.517 -0400] [32mINFO[39m:
    [35mevent[39m: "database_migration"
    [35mmessage[39m: "### MIGRATION 0101_durable_campaign_physical_attempt_costs (UP) ###"
[2026-09-21 14:42:44.773 -0400] [32mINFO[39m: [36mincoming request[39m
    [35mreqId[39m: "0a59dfe3-10de-4869-b687-26cb512cc0f9"
    [35mreq[39m: {
      "method": "GET",
      "url": "/api/v1/campaigns/706a2e5d-3986-448f-937c-3eec1e40597a/export",
      "host": "localhost:80",
      "remoteAddress": "127.0.0.1"
    }
[2026-09-21 14:42:44.776 -0400] [31mERROR[39m: [36mrequest_failed[39m
    [35mreqId[39m: "0a59dfe3-10de-4869-b687-26cb512cc0f9"
    [35mcode[39m: 404
    err: {
      "type": "Error",
      "message": "Campaign not found.",
      "stack":
          Error: Campaign not found.
              at Object.<anonymous> (C:/Users/chris/.codex/worktrees/native-openrouter-presets/InfiniteQuest/services/api/src/archive-routes.ts:413:40)
              at processTicksAndRejections (node:internal/process/task_queues:104:5)
      "statusCode": 404,
      "expose": true
    }
[2026-09-21 14:42:44.778 -0400] [32mINFO[39m: [36mrequest completed[39m
    [35mreqId[39m: "0a59dfe3-10de-4869-b687-26cb512cc0f9"
    [35mres[39m: {
      "statusCode": 404
    }
    [35mresponseTime[39m: 4.44179999999983
[2026-09-21 14:42:44.787 -0400] [32mINFO[39m: [36mincoming request[39m
    [35mreqId[39m: "825e226e-1cd0-4bd2-9f44-140051df974f"
    [35mreq[39m: {
      "method": "POST",
      "url": "/api/v1/imports/campaign-archive/preview",
      "host": "localhost:80",
      "remoteAddress": "127.0.0.1"
    }
[2026-09-21 14:42:44.799 -0400] [31mERROR[39m: [36mrequest_failed[39m
    [35mreqId[39m: "825e226e-1cd0-4bd2-9f44-140051df974f"
    [35mcode[39m: 400
    err: {
      "type": "ArchiveError",
      "message": "The uploaded file is not a recognized ZIP archive.",
      "stack":
          ArchiveError: The uploaded file is not a recognized ZIP archive.
              at archiveError (C:/Users/chris/.codex/worktrees/native-openrouter-presets/InfiniteQuest/services/api/src/archive-io.ts:88:31)
              at preflightZipMetadata (C:/Users/chris/.codex/worktrees/native-openrouter-presets/InfiniteQuest/services/api/src/archive-io.ts:624:11)
              at openArchiveFromHandle (C:/Users/chris/.codex/worktrees/native-openrouter-presets/InfiniteQuest/services/api/src/archive-io.ts:748:9)
              at C:/Users/chris/.codex/worktrees/native-openrouter-presets/InfiniteQuest/services/api/src/archive-io.ts:1016:29
              at withVerifiedStagedArchive (C:/Users/chris/.codex/worktrees/native-openrouter-presets/InfiniteQuest/services/api/src/archive-io.ts:916:20)
              at receiveCampaignArchive (C:/Users/chris/.codex/worktrees/native-openrouter-presets/InfiniteQuest/services/api/src/archive-routes.ts:291:9)
              at Object.<anonymous> (C:/Users/chris/.codex/worktrees/native-openrouter-presets/InfiniteQuest/services/api/src/archive-routes.ts:431:20)
      "code": "archive-format-unrecognized",
      "statusCode": 400,
      "expose": true,
      "name": "ArchiveError"
    }
[2026-09-21 14:42:44.799 -0400] [32mINFO[39m: [36mrequest completed[39m
    [35mreqId[39m: "825e226e-1cd0-4bd2-9f44-140051df974f"
    [35mres[39m: {
      "statusCode": 400
    }
    [35mresponseTime[39m: 11.95439999999985
[2026-09-21 14:42:44.807 -0400] [32mINFO[39m: [36mincoming request[39m
    [35mreqId[39m: "58bc1e5d-b612-4965-9d41-916fbf5ffc02"
    [35mreq[39m: {
      "method": "POST",
      "url": "/api/v1/imports/legacy-story",
      "host": "localhost:80",
      "remoteAddress": "127.0.0.1"
    }
[2026-09-21 14:42:44.832 -0400] [32mINFO[39m: [36mrequest completed[39m
    [35mreqId[39m: "58bc1e5d-b612-4965-9d41-916fbf5ffc02"
    [35mres[39m: {
      "statusCode": 201
    }
    [35mresponseTime[39m: 25.134399999999914

 Test Files  5 passed (5)
      Tests  125 passed | 41 skipped (166)
   Start at  14:42:17
   Duration  27.00s (transform 1.89s, setup 322ms, import 6.08s, tests 20.03s, environment 0ms)
